batch_then_drain 16384 23
I      11616         0
I       4653         1
I       6656         2
I       8060         3
I       8725         4
I        501         5
I      11089         6
I      15607         7
I       5589         8
I      12167         9
I      11731        10
I       7826        11
I      15642        12
I        557        13
I       5357        14
I      12110        15
I      14755        16
I       5499        17
I      15269        18
I       5118        19
I       1626        20
I       5716        21
I      14994        22
I       4508        23
I       2258        24
I      10297        25
I       1212        26
I       5185        27
I       6927        28
I       8668        29
I      15116        30
I      10359        31
I       3258        32
I       7558        33
I        487        34
I         34        35
I       7877        36
I      12807        37
I       2355        38
I       5886        39
I       4347        40
I      10332        41
I       8992        42
I      15904        43
I       2966        44
I        507        45
I      15945        46
I      11320        47
I      11691        48
I       7480        49
I        121        50
I       5401        51
I       8862        52
I       6694        53
I       9608        54
I      13266        55
I       7170        56
I       8548        57
I      14190        58
I       5099        59
I      13977        60
I       7581        61
I       3306        62
I       4615        63
I       2142        64
I       1299        65
I       3355        66
I       5290        67
I       3370        68
I       9376        69
I       8313        70
I         57        71
I      12900        72
I       1295        73
I       1693        74
I      13287        75
I      11215        76
I       6379        77
I      10531        78
I       2706        79
I       9996        80
I       8498        81
I      15606        82
I       6502        83
I       9191        84
I       9954        85
I      13361        86
I       7896        87
I      14800        88
I       4344        89
I      10007        90
I      15309        91
I      14898        92
I       2637        93
I      14433        94
I        714        95
I      12152        96
I       4332        97
I       9553        98
I       7724        99
I      10766       100
I       6972       101
I      16100       102
I       8391       103
I      10073       104
I      13421       105
I      12250       106
I      10811       107
I       1102       108
I       5473       109
I      15761       110
I       1127       111
I       4671       112
I      14432       113
I      11675       114
I      12797       115
I        741       116
I      13440       117
I      15702       118
I       3017       119
I       3845       120
I       8821       121
I      11082       122
I      10515       123
I       6770       124
I      12421       125
I       1148       126
I      15262       127
I      12857       128
I       9382       129
I      15983       130
I       9272       131
I       1069       132
I      10701       133
I       6177       134
I      14026       135
I      16156       136
I      15045       137
I       9650       138
I       5146       139
I      12641       140
I       5145       141
I       7637       142
I       8427       143
I       5051       144
I      14090       145
I       5532       146
I       7290       147
I       2974       148
I      15650       149
I      12881       150
I      11790       151
I      11742       152
I       8241       153
I      12815       154
I      12307       155
I      10673       156
I       7910       157
I      10499       158
I      10498       159
I       2288       160
I      11989       161
I         14       162
I      12862       163
I       6691       164
I      11409       165
I      10420       166
I       8258       167
I      11152       168
I      15463       169
I       9908       170
I      10510       171
I      12618       172
I       7286       173
I       3216       174
I       9629       175
I       9833       176
I       8365       177
I       5361       178
I      14984       179
I       3503       180
I       6319       181
I      13837       182
I       5018       183
I       7121       184
I       4814       185
I      14617       186
I       6281       187
I       6100       188
I       8641       189
I       4225       190
I      15916       191
I       9197       192
I       9766       193
I      13181       194
I       4210       195
I       9720       196
I      11386       197
I        776       198
I       2391       199
I       5447       200
I       3491       201
I       3666       202
I       9689       203
I       5557       204
I      13033       205
I        684       206
I       2112       207
I       5349       208
I       9128       209
I       7120       210
I      13926       211
I       3870       212
I      14174       213
I      15793       214
I      12270       215
I       3491       216
I       3227       217
I       9947       218
I       4626       219
I       8374       220
I        559       221
I        651       222
I      15872       223
I       8962       224
I       5050       225
I       5982       226
I       3070       227
I       4952       228
I      15401       229
I      13188       230
I       1004       231
I      12709       232
I      14206       233
I       1330       234
I      14818       235
I       5722       236
I       8536       237
I      12982       238
I      15230       239
I       7385       240
I        440       241
I       5984       242
I      16139       243
I      10412       244
I       5683       245
I       4634       246
I       7846       247
I       7007       248
I      15488       249
I       4891       250
I       3200       251
I      12669       252
I       2798       253
I      13404       254
I        111       255
I       2992       256
I      16195       257
I       6989       258
I      15588       259
I       9648       260
I      12051       261
I       5303       262
I      12697       263
I      13511       264
I       3907       265
I       7565       266
I       7809       267
I       9596       268
I      15022       269
I      13645       270
I       4383       271
I      16262       272
I       3002       273
I      15090       274
I      13494       275
I       1281       276
I        948       277
I      15914       278
I       2253       279
I       4296       280
I       5494       281
I      15768       282
I      12353       283
I       2248       284
I       1556       285
I       2202       286
I       2696       287
I       8810       288
I      13214       289
I       6070       290
I       9236       291
I       9355       292
I      13586       293
I      10274       294
I      14589       295
I      10701       296
I       9516       297
I       4603       298
I      10537       299
I       6806       300
I      10195       301
I      10577       302
I       2303       303
I       8515       304
I       4632       305
I      12459       306
I       8399       307
I      15150       308
I       6276       309
I      15221       310
I       2747       311
I        214       312
I       6570       313
I      11992       314
I      15999       315
I      12772       316
I       1442       317
I      15389       318
I       1212       319
I       7740       320
I       2316       321
I      16327       322
I       5223       323
I       1788       324
I      13537       325
I       7231       326
I      15413       327
I      13950       328
I       7077       329
I      13179       330
I        857       331
I        110       332
I       7364       333
I      14964       334
I      10617       335
I        506       336
I      11543       337
I       1482       338
I        703       339
I      12802       340
I       3175       341
I       3083       342
I       1827       343
I      14855       344
I        138       345
I      15380       346
I       7781       347
I       6559       348
I       7374       349
I       3548       350
I       6647       351
I      13821       352
I      13197       353
I       6912       354
I       8880       355
I       5990       356
I       6957       357
I      10809       358
I      12718       359
I       5069       360
I       6785       361
I       5301       362
I       5170       363
I       9355       364
I      16234       365
I       1568       366
I      12916       367
I       2657       368
I       2945       369
I      16196       370
I       5214       371
I       4918       372
I      12140       373
I      14298       374
I       5369       375
I      10928       376
I       1860       377
I      13938       378
I         92       379
I      15802       380
I       8011       381
I       1800       382
I       2488       383
I      15714       384
I       5096       385
I       4134       386
I      14145       387
I        863       388
I       9046       389
I       9559       390
I      15312       391
I       4188       392
I       8782       393
I       3841       394
I       7308       395
I       7817       396
I      15138       397
I      14452       398
I      16375       399
I      14959       400
I       3839       401
I       4173       402
I        558       403
I       6573       404
I      13096       405
I      11005       406
I       3260       407
I       7444       408
I         78       409
I       5262       410
I       7170       411
I       8846       412
I      14072       413
I        885       414
I       1882       415
I       9167       416
I      15520       417
I       8148       418
I       1234       419
I       3903       420
I      15570       421
I      11816       422
I       7192       423
I      14548       424
I       6395       425
I       6203       426
I       5469       427
I       6808       428
I       1390       429
I       1523       430
I       3181       431
I       7186       432
I      11069       433
I       1683       434
I       4025       435
I      14954       436
I      15158       437
I       9380       438
I        846       439
I       2213       440
I       8567       441
I        105       442
I       5681       443
I      13052       444
I      12392       445
I      11898       446
I       7365       447
I       6761       448
I       8575       449
I       7538       450
I       6876       451
I       3048       452
I      15720       453
I      14508       454
I      12772       455
I      10790       456
I       3512       457
I       8195       458
I        498       459
I       5120       460
I       6136       461
I      15197       462
I       7398       463
I       9984       464
I       5130       465
I       9217       466
I       1795       467
I      12210       468
I       7735       469
I       2657       470
I      12334       471
I      13479       472
I       2564       473
I        588       474
I      13986       475
I       4267       476
I      13115       477
I       8853       478
I      11791       479
I       7106       480
I      11126       481
I       2989       482
I       9270       483
I      12381       484
I      16303       485
I       9785       486
I       6209       487
I      12569       488
I      13126       489
I       4063       490
I      10298       491
I       9580       492
I       7068       493
I       6877       494
I       9320       495
I       5447       496
I      10926       497
I      12941       498
I      10524       499
I       6166       500
I       2029       501
I      10777       502
I       3353       503
I       1685       504
I       7798       505
I      12799       506
I       4201       507
I      14799       508
I      15425       509
I       7329       510
I      14010       511
I        441       512
I      10490       513
I       6798       514
I      15860       515
I       6697       516
I      10696       517
I       5216       518
I        690       519
I      14573       520
I       1756       521
I      11975       522
I       1862       523
I       8235       524
I      10819       525
I       1125       526
I      11256       527
I       2780       528
I      13635       529
I       8395       530
I      15180       531
I       3453       532
I      14181       533
I      14360       534
I       9952       535
I      12200       536
I       3893       537
I       6317       538
I       8511       539
I      13697       540
I       3256       541
I       1959       542
I      11188       543
I       7797       544
I      10908       545
I      15522       546
I      13517       547
I       6915       548
I       5967       549
I        478       550
I      14607       551
I       6821       552
I       4320       553
I        627       554
I      13758       555
I      16133       556
I      11537       557
I      10923       558
I       3904       559
I      11658       560
I      11710       561
I       7044       562
I      16288       563
I      14817       564
I      15634       565
I       5320       566
I        832       567
I       3926       568
I      13000       569
I      10424       570
I       9412       571
I      13544       572
I        945       573
I       1911       574
I      13399       575
I       7917       576
I       9286       577
I      10296       578
I       1922       579
I      16375       580
I        744       581
I       6768       582
I       8832       583
I      10956       584
I      13620       585
I      15330       586
I       1717       587
I      14115       588
I       2996       589
I      12133       590
I       2961       591
I        780       592
I       4833       593
I      13705       594
I      12305       595
I      11214       596
I       8707       597
I      10821       598
I      11156       599
I      14550       600
I       1197       601
I      10337       602
I      14781       603
I      12832       604
I        143       605
I       5214       606
I       7758       607
I       8488       608
I      14023       609
I      10942       610
I      14829       611
I       6448       612
I       3869       613
I      10041       614
I       8028       615
I       1585       616
I      14758       617
I       5073       618
I       7422       619
I       2251       620
I       6940       621
I      13359       622
I        182       623
I      16086       624
I       3416       625
I      12028       626
I      12677       627
I        988       628
I      15906       629
I      11689       630
I       3593       631
I      13813       632
I       2825       633
I       5501       634
I      11230       635
I       1968       636
I       8810       637
I       4758       638
I      13766       639
I       8798       640
I      13714       641
I       7951       642
I       3538       643
I      10353       644
I       4678       645
I       5627       646
I      11232       647
I       8459       648
I       8439       649
I       7337       650
I       5177       651
I       4595       652
I       7227       653
I       2127       654
I       7235       655
I       3647       656
I       4200       657
I      13371       658
I      11704       659
I       2217       660
I      15392       661
I      10014       662
I       5489       663
I       4067       664
I       3027       665
I        121       666
I       6817       667
I      13636       668
I       8443       669
I      13321       670
I      15822       671
I       8403       672
I       5786       673
I       2905       674
I      13207       675
I      12760       676
I       4541       677
I       7713       678
I       6736       679
I       3447       680
I      13196       681
I       8953       682
I       1917       683
I        174       684
I        664       685
I      12605       686
I       9551       687
I       5860       688
I      15962       689
I       2673       690
I       2945       691
I       6673       692
I       5249       693
I       6618       694
I       1806       695
I       5258       696
I      10016       697
I       1867       698
I      13972       699
I       4533       700
I       5816       701
I      13993       702
I       9570       703
I       8357       704
I       9267       705
I       6256       706
I       7887       707
I      14436       708
I       5616       709
I      13185       710
I      10945       711
I       5761       712
I       1705       713
I        487       714
I       4415       715
I       7326       716
I       6250       717
I       4211       718
I        423       719
I       9732       720
I       3773       721
I      11095       722
I      13105       723
I       8007       724
I       6513       725
I       3852       726
I      12699       727
I       6234       728
I       3843       729
I       2095       730
I      15113       731
I       3980       732
I      12590       733
I       4966       734
I        793       735
I       8300       736
I      16229       737
I       4818       738
I      15113       739
I       4793       740
I      16137       741
I      12137       742
I      15635       743
I      12496       744
I       6927       745
I       3890       746
I      10662       747
I      14750       748
I       5624       749
I      11456       750
I       9523       751
I      11216       752
I       8503       753
I       8665       754
I       2603       755
I       3523       756
I      13526       757
I       2716       758
I      10009       759
I       8278       760
I       7161       761
I      10758       762
I       8861       763
I       3247       764
I      15007       765
I      15047       766
I       2747       767
I       6553       768
I       2438       769
I      13811       770
I       2702       771
I      14874       772
I       6599       773
I      14709       774
I      10022       775
I      15295       776
I      11040       777
I       7289       778
I       9155       779
I         89       780
I         75       781
I       4562       782
I        333       783
I      11625       784
I       3274       785
I       8661       786
I       8543       787
I      14909       788
I       1807       789
I      10471       790
I      16172       791
I       1382       792
I      15580       793
I      10989       794
I       4599       795
I      10927       796
I      15376       797
I      11227       798
I      15201       799
I      13897       800
I      12813       801
I       1543       802
I       5526       803
I       3825       804
I      15873       805
I       2403       806
I      13636       807
I      12970       808
I        236       809
I       3540       810
I      13374       811
I        933       812
I       4018       813
I        536       814
I      15839       815
I      12942       816
I      16302       817
I       4989       818
I      14207       819
I       9864       820
I      10148       821
I      12708       822
I       9759       823
I       1418       824
I      15620       825
I      14632       826
I      14679       827
I       5537       828
I       9933       829
I       3761       830
I       4246       831
I      13837       832
I       4359       833
I       3071       834
I       6612       835
I       4339       836
I      13177       837
I       5524       838
I       5442       839
I        420       840
I      12589       841
I      13656       842
I      11586       843
I       9806       844
I       5927       845
I      16170       846
I       8397       847
I       3774       848
I      10360       849
I       3975       850
I       9570       851
I       4132       852
I      11472       853
I       6719       854
I       1876       855
I       3609       856
I      11567       857
I       4681       858
I       2221       859
I      15718       860
I       3360       861
I       3742       862
I       3987       863
I       3316       864
I       3483       865
I       4245       866
I      13124       867
I      10783       868
I       1234       869
I      12215       870
I      16310       871
I       4487       872
I       5240       873
I       8421       874
I      13735       875
I      14920       876
I       9342       877
I      13488       878
I      15264       879
I       8727       880
I       3981       881
I       6825       882
I       7908       883
I      10859       884
I      15192       885
I       6423       886
I       9583       887
I       1008       888
I       3028       889
I       5909       890
I      12310       891
I       1933       892
I       5376       893
I      13211       894
I       2360       895
I       9329       896
I      11856       897
I       9677       898
I       9333       899
I       2361       900
I       1268       901
I       4140       902
I      16058       903
I      12080       904
I       1979       905
I       9284       906
I       8372       907
I      10377       908
I       4933       909
I      11038       910
I      13304       911
I       4993       912
I      13829       913
I       5840       914
I       7181       915
I       8437       916
I      12764       917
I       9171       918
I       2116       919
I      14349       920
I       4723       921
I       7961       922
I      13374       923
I       6927       924
I       4884       925
I       2297       926
I       7175       927
I       4000       928
I      13289       929
I       2626       930
I      15825       931
I       3383       932
I       9582       933
I      10651       934
I       8542       935
I       1832       936
I      13178       937
I       6185       938
I       2182       939
I      13989       940
I      11694       941
I       1707       942
I       3405       943
I        971       944
I      11120       945
I      15476       946
I      12998       947
I       4506       948
I      11759       949
I       7702       950
I       6817       951
I       3068       952
I       4923       953
I       6593       954
I       7811       955
I       6700       956
I       9666       957
I       6374       958
I      14847       959
I      12597       960
I       7421       961
I       2863       962
I      12724       963
I         32       964
I       2508       965
I      15284       966
I       4486       967
I      10308       968
I      11466       969
I       2245       970
I       7946       971
I       9598       972
I        103       973
I       7177       974
I      15346       975
I       8358       976
I       8287       977
I       8170       978
I      14740       979
I       8585       980
I      13213       981
I      13281       982
I       7541       983
I       1409       984
I      14268       985
I       3771       986
I       1281       987
I      15781       988
I      11601       989
I      13941       990
I       2278       991
I       4506       992
I       7144       993
I       2264       994
I       4258       995
I      15011       996
I      11526       997
I       2705       998
I      15674       999
I       9148      1000
I         85      1001
I       8851      1002
I      15475      1003
I      15221      1004
I       6124      1005
I       4474      1006
I        911      1007
I      12702      1008
I       6233      1009
I       4570      1010
I       2483      1011
I       7596      1012
I       1678      1013
I       7202      1014
I       1635      1015
I      15899      1016
I       7516      1017
I      16036      1018
I       2538      1019
I      11646      1020
I       7695      1021
I        674      1022
I       5407      1023
I       3660      1024
I        658      1025
I      14818      1026
I       1233      1027
I      15882      1028
I       1187      1029
I       5861      1030
I      11090      1031
I      15886      1032
I        362      1033
I       2641      1034
I        353      1035
I       4955      1036
I      12021      1037
I       6541      1038
I       6725      1039
I      14831      1040
I       2222      1041
I      13228      1042
I       8827      1043
I       3714      1044
I       9810      1045
I       5692      1046
I      15358      1047
I      13182      1048
I        318      1049
I       8775      1050
I       5827      1051
I      13240      1052
I       7262      1053
I         85      1054
I       4442      1055
I      16176      1056
I       5254      1057
I        174      1058
I       3528      1059
I      14526      1060
I       5948      1061
I       9681      1062
I      15660      1063
I       7315      1064
I       9682      1065
I      12211      1066
I       8954      1067
I       5494      1068
I       9223      1069
I       6928      1070
I      11463      1071
I        646      1072
I       5830      1073
I      13925      1074
I      10233      1075
I      14237      1076
I        205      1077
I      13349      1078
I      14574      1079
I       2856      1080
I       2858      1081
I      10263      1082
I      13482      1083
I       6967      1084
I       1634      1085
I       2218      1086
I       6773      1087
I      12886      1088
I       4231      1089
I       4096      1090
I       3463      1091
I      12880      1092
I       9444      1093
I       9824      1094
I      15206      1095
I      13690      1096
I       4485      1097
I      14784      1098
I       6794      1099
I      10889      1100
I       4338      1101
I        882      1102
I       3769      1103
I       5551      1104
I      12159      1105
I      13370      1106
I       9149      1107
I      13017      1108
I       4532      1109
I      10123      1110
I        937      1111
I        507      1112
I       5813      1113
I        661      1114
I      12649      1115
I      14079      1116
I       3179      1117
I      14913      1118
I      11321      1119
I      11948      1120
I        522      1121
I      15288      1122
I      13097      1123
I      11172      1124
I       9456      1125
I       3871      1126
I       1334      1127
I       4753      1128
I      14164      1129
I       7513      1130
I       6341      1131
I      11095      1132
I      15329      1133
I       9077      1134
I       9696      1135
I      12711      1136
I      16313      1137
I       9022      1138
I      12238      1139
I      13490      1140
I       6148      1141
I       6601      1142
I      13360      1143
I       1945      1144
I       3478      1145
I      15450      1146
I      14933      1147
I       5373      1148
I       4967      1149
I       5460      1150
I       6952      1151
I       3089      1152
I      12891      1153
I       2585      1154
I       8330      1155
I       2543      1156
I      11376      1157
I       8599      1158
I      10190      1159
I       4531      1160
I      12849      1161
I      11634      1162
I       8775      1163
I       1020      1164
I       1135      1165
I      10492      1166
I       6474      1167
I      12568      1168
I       5806      1169
I      12131      1170
I       8096      1171
I      15127      1172
I      13547      1173
I       4784      1174
I       1476      1175
I       8927      1176
I      13640      1177
I      12214      1178
I      11102      1179
I       1640      1180
I      14511      1181
I       4517      1182
I       6010      1183
I      11840      1184
I      10115      1185
I       9533      1186
I       9825      1187
I        815      1188
I      12352      1189
I      12814      1190
I       1933      1191
I       3720      1192
I       9605      1193
I       8628      1194
I       1094      1195
I      10615      1196
I       8687      1197
I      15596      1198
I       3105      1199
I       4515      1200
I       8577      1201
I      10562      1202
I       3866      1203
I       8925      1204
I      11632      1205
I      10530      1206
I      11967      1207
I       8783      1208
I       4630      1209
I       4145      1210
I       9053      1211
I       6657      1212
I       1497      1213
I       2934      1214
I       1986      1215
I      14788      1216
I      11320      1217
I      16049      1218
I      12042      1219
I       5184      1220
I       1449      1221
I       3086      1222
I       6625      1223
I      10210      1224
I      10263      1225
I      15630      1226
I       3029      1227
I       2685      1228
I       4158      1229
I       1359      1230
I       5752      1231
I       5695      1232
I       6259      1233
I      14523      1234
I       1581      1235
I       7769      1236
I       3251      1237
I       7527      1238
I       1177      1239
I      12833      1240
I       9519      1241
I        743      1242
I       5505      1243
I      11226      1244
I       1455      1245
I      11959      1246
I      15213      1247
I       5238      1248
I      10402      1249
I       9369      1250
I       2360      1251
I      15858      1252
I       4055      1253
I       8477      1254
I       5478      1255
I       7073      1256
I       2370      1257
I      14337      1258
I       2183      1259
I        491      1260
I       3891      1261
I       4252      1262
I      15705      1263
I      16081      1264
I      15493      1265
I       3300      1266
I      13194      1267
I      16011      1268
I       2088      1269
I       2278      1270
I       6607      1271
I      15740      1272
I       4623      1273
I      10866      1274
I      10905      1275
I          8      1276
I      11765      1277
I       8820      1278
I       9763      1279
I        722      1280
I       7004      1281
I       5035      1282
I       8452      1283
I      13030      1284
I       6621      1285
I      14144      1286
I       8871      1287
I       3741      1288
I      14414      1289
I       3625      1290
I       7849      1291
I       9857      1292
I        262      1293
I      15365      1294
I       9830      1295
I        601      1296
I        268      1297
I       6596      1298
I       2764      1299
I       9430      1300
I       3836      1301
I      15004      1302
I      14741      1303
I       2171      1304
I      11668      1305
I       3322      1306
I       9275      1307
I       9180      1308
I      13019      1309
I       7268      1310
I      14876      1311
I       8508      1312
I      11979      1313
I      14198      1314
I       4368      1315
I       7225      1316
I       5065      1317
I      11563      1318
I      13764      1319
I       2652      1320
I       9889      1321
I      11510      1322
I      15986      1323
I       6939      1324
I       1778      1325
I      14321      1326
I       2730      1327
I      15941      1328
I       4236      1329
I       6670      1330
I      15725      1331
I       4706      1332
I      12712      1333
I       7969      1334
I      12361      1335
I      12059      1336
I       2743      1337
I      13918      1338
I       4303      1339
I       5188      1340
I      14744      1341
I      11793      1342
I      12201      1343
I      13309      1344
I       8078      1345
I       3618      1346
I      12556      1347
I       1919      1348
I       3689      1349
I        203      1350
I      12292      1351
I       2872      1352
I       4156      1353
I       3370      1354
I       7822      1355
I      14509      1356
I      13744      1357
I      15976      1358
I      13990      1359
I       5192      1360
I        124      1361
I       3629      1362
I       1148      1363
I        641      1364
I       2407      1365
I       1219      1366
I      14473      1367
I       4931      1368
I        148      1369
I       3092      1370
I      11620      1371
I      16226      1372
I      12704      1373
I       3502      1374
I      11670      1375
I      14659      1376
I       8589      1377
I      15738      1378
I       8831      1379
I      10278      1380
I       1071      1381
I      12978      1382
I       8483      1383
I       2778      1384
I       4595      1385
I       1422      1386
I        230      1387
I       2004      1388
I      16050      1389
I       5284      1390
I       3424      1391
I      13910      1392
I      11386      1393
I      11448      1394
I      14199      1395
I       6493      1396
I      14819      1397
I      14553      1398
I      16342      1399
I      14515      1400
I       3989      1401
I       9948      1402
I      14369      1403
I       3128      1404
I      12904      1405
I       5505      1406
I       6547      1407
I      13222      1408
I       7155      1409
I       8235      1410
I      15289      1411
I       4680      1412
I        141      1413
I      16085      1414
I      13498      1415
I       8698      1416
I       4026      1417
I       7342      1418
I      11695      1419
I       9340      1420
I      10559      1421
I      12038      1422
I      14168      1423
I      11980      1424
I       5217      1425
I       5284      1426
I      11101      1427
I       2283      1428
I       7121      1429
I         36      1430
I       6121      1431
I      14777      1432
I       3126      1433
I       6329      1434
I       1935      1435
I       4851      1436
I        632      1437
I       8436      1438
I        675      1439
I       4534      1440
I      10925      1441
I       4568      1442
I      10400      1443
I       5164      1444
I      14118      1445
I       8260      1446
I      15874      1447
I      11451      1448
I      13388      1449
I       9994      1450
I      16179      1451
I        578      1452
I      10993      1453
I      13089      1454
I      13922      1455
I       9952      1456
I       9997      1457
I        780      1458
I       1817      1459
I       2517      1460
I       9615      1461
I        170      1462
I      11875      1463
I      10933      1464
I       1025      1465
I      14318      1466
I       4297      1467
I      12794      1468
I       1507      1469
I       3034      1470
I       2354      1471
I       2833      1472
I       8677      1473
I        740      1474
I       2708      1475
I       7566      1476
I       2206      1477
I      15139      1478
I       5509      1479
I       3473      1480
I      13350      1481
I       7454      1482
I      12142      1483
I       9505      1484
I      16165      1485
I       3705      1486
I      10460      1487
I       3898      1488
I       4778      1489
I      10385      1490
I      10838      1491
I      11972      1492
I        825      1493
I      11393      1494
I      14232      1495
I       5230      1496
I       2411      1497
I       6374      1498
I      11783      1499
I       9115      1500
I      14811      1501
I      13988      1502
I      11308      1503
I      14002      1504
I      16063      1505
I      14668      1506
I       1291      1507
I      13383      1508
I      10056      1509
I       4460      1510
I       4099      1511
I      15174      1512
I      13763      1513
I      11390      1514
I       8847      1515
I       5225      1516
I       2481      1517
I       1245      1518
I      13860      1519
I        767      1520
I       5049      1521
I       3593      1522
I       3801      1523
I       6899      1524
I      10917      1525
I      13901      1526
I       3960      1527
I       3397      1528
I       9194      1529
I      12712      1530
I       7801      1531
I      15902      1532
I       9199      1533
I       5639      1534
I       2078      1535
I      14281      1536
I      10425      1537
I      15000      1538
I      10234      1539
I         93      1540
I       8296      1541
I      11851      1542
I       2857      1543
I       3645      1544
I       1719      1545
I      16379      1546
I      13072      1547
I       5597      1548
I      14542      1549
I      14208      1550
I       5326      1551
I       4447      1552
I      14589      1553
I       1476      1554
I       4747      1555
I       1968      1556
I       6387      1557
I       4668      1558
I        422      1559
I       8343      1560
I       5066      1561
I      11655      1562
I      14919      1563
I       7136      1564
I       4344      1565
I        125      1566
I       1772      1567
I      15685      1568
I      10571      1569
I      12989      1570
I       6332      1571
I       7726      1572
I       1897      1573
I       5254      1574
I      14877      1575
I      15587      1576
I        603      1577
I       3049      1578
I       2016      1579
I      13217      1580
I        161      1581
I       4408      1582
I       3896      1583
I       6880      1584
I      14760      1585
I       8775      1586
I      16384      1587
I      13081      1588
I          5      1589
I       4353      1590
I       9560      1591
I      16306      1592
I       7517      1593
I        818      1594
I        737      1595
I      15265      1596
I        466      1597
I       7552      1598
I      11098      1599
I      11640      1600
I       8829      1601
I       9012      1602
I       1302      1603
I      12275      1604
I       1736      1605
I       3396      1606
I       3132      1607
I       6583      1608
I       1575      1609
I       1738      1610
I       2854      1611
I      14011      1612
I        533      1613
I       8437      1614
I       2831      1615
I      12557      1616
I      14473      1617
I       7796      1618
I       6281      1619
I       2132      1620
I       2694      1621
I       9332      1622
I       1880      1623
I       7147      1624
I      11071      1625
I      10471      1626
I        922      1627
I       4467      1628
I       2595      1629
I       7081      1630
I       2964      1631
I       6267      1632
I      11340      1633
I       7933      1634
I       8058      1635
I      12749      1636
I       5289      1637
I      16357      1638
I       9906      1639
I       1928      1640
I      13862      1641
I       6437      1642
I      15716      1643
I      10368      1644
I       8391      1645
I       3034      1646
I       5864      1647
I      16343      1648
I      10256      1649
I       4234      1650
I       8349      1651
I      11121      1652
I      14867      1653
I       8164      1654
I       9181      1655
I      11071      1656
I      11628      1657
I       4790      1658
I       2158      1659
I         57      1660
I      14492      1661
I       8136      1662
I       8504      1663
I      15107      1664
I       2201      1665
I       2428      1666
I      15487      1667
I      14838      1668
I       5489      1669
I      12092      1670
I      13532      1671
I      11370      1672
I       2152      1673
I      12297      1674
I       2401      1675
I      15423      1676
I      13776      1677
I       9345      1678
I      15136      1679
I       2318      1680
I       7215      1681
I      11709      1682
I       5661      1683
I      14791      1684
I      12247      1685
I       6605      1686
I        880      1687
I        661      1688
I       3709      1689
I       5296      1690
I      10157      1691
I      10904      1692
I       5542      1693
I      15612      1694
I       4729      1695
I      15510      1696
I       7520      1697
I       1845      1698
I        743      1699
I       4833      1700
I      10667      1701
I        877      1702
I      11566      1703
I       8862      1704
I      15019      1705
I       5045      1706
I       2680      1707
I      12730      1708
I      14769      1709
I       6826      1710
I       2942      1711
I       3799      1712
I       5464      1713
I        987      1714
I      13222      1715
I      16204      1716
I       4572      1717
I      11243      1718
I       8443      1719
I       2599      1720
I       3256      1721
I       5914      1722
I      12276      1723
I       5543      1724
I       9563      1725
I       7003      1726
I       3876      1727
I       3070      1728
I      13076      1729
I      11677      1730
I       8699      1731
I      11525      1732
I       6378      1733
I       1961      1734
I      12235      1735
I      13363      1736
I        294      1737
I      15409      1738
I      14370      1739
I       6827      1740
I      13984      1741
I        140      1742
I       8513      1743
I       7753      1744
I       1943      1745
I       8244      1746
I      12156      1747
I       5467      1748
I      10302      1749
I       5400      1750
I      11132      1751
I      16383      1752
I        769      1753
I       7201      1754
I       1887      1755
I      16109      1756
I      13260      1757
I      10585      1758
I       7181      1759
I       3376      1760
I       7326      1761
I       4751      1762
I      11580      1763
I        527      1764
I       8755      1765
I       8171      1766
I       8171      1767
I      12865      1768
I        882      1769
I       6095      1770
I       1928      1771
I       7577      1772
I       6486      1773
I       8821      1774
I      14821      1775
I        690      1776
I      16237      1777
I      13434      1778
I      11780      1779
I      14246      1780
I      15995      1781
I        906      1782
I        398      1783
I      13858      1784
I       3301      1785
I       3060      1786
I      15604      1787
I      12043      1788
I       1493      1789
I      15200      1790
I      11743      1791
I      12328      1792
I      14789      1793
I       6666      1794
I       1785      1795
I       1826      1796
I       6712      1797
I      14792      1798
I      14287      1799
I       5336      1800
I      14771      1801
I      15526      1802
I      13038      1803
I      12592      1804
I       1328      1805
I      12502      1806
I       1496      1807
I       4327      1808
I      14002      1809
I      11353      1810
I       2654      1811
I       2767      1812
I      14363      1813
I      15192      1814
I        909      1815
I       7970      1816
I       5781      1817
I       4979      1818
I      15091      1819
I      13021      1820
I      13388      1821
I      15152      1822
I       2975      1823
I       4605      1824
I       7990      1825
I        483      1826
I       9036      1827
I      15336      1828
I       4036      1829
I        397      1830
I       4762      1831
I        325      1832
I       2806      1833
I       6302      1834
I       2132      1835
I       9707      1836
I       7810      1837
I       9859      1838
I      14119      1839
I       5254      1840
I       9511      1841
I       9628      1842
I      16123      1843
I       6480      1844
I      10855      1845
I      13391      1846
I       5324      1847
I      15372      1848
I       3134      1849
I      15321      1850
I      11200      1851
I      15277      1852
I       9068      1853
I        251      1854
I       2950      1855
I       7315      1856
I       9937      1857
I      14412      1858
I      11712      1859
I      12418      1860
I       7978      1861
I       2555      1862
I       9054      1863
I       8362      1864
I      10016      1865
I       2731      1866
I       1957      1867
I       1506      1868
I      13402      1869
I       4642      1870
I      12657      1871
I       9189      1872
I      13049      1873
I      11974      1874
I       1728      1875
I      12702      1876
I       8009      1877
I      13244      1878
I       2487      1879
I       5308      1880
I      14832      1881
I      10813      1882
I       3374      1883
I       9102      1884
I      14808      1885
I       2098      1886
I       3948      1887
I      10685      1888
I       7700      1889
I      10665      1890
I      10760      1891
I       8190      1892
I      14951      1893
I       3582      1894
I       7893      1895
I       5901      1896
I       3993      1897
I       8175      1898
I        873      1899
I       9221      1900
I       3355      1901
I       8970      1902
I      14379      1903
I       3004      1904
I       5371      1905
I      12761      1906
I       8077      1907
I       5127      1908
I       9607      1909
I       9520      1910
I       1519      1911
I       8303      1912
I        982      1913
I       8295      1914
I      15800      1915
I       3942      1916
I       4824      1917
I      11641      1918
I       6556      1919
I       7700      1920
I       5426      1921
I      10200      1922
I       1685      1923
I       6290      1924
I      10670      1925
I      16029      1926
I      10986      1927
I        785      1928
I      10477      1929
I       3811      1930
I       5978      1931
I       8647      1932
I       2456      1933
I      12096      1934
I       4782      1935
I       2145      1936
I      15744      1937
I      15535      1938
I       5122      1939
I       4037      1940
I      10133      1941
I       6165      1942
I       9897      1943
I       9593      1944
I      13594      1945
I      11195      1946
I      13897      1947
I       5396      1948
I        933      1949
I      11777      1950
I       7507      1951
I      14014      1952
I      15391      1953
I      12643      1954
I      11401      1955
I       1112      1956
I      15416      1957
I      14003      1958
I       6885      1959
I       5991      1960
I       5499      1961
I       1775      1962
I      12582      1963
I      15563      1964
I       7178      1965
I       7078      1966
I        636      1967
I      16031      1968
I       3354      1969
I       8270      1970
I       1939      1971
I      13348      1972
I        422      1973
I       9809      1974
I       9243      1975
I       1178      1976
I       3615      1977
I       2880      1978
I      14853      1979
I       6475      1980
I       2409      1981
I      14947      1982
I      13949      1983
I       9295      1984
I      13779      1985
I       3290      1986
I       7432      1987
I      13188      1988
I       9064      1989
I      10568      1990
I       8139      1991
I       4924      1992
I       9126      1993
I       3265      1994
I       9727      1995
I       2474      1996
I      12655      1997
I       2541      1998
I      10790      1999
I       9164      2000
I        834      2001
I       7904      2002
I         14      2003
I      11146      2004
I         13      2005
I       5320      2006
I       9513      2007
I      16074      2008
I       4769      2009
I      12350      2010
I       7270      2011
I       5703      2012
I       1576      2013
I       7917      2014
I       9418      2015
I      11043      2016
I         72      2017
I       2079      2018
I       6443      2019
I      14633      2020
I      14559      2021
I       2862      2022
I      16073      2023
I      14298      2024
I      10757      2025
I       2204      2026
I      14115      2027
I       3947      2028
I      11783      2029
I       7772      2030
I       6458      2031
I      10405      2032
I      12449      2033
I      11880      2034
I       5981      2035
I       9975      2036
I        778      2037
I      13643      2038
I      11263      2039
I      11718      2040
I      14101      2041
I      15016      2042
I       9141      2043
I       8445      2044
I       5177      2045
I       6114      2046
I       5566      2047
I      13988      2048
I       5884      2049
I      15522      2050
I       9597      2051
I       9267      2052
I       1133      2053
I       9725      2054
I       4338      2055
I       2608      2056
I      14849      2057
I       8874      2058
I      15856      2059
I      14810      2060
I       1019      2061
I       7681      2062
I       8083      2063
I       7245      2064
I       1170      2065
I       8770      2066
I       5425      2067
I       1455      2068
I      14040      2069
I      12993      2070
I      15252      2071
I      13141      2072
I      15305      2073
I      11103      2074
I      12149      2075
I       8963      2076
I      11974      2077
I       7827      2078
I       7425      2079
I       4434      2080
I       2869      2081
I       5564      2082
I      12413      2083
I      13226      2084
I       3770      2085
I      14949      2086
I       1203      2087
I       1784      2088
I       1268      2089
I       9812      2090
I       6468      2091
I      15376      2092
I       7130      2093
I       1328      2094
I       9565      2095
I      13967      2096
I       7539      2097
I       6574      2098
I      13870      2099
I       7767      2100
I      15788      2101
I       7059      2102
I      14652      2103
I       5871      2104
I       8742      2105
I       5095      2106
I       6492      2107
I       1252      2108
I      10469      2109
I       8866      2110
I       2359      2111
I      12588      2112
I      13156      2113
I       7692      2114
I       7233      2115
I      12833      2116
I       8457      2117
I       2384      2118
I      16232      2119
I       9918      2120
I      14092      2121
I      12355      2122
I      10976      2123
I      15368      2124
I       1836      2125
I      10393      2126
I       8184      2127
I        216      2128
I       8058      2129
I       4662      2130
I       7194      2131
I         88      2132
I       9523      2133
I       1004      2134
I      12531      2135
I      14891      2136
I      12104      2137
I      13114      2138
I       8665      2139
I       2424      2140
I      11334      2141
I       1236      2142
I       6398      2143
I      12629      2144
I       7548      2145
I       2126      2146
I       6301      2147
I      11973      2148
I      14232      2149
I      13864      2150
I       5009      2151
I      15442      2152
I      15435      2153
I        211      2154
I      13403      2155
I      15188      2156
I       1706      2157
I      14944      2158
I       8614      2159
I      12989      2160
I       5335      2161
I      10158      2162
I       9022      2163
I       4913      2164
I      15985      2165
I       2891      2166
I       2208      2167
I       9371      2168
I       3909      2169
I       5193      2170
I       6610      2171
I       4203      2172
I       4899      2173
I       7622      2174
I      12858      2175
I      10497      2176
I      10758      2177
I      16023      2178
I      13888      2179
I       3854      2180
I        684      2181
I        981      2182
I       5044      2183
I       4593      2184
I       8777      2185
I       1537      2186
I      12914      2187
I       5584      2188
I      13232      2189
I       1981      2190
I      12120      2191
I       6722      2192
I       3459      2193
I      12454      2194
I      13857      2195
I      12648      2196
I      14799      2197
I       7141      2198
I      15546      2199
I      12390      2200
I       3022      2201
I      10270      2202
I       1312      2203
I      15344      2204
I      11102      2205
I       4547      2206
I      10768      2207
I       2593      2208
I        308      2209
I      10909      2210
I      10652      2211
I      11366      2212
I       4535      2213
I       2467      2214
I      10604      2215
I       3232      2216
I        424      2217
I       2266      2218
I      10803      2219
I        838      2220
I      15261      2221
I      13905      2222
I       1714      2223
I      14704      2224
I       7810      2225
I      13248      2226
I       2102      2227
I       6925      2228
I       8183      2229
I      15074      2230
I      12158      2231
I       3905      2232
I        166      2233
I       5215      2234
I       7831      2235
I      11766      2236
I      10837      2237
I       7445      2238
I      10159      2239
I      12126      2240
I       8571      2241
I      12314      2242
I       7869      2243
I       8550      2244
I      15697      2245
I       7002      2246
I       3181      2247
I      15709      2248
I        893      2249
I      14644      2250
I      12942      2251
I       5074      2252
I      11254      2253
I       5549      2254
I       7145      2255
I       6916      2256
I      14970      2257
I       1180      2258
I       7724      2259
I       4847      2260
I      10890      2261
I      11650      2262
I      10571      2263
I      16242      2264
I      13800      2265
I       3857      2266
I       8036      2267
I      16045      2268
I       6484      2269
I       9714      2270
I      15264      2271
I       2871      2272
I       9194      2273
I       8470      2274
I       5169      2275
I       5603      2276
I       8972      2277
I      14951      2278
I       2918      2279
I      13509      2280
I       9963      2281
I      13715      2282
I      12975      2283
I      13753      2284
I       9281      2285
I      12465      2286
I        399      2287
I       7764      2288
I        252      2289
I      16313      2290
I       7253      2291
I       4025      2292
I      11212      2293
I      12282      2294
I      10701      2295
I      12395      2296
I       5623      2297
I      10858      2298
I       5019      2299
I      10359      2300
I      15676      2301
I      15648      2302
I      14798      2303
I       7399      2304
I       1254      2305
I       3549      2306
I       1262      2307
I       4702      2308
I      12574      2309
I       9536      2310
I      10399      2311
I        561      2312
I      15338      2313
I       2648      2314
I      16042      2315
I       5115      2316
I         79      2317
I      13288      2318
I       2129      2319
I      15034      2320
I       6830      2321
I      11782      2322
I      11000      2323
I      14453      2324
I       3596      2325
I      15058      2326
I      14619      2327
I      10398      2328
I       6569      2329
I       3547      2330
I       2519      2331
I      10990      2332
I      15529      2333
I      10689      2334
I      11421      2335
I        462      2336
I      11363      2337
I       6863      2338
I       5543      2339
I       5645      2340
I       3523      2341
I       4868      2342
I        747      2343
I       9333      2344
I       1439      2345
I      10464      2346
I        226      2347
I       4050      2348
I      14543      2349
I      12538      2350
I      12285      2351
I       4989      2352
I       7003      2353
I       8645      2354
I       4355      2355
I      11954      2356
I      10223      2357
I       3595      2358
I       7719      2359
I      11498      2360
I       3024      2361
I      13043      2362
I       9339      2363
I      12564      2364
I      15927      2365
I      15748      2366
I      11380      2367
I       3702      2368
I       5075      2369
I      11703      2370
I       3718      2371
I       6036      2372
I      15380      2373
I       2676      2374
I       3105      2375
I      11672      2376
I       5083      2377
I       6197      2378
I       4632      2379
I      15442      2380
I      15821      2381
I      13002      2382
I      11981      2383
I       4955      2384
I      10476      2385
I      12804      2386
I       2029      2387
I       4770      2388
I       6425      2389
I       6569      2390
I       7910      2391
I       9450      2392
I       5820      2393
I      13189      2394
I       6154      2395
I      16243      2396
I      15812      2397
I       6985      2398
I       1113      2399
I      12506      2400
I      11114      2401
I       4076      2402
I      15018      2403
I        889      2404
I      13652      2405
I       8870      2406
I       1399      2407
I       1779      2408
I      16366      2409
I      13098      2410
I      10245      2411
I       6904      2412
I       5875      2413
I      13610      2414
I       9200      2415
I      15446      2416
I       5401      2417
I      14413      2418
I       2227      2419
I        147      2420
I      10607      2421
I      12313      2422
I       3148      2423
I      15984      2424
I       7587      2425
I       5678      2426
I      10944      2427
I      15979      2428
I       3521      2429
I       9624      2430
I       1551      2431
I      14054      2432
I       8006      2433
I      13692      2434
I      14588      2435
I      13782      2436
I      13879      2437
I       9242      2438
I      12506      2439
I       5465      2440
I      13438      2441
I      13395      2442
I       8266      2443
I       3076      2444
I       1552      2445
I       2487      2446
I       9660      2447
I       5932      2448
I      14531      2449
I       6032      2450
I      15657      2451
I       5040      2452
I       2716      2453
I        747      2454
I      15502      2455
I       8039      2456
I      15701      2457
I      12231      2458
I       4176      2459
I        433      2460
I       8871      2461
I      16080      2462
I      13206      2463
I       4362      2464
I       5719      2465
I       6331      2466
I      10417      2467
I       4666      2468
I      11162      2469
I      13526      2470
I       9514      2471
I       7783      2472
I       2333      2473
I       9041      2474
I       6400      2475
I      15093      2476
I       9954      2477
I      10598      2478
I      15322      2479
I       2125      2480
I        561      2481
I       2099      2482
I       1365      2483
I       8982      2484
I      15981      2485
I       8558      2486
I       8554      2487
I      15481      2488
I       5322      2489
I      15940      2490
I       2746      2491
I       7622      2492
I       7689      2493
I      11138      2494
I        571      2495
I      16119      2496
I       1301      2497
I      12492      2498
I       9018      2499
I       6763      2500
I       4533      2501
I      10216      2502
I      14055      2503
I       3867      2504
I      15764      2505
I       8918      2506
I       5492      2507
I      12161      2508
I       3120      2509
I       9929      2510
I       6136      2511
I      15594      2512
I       8826      2513
I      11115      2514
I       6620      2515
I       1531      2516
I      12902      2517
I       1983      2518
I      11981      2519
I      12450      2520
I       6009      2521
I      12590      2522
I       8391      2523
I      12303      2524
I       7977      2525
I       4210      2526
I       7529      2527
I      11854      2528
I       5664      2529
I      15042      2530
I       7817      2531
I      10931      2532
I       8217      2533
I      10204      2534
I       1461      2535
I       3280      2536
I      13239      2537
I      13421      2538
I       4264      2539
I        464      2540
I       8449      2541
I       6499      2542
I      13047      2543
I      11093      2544
I       8389      2545
I      12259      2546
I       3975      2547
I       3861      2548
I      14497      2549
I      10882      2550
I      10065      2551
I      15039      2552
I       9243      2553
I       3016      2554
I       9587      2555
I       8460      2556
I       3421      2557
I       4863      2558
I       4092      2559
I        419      2560
I       7178      2561
I       5175      2562
I       4978      2563
I       8476      2564
I       7256      2565
I      15653      2566
I       6581      2567
I      10467      2568
I       3320      2569
I       7457      2570
I       6815      2571
I       9818      2572
I       1537      2573
I       4010      2574
I       2954      2575
I      14576      2576
I        352      2577
I       4972      2578
I      15265      2579
I       2865      2580
I      13909      2581
I      11111      2582
I       2553      2583
I      15772      2584
I        475      2585
I      14028      2586
I       9295      2587
I      13601      2588
I       6681      2589
I       6183      2590
I       3667      2591
I       7426      2592
I       4877      2593
I       5754      2594
I      10257      2595
I        696      2596
I       7238      2597
I      16088      2598
I       3217      2599
I      12279      2600
I      10816      2601
I      14799      2602
I      14272      2603
I       6105      2604
I       7200      2605
I       5015      2606
I       9055      2607
I       8391      2608
I       1257      2609
I       5065      2610
I      14256      2611
I      12619      2612
I      15263      2613
I       1807      2614
I      13164      2615
I       5287      2616
I       7049      2617
I       6651      2618
I       3416      2619
I       7856      2620
I       5806      2621
I      13946      2622
I       9650      2623
I      14178      2624
I       4830      2625
I       7678      2626
I       5518      2627
I      12932      2628
I       4503      2629
I       8653      2630
I       4853      2631
I       4872      2632
I       1204      2633
I      16269      2634
I      11941      2635
I       7045      2636
I      15350      2637
I      15014      2638
I      15063      2639
I       1531      2640
I       2772      2641
I      15184      2642
I       3873      2643
I      16372      2644
I      12358      2645
I       1630      2646
I      10090      2647
I       9988      2648
I       9045      2649
I        848      2650
I       1794      2651
I      11005      2652
I       7970      2653
I      11312      2654
I       3739      2655
I       6206      2656
I       3155      2657
I        813      2658
I        822      2659
I       8083      2660
I       8814      2661
I       4463      2662
I       2486      2663
I      13541      2664
I       1747      2665
I      10875      2666
I       1941      2667
I      15217      2668
I      10642      2669
I      16056      2670
I      12971      2671
I       7579      2672
I       4791      2673
I       6583      2674
I       4415      2675
I        143      2676
I       9663      2677
I      15625      2678
I       3466      2679
I      13613      2680
I       7972      2681
I       5013      2682
I      11918      2683
I       2246      2684
I      10444      2685
I       3224      2686
I      13048      2687
I       1176      2688
I      10677      2689
I      13049      2690
I      15499      2691
I       5954      2692
I      12431      2693
I       5650      2694
I       6047      2695
I       4726      2696
I       3906      2697
I      11179      2698
I      13073      2699
I       9930      2700
I       1700      2701
I      16002      2702
I       7212      2703
I       6459      2704
I       4347      2705
I       2967      2706
I      14222      2707
I      15784      2708
I       5596      2709
I       1605      2710
I       7156      2711
I      15262      2712
I        907      2713
I      16054      2714
I       1062      2715
I       2448      2716
I       3288      2717
I      12014      2718
I      10819      2719
I      16188      2720
I       8960      2721
I      11068      2722
I       2296      2723
I       6272      2724
I       2340      2725
I      14541      2726
I       2511      2727
I       6142      2728
I      12004      2729
I      15667      2730
I       6372      2731
I       3576      2732
I      13841      2733
I       5848      2734
I      11608      2735
I       5528      2736
I       7608      2737
I       5715      2738
I       4061      2739
I       3988      2740
I      10124      2741
I       6987      2742
I      16180      2743
I       2353      2744
I       7580      2745
I       4860      2746
I      13330      2747
I       2430      2748
I      12331      2749
I      10046      2750
I       2030      2751
I      14197      2752
I       3035      2753
I      15035      2754
I       1234      2755
I       7304      2756
I      11074      2757
I       1443      2758
I      10472      2759
I      14801      2760
I      11074      2761
I      14295      2762
I       7393      2763
I      13050      2764
I      11073      2765
I        601      2766
I       7019      2767
I      15368      2768
I      15141      2769
I       1507      2770
I      15618      2771
I       1114      2772
I       1029      2773
I      11667      2774
I      11508      2775
I      12697      2776
I       7979      2777
I       2789      2778
I      14719      2779
I      11606      2780
I       6657      2781
I       8122      2782
I        504      2783
I       1272      2784
I      14003      2785
I       1718      2786
I      11807      2787
I       5159      2788
I       5773      2789
I      13705      2790
I      12603      2791
I       9455      2792
I       6173      2793
I       4918      2794
I       6060      2795
I       2745      2796
I       8972      2797
I       7155      2798
I      11684      2799
I       1205      2800
I       3345      2801
I        713      2802
I       6727      2803
I      12794      2804
I        129      2805
I      10799      2806
I       2118      2807
I       3281      2808
I       7889      2809
I      11491      2810
I       9824      2811
I        127      2812
I      10276      2813
I      14329      2814
I       9304      2815
I      14009      2816
I       8874      2817
I      12060      2818
I       3402      2819
I      11872      2820
I       9953      2821
I      14115      2822
I      15026      2823
I       1974      2824
I      13925      2825
I      11241      2826
I       9975      2827
I       9171      2828
I       6035      2829
I       2210      2830
I       8775      2831
I       8607      2832
I      14131      2833
I      13280      2834
I       8971      2835
I      12268      2836
I       6571      2837
I      12692      2838
I      16268      2839
I       8542      2840
I       5428      2841
I      15370      2842
I       8797      2843
I       5557      2844
I      13592      2845
I        472      2846
I       5344      2847
I       2116      2848
I      11248      2849
I      13021      2850
I       3313      2851
I      15641      2852
I      15115      2853
I       2374      2854
I       2486      2855
I      14405      2856
I       8917      2857
I      12916      2858
I      16303      2859
I       4418      2860
I      12950      2861
I       3479      2862
I       9551      2863
I       4853      2864
I       4530      2865
I      10922      2866
I       1507      2867
I      15222      2868
I       1315      2869
I       2808      2870
I      13375      2871
I       3926      2872
I       8452      2873
I        806      2874
I       8912      2875
I      13567      2876
I        707      2877
I       8230      2878
I      11325      2879
I       8621      2880
I       2382      2881
I      16089      2882
I       4209      2883
I      11845      2884
I       7128      2885
I        725      2886
I       4095      2887
I       9201      2888
I       5230      2889
I       9903      2890
I        886      2891
I       3914      2892
I      11730      2893
I      11541      2894
I      15660      2895
I      11208      2896
I      12886      2897
I       8384      2898
I       2310      2899
I      14112      2900
I       4710      2901
I        378      2902
I       4296      2903
I      10157      2904
I      12669      2905
I      13380      2906
I      13546      2907
I      12721      2908
I      11631      2909
I       2874      2910
I       5022      2911
I       6947      2912
I      12571      2913
I       3567      2914
I       7332      2915
I      12020      2916
I       8379      2917
I      15766      2918
I      15995      2919
I      12684      2920
I      10590      2921
I      11737      2922
I      11286      2923
I      11011      2924
I       5608      2925
I       3286      2926
I       8372      2927
I      14032      2928
I       8001      2929
I       8060      2930
I      10515      2931
I      15150      2932
I      12464      2933
I      11185      2934
I      11231      2935
I      15934      2936
I       8288      2937
I       3660      2938
I       4725      2939
I      12022      2940
I      10321      2941
I       2609      2942
I       6239      2943
I        908      2944
I       2820      2945
I       9019      2946
I      10934      2947
I      13305      2948
I        235      2949
I       2268      2950
I       8418      2951
I        797      2952
I       2067      2953
I       9487      2954
I      10200      2955
I      10606      2956
I       1261      2957
I      15756      2958
I      10880      2959
I       8712      2960
I       5646      2961
I       6265      2962
I      11977      2963
I       9096      2964
I       4553      2965
I       7446      2966
I       2355      2967
I      15322      2968
I       3034      2969
I       8192      2970
I       2901      2971
I         38      2972
I      14924      2973
I       6803      2974
I      11685      2975
I      10213      2976
I       1668      2977
I      10644      2978
I       8249      2979
I       2258      2980
I      15916      2981
I       8257      2982
I      11039      2983
I        249      2984
I       7990      2985
I       3790      2986
I       7380      2987
I       9170      2988
I      13479      2989
I       1741      2990
I       6039      2991
I       4084      2992
I      13174      2993
I       7082      2994
I       8327      2995
I       9539      2996
I       3714      2997
I      10496      2998
I      13576      2999
I      13492      3000
I       9765      3001
I       8985      3002
I       4959      3003
I       4468      3004
I       6315      3005
I       8828      3006
I       8908      3007
I       7228      3008
I      16194      3009
I      14587      3010
I       4558      3011
I       5413      3012
I       7719      3013
I      13770      3014
I       2869      3015
I       8264      3016
I      14105      3017
I       3852      3018
I       9735      3019
I       1238      3020
I       1687      3021
I       6354      3022
I      11847      3023
I       2599      3024
I       3835      3025
I       6004      3026
I      10428      3027
I       3620      3028
I      10437      3029
I      11328      3030
I        132      3031
I      12189      3032
I       5460      3033
I      10118      3034
I      11636      3035
I       1900      3036
I      11075      3037
I      12497      3038
I      12212      3039
I        616      3040
I      15241      3041
I       3249      3042
I        452      3043
I       5959      3044
I       8679      3045
I      10460      3046
I      13432      3047
I        894      3048
I       7949      3049
I       9378      3050
I      16161      3051
I       8211      3052
I       4108      3053
I      13184      3054
I       7610      3055
I       6719      3056
I       8327      3057
I       9323      3058
I      14443      3059
I      10400      3060
I       7601      3061
I        417      3062
I       6641      3063
I      14865      3064
I       4898      3065
I       3187      3066
I      15738      3067
I      10631      3068
I      12896      3069
I      14416      3070
I      15256      3071
I      14069      3072
I       7121      3073
I       1890      3074
I       3849      3075
I      15493      3076
I      16119      3077
I        587      3078
I      11980      3079
I       8465      3080
I       4098      3081
I      13939      3082
I      13507      3083
I      12850      3084
I       9093      3085
I       5515      3086
I      13150      3087
I       9385      3088
I       1487      3089
I      14196      3090
I      12647      3091
I      13561      3092
I      15692      3093
I       1570      3094
I      14280      3095
I      12108      3096
I       1944      3097
I      15577      3098
I      15994      3099
I      13206      3100
I      10380      3101
I       8274      3102
I       7452      3103
I       9108      3104
I       5639      3105
I       9612      3106
I      12902      3107
I      14828      3108
I       4606      3109
I       1906      3110
I       4631      3111
I      14672      3112
I       2083      3113
I       9669      3114
I      11846      3115
I      15340      3116
I       3407      3117
I       1674      3118
I       7360      3119
I       3592      3120
I       6127      3121
I      14807      3122
I       8842      3123
I      11863      3124
I       6742      3125
I      12617      3126
I      15057      3127
I       8063      3128
I      13013      3129
I       8366      3130
I      13443      3131
I       6995      3132
I        900      3133
I      15532      3134
I       4014      3135
I      11009      3136
I      15331      3137
I       6950      3138
I       3583      3139
I      16055      3140
I       7501      3141
I       3676      3142
I       7037      3143
I      10539      3144
I       6965      3145
I       4978      3146
I       3886      3147
I       4763      3148
I       3112      3149
I       7124      3150
I       8494      3151
I       8288      3152
I       8032      3153
I      14775      3154
I        850      3155
I       9131      3156
I       9880      3157
I       3474      3158
I       1678      3159
I      11282      3160
I      12945      3161
I        171      3162
I        417      3163
I      13132      3164
I      15546      3165
I       8413      3166
I       5605      3167
I       4572      3168
I       7485      3169
I       9564      3170
I      12668      3171
I      14599      3172
I      16199      3173
I      10485      3174
I      16019      3175
I      16182      3176
I      16371      3177
I       5041      3178
I      14830      3179
I      14311      3180
I        453      3181
I       5996      3182
I      10214      3183
I       3357      3184
I       9297      3185
I       2862      3186
I      14622      3187
I       4636      3188
I       2287      3189
I      11972      3190
I       5074      3191
I       7166      3192
I       7919      3193
I      11924      3194
I      11320      3195
I       5259      3196
I      10134      3197
I      13594      3198
I      14123      3199
I       6263      3200
I      10607      3201
I      15672      3202
I       4422      3203
I       1911      3204
I      14324      3205
I       6532      3206
I       7682      3207
I      12868      3208
I      11213      3209
I      11967      3210
I         17      3211
I       4820      3212
I       9534      3213
I      15972      3214
I       6379      3215
I       6814      3216
I      13404      3217
I       6138      3218
I       9954      3219
I       5898      3220
I       8640      3221
I      13695      3222
I       6706      3223
I       4724      3224
I       4884      3225
I       7656      3226
I      10238      3227
I       6445      3228
I       7949      3229
I      11799      3230
I       3772      3231
I      14131      3232
I       3164      3233
I      10811      3234
I      11105      3235
I       3814      3236
I       2768      3237
I      12533      3238
I       4326      3239
I      15012      3240
I       1877      3241
I       5194      3242
I      13848      3243
I       5947      3244
I       1828      3245
I       5940      3246
I       5721      3247
I       4494      3248
I      10487      3249
I      14173      3250
I       6033      3251
I      15710      3252
I       2613      3253
I       4380      3254
I       1195      3255
I       8285      3256
I      15615      3257
I      11021      3258
I      12805      3259
I       2828      3260
I       9019      3261
I       5143      3262
I       8761      3263
I       3994      3264
I      15430      3265
I         90      3266
I       7309      3267
I       6467      3268
I      10917      3269
I      14757      3270
I      10976      3271
I      11119      3272
I       4992      3273
I       5597      3274
I       5179      3275
I       6604      3276
I       6346      3277
I       3367      3278
I       5180      3279
I       6728      3280
I       1943      3281
I       6551      3282
I       5437      3283
I       4362      3284
I       2729      3285
I       6506      3286
I       2923      3287
I       5977      3288
I       8995      3289
I       7381      3290
I       9339      3291
I      14239      3292
I      14582      3293
I       9963      3294
I       8252      3295
I         47      3296
I      12644      3297
I       9350      3298
I      13060      3299
I       5336      3300
I       2120      3301
I       1182      3302
I      12211      3303
I       1442      3304
I       8113      3305
I       3625      3306
I       6124      3307
I       2990      3308
I       3483      3309
I       9388      3310
I      11189      3311
I      11704      3312
I       1074      3313
I      16053      3314
I       4662      3315
I      10900      3316
I       7701      3317
I       9168      3318
I      11359      3319
I      15523      3320
I       1280      3321
I        108      3322
I       1152      3323
I       9811      3324
I       1499      3325
I       1790      3326
I       4285      3327
I       2123      3328
I       4870      3329
I        978      3330
I       6417      3331
I       7749      3332
I       1477      3333
I       5844      3334
I        745      3335
I      11865      3336
I      10469      3337
I       5833      3338
I      11711      3339
I      14812      3340
I       3370      3341
I       9341      3342
I       9473      3343
I        326      3344
I       6079      3345
I      11371      3346
I      13447      3347
I       6274      3348
I       2397      3349
I      10425      3350
I       3773      3351
I       7189      3352
I      15245      3353
I       2457      3354
I      15097      3355
I      15245      3356
I       7235      3357
I      10093      3358
I       9311      3359
I      12017      3360
I       5382      3361
I       2023      3362
I       8592      3363
I       4085      3364
I       9852      3365
I       5868      3366
I         82      3367
I       7777      3368
I       4905      3369
I      12443      3370
I      12247      3371
I       5484      3372
I       6054      3373
I      15910      3374
I       9388      3375
I       2443      3376
I       8847      3377
I       7501      3378
I      13511      3379
I      16234      3380
I       4308      3381
I      10719      3382
I      15054      3383
I       7713      3384
I       4048      3385
I      16082      3386
I      14063      3387
I       9302      3388
I       9222      3389
I      13095      3390
I       5910      3391
I       5364      3392
I        456      3393
I       3714      3394
I      16295      3395
I      11512      3396
I      10264      3397
I      11079      3398
I       5104      3399
I      13090      3400
I       2265      3401
I       3297      3402
I       9524      3403
I       9333      3404
I       9578      3405
I        648      3406
I       7832      3407
I      11226      3408
I      16045      3409
I       2859      3410
I       6037      3411
I       7351      3412
I       9026      3413
I       6797      3414
I      13742      3415
I       7267      3416
I       8782      3417
I      13579      3418
I      13475      3419
I      14492      3420
I       9774      3421
I       5265      3422
I       6879      3423
I       3581      3424
I      14285      3425
I       2693      3426
I      11295      3427
I       2109      3428
I       7310      3429
I       7118      3430
I      10777      3431
I      11832      3432
I       8126      3433
I         68      3434
I       3988      3435
I      13465      3436
I      14243      3437
I       8597      3438
I       6036      3439
I      10274      3440
I       7457      3441
I        109      3442
I       7935      3443
I        376      3444
I       9263      3445
I      11116      3446
I       5173      3447
I      15723      3448
I       5437      3449
I       4574      3450
I      14468      3451
I       1501      3452
I       9284      3453
I      13057      3454
I      11635      3455
I        442      3456
I       8105      3457
I       4732      3458
I      14184      3459
I      12388      3460
I       4322      3461
I      12090      3462
I      12736      3463
I       9881      3464
I       4537      3465
I       7163      3466
I      12132      3467
I       9499      3468
I       3998      3469
I       3555      3470
I       2837      3471
I       7566      3472
I       6770      3473
I      12524      3474
I       8293      3475
I       8747      3476
I      10399      3477
I      11075      3478
I      12011      3479
I       7302      3480
I       4627      3481
I      16008      3482
I      13801      3483
I      11023      3484
I       6031      3485
I       4985      3486
I       3465      3487
I       4616      3488
I       8089      3489
I       1939      3490
I       5792      3491
I       1659      3492
I        195      3493
I       1898      3494
I      12360      3495
I       4907      3496
I        592      3497
I       1591      3498
I       8586      3499
I       4180      3500
I       4030      3501
I       8012      3502
I      10439      3503
I       8192      3504
I        606      3505
I       4768      3506
I       9253      3507
I      14307      3508
I       8027      3509
I       9979      3510
I      16116      3511
I      16339      3512
I      11036      3513
I      16119      3514
I      11217      3515
I       3904      3516
I       5116      3517
I       9676      3518
I       2802      3519
I      13829      3520
I       3506      3521
I       3698      3522
I      14601      3523
I       2015      3524
I       8122      3525
I       5912      3526
I        149      3527
I      12638      3528
I        494      3529
I      13234      3530
I       1670      3531
I       9082      3532
I      14075      3533
I       6254      3534
I       5670      3535
I       9554      3536
I       7429      3537
I      11853      3538
I       1915      3539
I      10226      3540
I       2430      3541
I       9125      3542
I      15493      3543
I       4451      3544
I      11622      3545
I       6073      3546
I       8357      3547
I       7626      3548
I       8670      3549
I      11168      3550
I       2316      3551
I      13567      3552
I       1882      3553
I       1298      3554
I      14627      3555
I       6814      3556
I       2874      3557
I      16241      3558
I       4584      3559
I       7833      3560
I      16193      3561
I        146      3562
I       7654      3563
I       1303      3564
I       4851      3565
I       7845      3566
I       5034      3567
I      11331      3568
I       6406      3569
I      12896      3570
I       6268      3571
I      13045      3572
I       3484      3573
I       8729      3574
I        617      3575
I      10103      3576
I       5530      3577
I       2413      3578
I       5190      3579
I       5924      3580
I       3678      3581
I       9379      3582
I      13249      3583
I       3171      3584
I      16357      3585
I       3636      3586
I       2066      3587
I       7473      3588
I       5950      3589
I      16321      3590
I       5333      3591
I      10542      3592
I      15979      3593
I      10234      3594
I       2225      3595
I      12629      3596
I      13679      3597
I       4000      3598
I       2344      3599
I       3127      3600
I       3616      3601
I       1292      3602
I       8803      3603
I       6377      3604
I      10250      3605
I       5282      3606
I      11145      3607
I       1675      3608
I       1571      3609
I       2149      3610
I       2026      3611
I       5668      3612
I      11105      3613
I       4351      3614
I      11977      3615
I       8318      3616
I       1527      3617
I       3088      3618
I       2263      3619
I       8307      3620
I      10216      3621
I       9287      3622
I        881      3623
I       1503      3624
I       4678      3625
I       8466      3626
I      11600      3627
I      13807      3628
I      10974      3629
I       4098      3630
I       1749      3631
I       2511      3632
I      14448      3633
I       9837      3634
I      12951      3635
I       8569      3636
I       3868      3637
I      15662      3638
I       4703      3639
I       4733      3640
I       2155      3641
I        519      3642
I      10045      3643
I      15192      3644
I       7108      3645
I      11887      3646
I       6381      3647
I      14245      3648
I        687      3649
I       2736      3650
I       2775      3651
I      10635      3652
I      15471      3653
I      12802      3654
I       8235      3655
I      13089      3656
I       8191      3657
I      11004      3658
I       9718      3659
I       2629      3660
I       4336      3661
I        388      3662
I       2099      3663
I       8382      3664
I      10414      3665
I      13509      3666
I        106      3667
I       9381      3668
I      10164      3669
I       7889      3670
I      12437      3671
I       6868      3672
I      13468      3673
I       2363      3674
I       1022      3675
I      12447      3676
I      10027      3677
I      15799      3678
I       6226      3679
I      10405      3680
I       7477      3681
I       1873      3682
I       9484      3683
I       8797      3684
I       8067      3685
I      11011      3686
I        597      3687
I       9727      3688
I      13211      3689
I      13084      3690
I       7112      3691
I       1744      3692
I       5042      3693
I       4216      3694
I      13299      3695
I       2847      3696
I       3923      3697
I      14815      3698
I       3377      3699
I       3708      3700
I      15817      3701
I       9045      3702
I        282      3703
I       3431      3704
I      14137      3705
I      10116      3706
I      12571      3707
I       9245      3708
I       6000      3709
I        651      3710
I      14963      3711
I       2793      3712
I        117      3713
I       8754      3714
I       4284      3715
I       6065      3716
I       7341      3717
I       6603      3718
I       5710      3719
I       3717      3720
I       1998      3721
I       6891      3722
I       5677      3723
I      11505      3724
I      14375      3725
I        796      3726
I       3467      3727
I       1099      3728
I         36      3729
I      11855      3730
I      10462      3731
I      12034      3732
I      12308      3733
I       5825      3734
I      10013      3735
I       4474      3736
I      13724      3737
I       8081      3738
I      13731      3739
I       3850      3740
I       1445      3741
I       8117      3742
I       7528      3743
I      14504      3744
I       2531      3745
I      11883      3746
I       3649      3747
I       6496      3748
I      10126      3749
I      14064      3750
I       7310      3751
I      12994      3752
I       1594      3753
I       9869      3754
I       4887      3755
I       9645      3756
I      15115      3757
I      10470      3758
I      13882      3759
I      15080      3760
I       8797      3761
I      13627      3762
I       7687      3763
I       6578      3764
I       2192      3765
I      10873      3766
I       4944      3767
I       4404      3768
I       9379      3769
I       3817      3770
I      10812      3771
I      10676      3772
I      12992      3773
I       1486      3774
I        795      3775
I       4574      3776
I      12037      3777
I       5521      3778
I        758      3779
I       5356      3780
I       1924      3781
I       2955      3782
I      14731      3783
I      13179      3784
I      13134      3785
I       7474      3786
I       8383      3787
I      12005      3788
I      11453      3789
I      15222      3790
I        439      3791
I       3029      3792
I       2147      3793
I        269      3794
I       1916      3795
I       3023      3796
I      11944      3797
I      13093      3798
I       8628      3799
I      14640      3800
I       7794      3801
I      14708      3802
I       9878      3803
I      11975      3804
I      11415      3805
I       2237      3806
I       3003      3807
I       6837      3808
I      10882      3809
I      13577      3810
I      13243      3811
I      13187      3812
I       1146      3813
I       9000      3814
I       9251      3815
I       9802      3816
I       1067      3817
I       7144      3818
I        555      3819
I      11806      3820
I      14163      3821
I      11474      3822
I       8820      3823
I       1284      3824
I       7114      3825
I       1406      3826
I       6393      3827
I      13334      3828
I       3366      3829
I       8621      3830
I       4540      3831
I       8229      3832
I      15511      3833
I       6334      3834
I      12249      3835
I      14096      3836
I      12295      3837
I       3490      3838
I      11101      3839
I       8485      3840
I      13834      3841
I       2070      3842
I      15288      3843
I      12251      3844
I       3103      3845
I       9121      3846
I      11015      3847
I       6951      3848
I       9909      3849
I       7485      3850
I      14555      3851
I      14666      3852
I      16374      3853
I      12744      3854
I         73      3855
I       6022      3856
I       5741      3857
I       8762      3858
I      15829      3859
I      11619      3860
I       1145      3861
I      14284      3862
I       4143      3863
I       2291      3864
I       9309      3865
I      13817      3866
I      14283      3867
I       3888      3868
I      11278      3869
I       3037      3870
I      11436      3871
I       6176      3872
I        591      3873
I      11079      3874
I       8933      3875
I      12213      3876
I       4187      3877
I      10272      3878
I      10776      3879
I      10883      3880
I      11761      3881
I       6134      3882
I       6340      3883
I      14267      3884
I        402      3885
I      13531      3886
I       1157      3887
I        272      3888
I      14295      3889
I       5333      3890
I       4375      3891
I      11309      3892
I       3987      3893
I       5966      3894
I       6337      3895
I       7365      3896
I      12772      3897
I       4800      3898
I       1457      3899
I       7434      3900
I      11460      3901
I      10408      3902
I      13301      3903
I       8294      3904
I        960      3905
I      13040      3906
I       2589      3907
I       5820      3908
I       4342      3909
I       4687      3910
I      12129      3911
I       5941      3912
I       7594      3913
I      14905      3914
I       3304      3915
I      10395      3916
I      15273      3917
I      11458      3918
I       1557      3919
I      15569      3920
I       1517      3921
I       8212      3922
I       4578      3923
I       4642      3924
I      12196      3925
I      12274      3926
I       5902      3927
I       8744      3928
I       2074      3929
I       3678      3930
I      10199      3931
I      12418      3932
I      11520      3933
I       2495      3934
I      10659      3935
I      11369      3936
I      10218      3937
I      11824      3938
I       1081      3939
I       6972      3940
I       3289      3941
I       6290      3942
I      11168      3943
I       8596      3944
I       5110      3945
I      10946      3946
I       2412      3947
I       3571      3948
I       6032      3949
I        759      3950
I      13040      3951
I       2094      3952
I      10998      3953
I      16153      3954
I       9006      3955
I      13955      3956
I       6774      3957
I      15592      3958
I      13245      3959
I      15478      3960
I       2963      3961
I       4910      3962
I       2919      3963
I      11823      3964
I        196      3965
I      12700      3966
I      11777      3967
I       9629      3968
I      15867      3969
I      10890      3970
I       9783      3971
I       4224      3972
I       2837      3973
I        992      3974
I      13719      3975
I      14925      3976
I      13033      3977
I       3916      3978
I      15493      3979
I       6718      3980
I       5679      3981
I      10097      3982
I       9117      3983
I      11241      3984
I       9004      3985
I       1202      3986
I      12360      3987
I      12788      3988
I       1619      3989
I       9544      3990
I       1574      3991
I      14801      3992
I      14808      3993
I      16062      3994
I       3182      3995
I       5443      3996
I       9294      3997
I      13684      3998
I      12340      3999
I      11069      4000
I       5624      4001
I       8541      4002
I       9016      4003
I       1871      4004
I       9501      4005
I      12006      4006
I      10056      4007
I       7822      4008
I      15235      4009
I       7626      4010
I       5427      4011
I        133      4012
I        492      4013
I      13426      4014
I       8347      4015
I       1654      4016
I       8165      4017
I       4576      4018
I       3126      4019
I       4796      4020
I       8726      4021
I      11513      4022
I       2515      4023
I      12922      4024
I         88      4025
I      15106      4026
I       1448      4027
I       5944      4028
I      10493      4029
I      12395      4030
I       9218      4031
I      16276      4032
I       7412      4033
I       1914      4034
I       4554      4035
I      15700      4036
I       9519      4037
I      11943      4038
I      13384      4039
I       9285      4040
I       1895      4041
I       2676      4042
I      13419      4043
I       4831      4044
I       8596      4045
I        165      4046
I      15572      4047
I      11932      4048
I      15937      4049
I      16146      4050
I       4859      4051
I       5326      4052
I       6832      4053
I      12459      4054
I      16172      4055
I        455      4056
I      11429      4057
I      10125      4058
I      11598      4059
I       9071      4060
I        472      4061
I       2471      4062
I       1980      4063
I       6789      4064
I      14103      4065
I       4998      4066
I       6889      4067
I      10680      4068
I      15095      4069
I      10712      4070
I      14344      4071
I      14403      4072
I      12930      4073
I      11207      4074
I       9000      4075
I      10095      4076
I      15597      4077
I      11632      4078
I       8579      4079
I      15618      4080
I      11858      4081
I      12449      4082
I       3309      4083
I       3193      4084
I       1801      4085
I       8841      4086
I       4025      4087
I       8164      4088
I       2378      4089
I        276      4090
I       9645      4091
I       3713      4092
I      12633      4093
I       7358      4094
I       9688      4095
I      16152      4096
I       1777      4097
I       9542      4098
I       5329      4099
I       9534      4100
I       1807      4101
I      13415      4102
I       9064      4103
I       5124      4104
I      13953      4105
I      14038      4106
I      11203      4107
I       2566      4108
I       9370      4109
I       3826      4110
I      13564      4111
I      15192      4112
I       7162      4113
I       1698      4114
I      11423      4115
I       5692      4116
I      11428      4117
I        260      4118
I      10002      4119
I       7622      4120
I        981      4121
I       1802      4122
I      15462      4123
I      11301      4124
I      11497      4125
I        841      4126
I      11890      4127
I      11202      4128
I       5085      4129
I       4305      4130
I       8128      4131
I      10558      4132
I      12360      4133
I      10097      4134
I       8365      4135
I        913      4136
I       9412      4137
I      14351      4138
I       8847      4139
I       5124      4140
I      13486      4141
I        536      4142
I      15717      4143
I      11780      4144
I      11287      4145
I      13435      4146
I      10741      4147
I      14511      4148
I       4157      4149
I       3332      4150
I       2964      4151
I       2240      4152
I       5580      4153
I      10811      4154
I       1547      4155
I      11906      4156
I      14928      4157
I      14547      4158
I       1509      4159
I       3180      4160
I      11970      4161
I       7196      4162
I       4766      4163
I       5663      4164
I       3048      4165
I        940      4166
I       5647      4167
I       8136      4168
I      14100      4169
I      15933      4170
I       3850      4171
I       4205      4172
I       3600      4173
I      11444      4174
I      11044      4175
I       3282      4176
I       5850      4177
I       5028      4178
I      12792      4179
I      11634      4180
I      15162      4181
I       8224      4182
I      11473      4183
I       4343      4184
I      10033      4185
I        741      4186
I       2947      4187
I       5840      4188
I       8138      4189
I       9087      4190
I      16251      4191
I      10613      4192
I       6137      4193
I       5860      4194
I      13789      4195
I      14899      4196
I       6240      4197
I       4247      4198
I        540      4199
I       4109      4200
I        731      4201
I      15611      4202
I      15095      4203
I       7589      4204
I       9444      4205
I       5938      4206
I       4230      4207
I       9519      4208
I      12003      4209
I      12614      4210
I       9867      4211
I       1790      4212
I       3538      4213
I      10408      4214
I       1062      4215
I      14557      4216
I        367      4217
I       8193      4218
I       9840      4219
I      13593      4220
I       4565      4221
I       4428      4222
I       3645      4223
I       9957      4224
I      10381      4225
I      12439      4226
I      15971      4227
I      15121      4228
I      12641      4229
I       1979      4230
I       3128      4231
I       5440      4232
I       9059      4233
I       9547      4234
I       9939      4235
I       5231      4236
I      10500      4237
I       1060      4238
I       3734      4239
I       6849      4240
I       7747      4241
I       3337      4242
I       1997      4243
I       7224      4244
I      14397      4245
I      15320      4246
I       5283      4247
I      15368      4248
I      13405      4249
I      13944      4250
I       6721      4251
I      10895      4252
I      11482      4253
I       7807      4254
I      11618      4255
I       9367      4256
I       1598      4257
I      12660      4258
I      12237      4259
I       6559      4260
I       6203      4261
I       2639      4262
I      12068      4263
I      15019      4264
I       8850      4265
I       1333      4266
I      13577      4267
I      10100      4268
I       6988      4269
I       6508      4270
I      16002      4271
I       6895      4272
I       1829      4273
I      13275      4274
I       5459      4275
I       6018      4276
I       4044      4277
I       8899      4278
I       8509      4279
I       9720      4280
I       6970      4281
I      12333      4282
I       8152      4283
I        643      4284
I       1432      4285
I      12121      4286
I       5156      4287
I       1917      4288
I       2873      4289
I       9893      4290
I      15400      4291
I       4866      4292
I      15362      4293
I      10123      4294
I        290      4295
I       8860      4296
I       4573      4297
I       4310      4298
I      10051      4299
I       9849      4300
I      11809      4301
I       1040      4302
I      11689      4303
I       7247      4304
I      11702      4305
I       6052      4306
I      14900      4307
I      12916      4308
I       4166      4309
I      16331      4310
I       2539      4311
I       7085      4312
I       9234      4313
I       3748      4314
I      14571      4315
I       6611      4316
I      13370      4317
I      15554      4318
I      12288      4319
I        385      4320
I       7686      4321
I       4036      4322
I        742      4323
I       7757      4324
I      15058      4325
I      15250      4326
I      13309      4327
I      11061      4328
I      10072      4329
I      15555      4330
I       5040      4331
I      14113      4332
I      13942      4333
I       2312      4334
I        597      4335
I       6524      4336
I       6195      4337
I      11584      4338
I      13106      4339
I      12919      4340
I      12155      4341
I      12109      4342
I        217      4343
I       8425      4344
I       5094      4345
I       6731      4346
I      10910      4347
I       6005      4348
I      15322      4349
I       9349      4350
I       9040      4351
I       6554      4352
I      16008      4353
I      12801      4354
I       2621      4355
I      11105      4356
I       6023      4357
I      11982      4358
I      11931      4359
I      11620      4360
I      11518      4361
I      15420      4362
I       1631      4363
I      12007      4364
I       9235      4365
I       9672      4366
I      13449      4367
I       6144      4368
I       7073      4369
I       6993      4370
I      14508      4371
I       6925      4372
I       6389      4373
I      13851      4374
I      15994      4375
I       1196      4376
I      11652      4377
I      14665      4378
I       6985      4379
I      11609      4380
I      11365      4381
I       7504      4382
I       8527      4383
I       2502      4384
I       9123      4385
I      13478      4386
I      15077      4387
I       7975      4388
I       6480      4389
I       3534      4390
I       2575      4391
I       2797      4392
I      11752      4393
I       3996      4394
I      13599      4395
I        454      4396
I       1068      4397
I      15125      4398
I       7664      4399
I       5307      4400
I      13157      4401
I      13627      4402
I      13795      4403
I      11065      4404
I      11347      4405
I       9556      4406
I       6289      4407
I       9139      4408
I      10338      4409
I      11908      4410
I       7237      4411
I      13365      4412
I       7758      4413
I       3011      4414
I       4313      4415
I        268      4416
I       9220      4417
I         69      4418
I       3494      4419
I      10130      4420
I       2177      4421
I       6960      4422
I       9559      4423
I      10502      4424
I       4650      4425
I       9221      4426
I       3717      4427
I      14927      4428
I       7479      4429
I      10581      4430
I      15806      4431
I      12007      4432
I       7650      4433
I       5087      4434
I       3954      4435
I       5688      4436
I      14660      4437
I      11452      4438
I      12411      4439
I       6003      4440
I       6743      4441
I      12125      4442
I       6630      4443
I      13429      4444
I       2154      4445
I      15456      4446
I       9991      4447
I      15544      4448
I       8876      4449
I       7516      4450
I       2126      4451
I       5352      4452
I       3478      4453
I      14475      4454
I      14942      4455
I      10738      4456
I      11329      4457
I       8460      4458
I      10381      4459
I       5151      4460
I       1078      4461
I       7422      4462
I      14806      4463
I       1244      4464
I      12869      4465
I      15487      4466
I       5712      4467
I      10658      4468
I      15284      4469
I       2878      4470
I       4032      4471
I       1354      4472
I        373      4473
I      14277      4474
I       2535      4475
I      15534      4476
I       4365      4477
I       4929      4478
I       3608      4479
I      15625      4480
I      12417      4481
I      15767      4482
I      12388      4483
I      15327      4484
I       5457      4485
I       2372      4486
I       6783      4487
I      11793      4488
I       8579      4489
I      15834      4490
I      13001      4491
I      11093      4492
I       2397      4493
I      11440      4494
I       8621      4495
I       3239      4496
I       9781      4497
I      10262      4498
I        691      4499
I       3065      4500
I      12753      4501
I       7164      4502
I      13248      4503
I      12683      4504
I      11148      4505
I       5662      4506
I       5403      4507
I        124      4508
I       6261      4509
I      16269      4510
I      12577      4511
I      11224      4512
I      13657      4513
I       4908      4514
I      11167      4515
I      11634      4516
I       8674      4517
I      14217      4518
I       3266      4519
I      15030      4520
I       6897      4521
I       5078      4522
I       9680      4523
I       9783      4524
I      14544      4525
I       7857      4526
I       7106      4527
I       2585      4528
I       3171      4529
I       3091      4530
I       3500      4531
I       5481      4532
I        625      4533
I       1014      4534
I       6890      4535
I       4607      4536
I       3851      4537
I       4767      4538
I       9649      4539
I       1843      4540
I       9153      4541
I        198      4542
I         58      4543
I       4179      4544
I       6980      4545
I       1190      4546
I       2899      4547
I       6985      4548
I       6054      4549
I      10689      4550
I       7634      4551
I       3989      4552
I       7650      4553
I       7531      4554
I       7240      4555
I       5432      4556
I       7574      4557
I       8874      4558
I       4082      4559
I       9357      4560
I       4657      4561
I       5961      4562
I       9591      4563
I      15273      4564
I        183      4565
I       2004      4566
I      16065      4567
I       3595      4568
I      15471      4569
I       6558      4570
I      13779      4571
I       8281      4572
I       7480      4573
I      15473      4574
I      13159      4575
I       9820      4576
I      11281      4577
I        872      4578
I       5103      4579
I       5462      4580
I       5754      4581
I      11039      4582
I      12488      4583
I       2275      4584
I       3780      4585
I      14572      4586
I       8143      4587
I       7985      4588
I       8213      4589
I      12844      4590
I       3687      4591
I       2655      4592
I      15224      4593
I      13290      4594
I      14247      4595
I       9350      4596
I      15126      4597
I        999      4598
I       5013      4599
I       4690      4600
I       5958      4601
I       8626      4602
I      13409      4603
I         99      4604
I      13654      4605
I       3991      4606
I       5524      4607
I       2748      4608
I      14759      4609
I       6760      4610
I       9926      4611
I       6792      4612
I      14751      4613
I      11512      4614
I       5198      4615
I      14516      4616
I       9621      4617
I       2066      4618
I       3073      4619
I      12286      4620
I        489      4621
I       2931      4622
I       8328      4623
I       3929      4624
I       1601      4625
I      10260      4626
I       1902      4627
I      11269      4628
I      11682      4629
I      14154      4630
I       2816      4631
I       6831      4632
I       1785      4633
I      10975      4634
I       8164      4635
I      11400      4636
I       5070      4637
I        277      4638
I      13519      4639
I      10631      4640
I       2680      4641
I       2166      4642
I        346      4643
I       5278      4644
I       8114      4645
I       1062      4646
I       1394      4647
I       4531      4648
I       3277      4649
I      13703      4650
I       4668      4651
I       8342      4652
I       8201      4653
I        662      4654
I      10403      4655
I      10303      4656
I      13136      4657
I       8744      4658
I       8872      4659
I        403      4660
I      15217      4661
I      10371      4662
I       8359      4663
I       3262      4664
I       1946      4665
I      15052      4666
I      13796      4667
I       9222      4668
I      10104      4669
I      12313      4670
I       3803      4671
I      15081      4672
I      11541      4673
I       8261      4674
I      12920      4675
I       8327      4676
I      12931      4677
I       5004      4678
I      12829      4679
I      12384      4680
I        267      4681
I      14289      4682
I      13903      4683
I      10850      4684
I       6157      4685
I       2339      4686
I       8218      4687
I       4773      4688
I       2677      4689
I       1602      4690
I      10838      4691
I       8270      4692
I       5008      4693
I       6179      4694
I       3341      4695
I       3121      4696
I      12726      4697
I      10772      4698
I      16220      4699
I        282      4700
I       3541      4701
I       7969      4702
I      12951      4703
I       8861      4704
I      11204      4705
I       4631      4706
I       6015      4707
I       8520      4708
I       9167      4709
I      14867      4710
I      15925      4711
I      10703      4712
I      12712      4713
I       5431      4714
I       6216      4715
I      10318      4716
I       6442      4717
I      14037      4718
I      14394      4719
I       9328      4720
I      13223      4721
I       2940      4722
I       2554      4723
I      13815      4724
I      12516      4725
I      11140      4726
I      10781      4727
I       8832      4728
I      13627      4729
I      13855      4730
I      13624      4731
I      15899      4732
I      10822      4733
I       7663      4734
I      15836      4735
I       3182      4736
I       3014      4737
I      11528      4738
I       4256      4739
I      16084      4740
I       3608      4741
I       6701      4742
I      15155      4743
I      12290      4744
I       6922      4745
I      12709      4746
I       2857      4747
I      13295      4748
I      13568      4749
I       3856      4750
I      13512      4751
I       7373      4752
I       3065      4753
I      15430      4754
I      11959      4755
I      12381      4756
I       4724      4757
I       6580      4758
I       2680      4759
I       3105      4760
I       7799      4761
I      13532      4762
I      10749      4763
I      12351      4764
I       8694      4765
I        791      4766
I       4271      4767
I      12008      4768
I      10930      4769
I       2388      4770
I         87      4771
I       8482      4772
I       3936      4773
I       7886      4774
I        726      4775
I        529      4776
I      12330      4777
I      15352      4778
I       6286      4779
I      14901      4780
I       6650      4781
I       9267      4782
I      13988      4783
I      13227      4784
I       3910      4785
I       6939      4786
I       1517      4787
I      11897      4788
I       5034      4789
I       6570      4790
I       8971      4791
I       8946      4792
I       5366      4793
I       4520      4794
I       7897      4795
I       7278      4796
I      11613      4797
I       4702      4798
I      14756      4799
I       7761      4800
I        921      4801
I      15969      4802
I       7982      4803
I       7563      4804
I      10864      4805
I        429      4806
I       1464      4807
I       5495      4808
I       3940      4809
I      14494      4810
I       3386      4811
I      11606      4812
I       5477      4813
I       7360      4814
I      10831      4815
I      10514      4816
I      12391      4817
I       3701      4818
I       9988      4819
I       2136      4820
I       9893      4821
I      10604      4822
I       5373      4823
I       9951      4824
I       5925      4825
I      12425      4826
I       5958      4827
I       4674      4828
I       6638      4829
I       5485      4830
I      16355      4831
I       1311      4832
I       7869      4833
I      14988      4834
I      10302      4835
I       5411      4836
I      14423      4837
I       1678      4838
I      15857      4839
I       7224      4840
I       8485      4841
I      15237      4842
I      12311      4843
I       5662      4844
I       1423      4845
I       3604      4846
I       7628      4847
I      10090      4848
I      13480      4849
I      14801      4850
I       4575      4851
I       3132      4852
I       4313      4853
I       5024      4854
I      10853      4855
I      11390      4856
I       4976      4857
I       5542      4858
I      14397      4859
I       1179      4860
I       9599      4861
I      16361      4862
I      15627      4863
I       4741      4864
I      15643      4865
I       9350      4866
I      13853      4867
I       6889      4868
I      14872      4869
I       9030      4870
I      13240      4871
I        899      4872
I      15183      4873
I       2527      4874
I       7645      4875
I      10895      4876
I      15906      4877
I       4394      4878
I      15836      4879
I       7247      4880
I      15080      4881
I       6104      4882
I       5063      4883
I       4839      4884
I       1716      4885
I      13794      4886
I       5052      4887
I      12666      4888
I       4035      4889
I       9221      4890
I      12430      4891
I      12375      4892
I      11309      4893
I      12251      4894
I       2800      4895
I       6825      4896
I       7880      4897
I        789      4898
I       5841      4899
I      14685      4900
I      11262      4901
I      12469      4902
I       6281      4903
I        487      4904
I       1890      4905
I       5379      4906
I       9543      4907
I       1123      4908
I        101      4909
I       7586      4910
I      12186      4911
I       9744      4912
I      10186      4913
I      13020      4914
I       3200      4915
I      15556      4916
I      12661      4917
I      11581      4918
I       6904      4919
I       6021      4920
I        316      4921
I       6228      4922
I       2175      4923
I       4367      4924
I      15422      4925
I      16099      4926
I      12853      4927
I      13491      4928
I        390      4929
I       6407      4930
I      14371      4931
I       2089      4932
I      10532      4933
I       4879      4934
I       4114      4935
I      10695      4936
I      13115      4937
I      10331      4938
I      15206      4939
I       2831      4940
I       5014      4941
I       8926      4942
I       3769      4943
I       9075      4944
I        289      4945
I       5128      4946
I      11949      4947
I      12510      4948
I      16171      4949
I      10481      4950
I      10730      4951
I      12875      4952
I      12900      4953
I      15330      4954
I      13934      4955
I      11688      4956
I      15251      4957
I       8406      4958
I      15929      4959
I       9183      4960
I      10745      4961
I      13101      4962
I       7813      4963
I       5624      4964
I      13224      4965
I      14525      4966
I       3532      4967
I      10722      4968
I      16384      4969
I       8162      4970
I      13882      4971
I      13100      4972
I       3207      4973
I       7047      4974
I       5082      4975
I       9042      4976
I      15531      4977
I       7600      4978
I      11438      4979
I       5651      4980
I       3231      4981
I       8463      4982
I       7362      4983
I       6953      4984
I       5353      4985
I      10647      4986
I       5224      4987
I       6786      4988
I       7813      4989
I       4547      4990
I       3073      4991
I      15891      4992
I       7818      4993
I      10038      4994
I       4787      4995
I      13857      4996
I       6406      4997
I       8878      4998
I       7724      4999
I       8224      5000
I        446      5001
I       9440      5002
I      11374      5003
I       9440      5004
I      15787      5005
I      10114      5006
I      15724      5007
I       1099      5008
I       1887      5009
I         43      5010
I      10251      5011
I       2704      5012
I       9679      5013
I       5301      5014
I      13218      5015
I        116      5016
I       8141      5017
I      14942      5018
I       2405      5019
I       3964      5020
I       3518      5021
I      12350      5022
I       8957      5023
I      13461      5024
I       7959      5025
I       4736      5026
I       8946      5027
I       1285      5028
I       7670      5029
I      15527      5030
I      10175      5031
I       6413      5032
I      13435      5033
I       3039      5034
I      11513      5035
I      15290      5036
I       6899      5037
I       8264      5038
I       9642      5039
I       9157      5040
I       9206      5041
I       1403      5042
I      15761      5043
I       8472      5044
I      10157      5045
I      13177      5046
I      15313      5047
I       6944      5048
I       2030      5049
I      14835      5050
I      10621      5051
I       7163      5052
I       7462      5053
I       8893      5054
I      12948      5055
I       8789      5056
I      15748      5057
I      10547      5058
I      10303      5059
I       5013      5060
I         10      5061
I       5448      5062
I      12574      5063
I       7304      5064
I       2548      5065
I      14323      5066
I      11185      5067
I       8120      5068
I      14257      5069
I       1942      5070
I      15918      5071
I       2514      5072
I      15994      5073
I      15136      5074
I      11472      5075
I      10328      5076
I       5431      5077
I        312      5078
I       8830      5079
I       8868      5080
I       2325      5081
I       8785      5082
I       4976      5083
I       7364      5084
I       9341      5085
I       7329      5086
I      11589      5087
I       2993      5088
I      10658      5089
I       1896      5090
I       7528      5091
I      12955      5092
I      10038      5093
I       6965      5094
I      14740      5095
I      12869      5096
I      16035      5097
I       6077      5098
I       8862      5099
I       8406      5100
I      10452      5101
I       1332      5102
I      16035      5103
I       1697      5104
I      13371      5105
I       5064      5106
I       1022      5107
I       5586      5108
I      15754      5109
I      11213      5110
I      12747      5111
I      16229      5112
I       3901      5113
I       1690      5114
I      13338      5115
I       5574      5116
I      10266      5117
I       4410      5118
I        445      5119
I        693      5120
I      13794      5121
I      10475      5122
I       4872      5123
I       9169      5124
I      14950      5125
I      10158      5126
I       1187      5127
I       3908      5128
I      12129      5129
I       9286      5130
I      12509      5131
I       9849      5132
I       9684      5133
I      16364      5134
I       7064      5135
I      14954      5136
I       1752      5137
I        498      5138
I       1529      5139
I       6056      5140
I      12669      5141
I       9608      5142
I       7545      5143
I       8582      5144
I      10643      5145
I       4999      5146
I       4168      5147
I       7637      5148
I       7368      5149
I      13809      5150
I       7333      5151
I      16019      5152
I       7774      5153
I       7228      5154
I      16033      5155
I       7964      5156
I      13567      5157
I      16232      5158
I      15181      5159
I       3772      5160
I      15542      5161
I      10250      5162
I       5108      5163
I      13928      5164
I      13643      5165
I       7321      5166
I      15921      5167
I        216      5168
I       9017      5169
I       5105      5170
I       3311      5171
I      14081      5172
I      14885      5173
I      15848      5174
I       2117      5175
I      10482      5176
I      10214      5177
I       1577      5178
I       1088      5179
I        967      5180
I      14750      5181
I       7440      5182
I      10919      5183
I      13994      5184
I       5011      5185
I      12006      5186
I       5487      5187
I       4032      5188
I      16338      5189
I       7293      5190
I       8760      5191
I       5562      5192
I       4975      5193
I       3571      5194
I      10433      5195
I        283      5196
I      16012      5197
I       9277      5198
I       4903      5199
I       1781      5200
I       7368      5201
I       5991      5202
I      14063      5203
I        271      5204
I       1167      5205
I      15879      5206
I       8046      5207
I      14390      5208
I      14969      5209
I       9078      5210
I      10616      5211
I       7157      5212
I      13502      5213
I      16326      5214
I      16324      5215
I      11766      5216
I       8810      5217
I        293      5218
I       2926      5219
I       1364      5220
I       6216      5221
I       1525      5222
I      12376      5223
I      13344      5224
I      11902      5225
I       7669      5226
I       7013      5227
I       4711      5228
I        259      5229
I       8840      5230
I      13295      5231
I      13230      5232
I       1470      5233
I      13968      5234
I       9808      5235
I      13005      5236
I       7367      5237
I       2436      5238
I       4802      5239
I       3443      5240
I       7983      5241
I       8445      5242
I       4254      5243
I      13674      5244
I       6762      5245
I       9266      5246
I      11654      5247
I       8414      5248
I       1892      5249
I       8748      5250
I      12431      5251
I        277      5252
I       2114      5253
I       1677      5254
I       1832      5255
I       3418      5256
I       1808      5257
I       8936      5258
I      14716      5259
I      16033      5260
I      10188      5261
I      10583      5262
I        330      5263
I       3286      5264
I      14188      5265
I       2438      5266
I       9558      5267
I      11247      5268
I       6342      5269
I       4021      5270
I      14509      5271
I       6876      5272
I       9748      5273
I       8549      5274
I       5913      5275
I       5040      5276
I        304      5277
I      15323      5278
I      12536      5279
I      13837      5280
I       7101      5281
I      14856      5282
I      11551      5283
I       7188      5284
I       4692      5285
I      10605      5286
I         60      5287
I      15312      5288
I       6065      5289
I       8718      5290
I       5692      5291
I       3679      5292
I      14924      5293
I      10976      5294
I      14436      5295
I      11679      5296
I        874      5297
I       9992      5298
I       5775      5299
I       6302      5300
I      13655      5301
I       1416      5302
I       9275      5303
I      10784      5304
I      14402      5305
I      16375      5306
I      15401      5307
I       4065      5308
I        452      5309
I       6688      5310
I      15021      5311
I       9881      5312
I      13224      5313
I      15036      5314
I       7808      5315
I       1981      5316
I       7455      5317
I       3112      5318
I       2935      5319
I      13110      5320
I       1307      5321
I       5969      5322
I       5883      5323
I      14932      5324
I      15245      5325
I       8500      5326
I       2544      5327
I       5028      5328
I       5138      5329
I      15259      5330
I       2585      5331
I      11181      5332
I       5223      5333
I      15737      5334
I       4488      5335
I       8799      5336
I       8217      5337
I      13835      5338
I       8213      5339
I       4851      5340
I      12092      5341
I      10138      5342
I       1932      5343
I       8205      5344
I      13687      5345
I      15429      5346
I      10558      5347
I       2358      5348
I       7048      5349
I      15597      5350
I       6839      5351
I      14714      5352
I       7578      5353
I      10673      5354
I        259      5355
I      14643      5356
I       2767      5357
I        449      5358
I       3284      5359
I        364      5360
I       3283      5361
I       2218      5362
I       2257      5363
I       6718      5364
I      15057      5365
I        285      5366
I       5559      5367
I      14948      5368
I      14877      5369
I       7590      5370
I       4466      5371
I      10615      5372
I      11092      5373
I       8512      5374
I        944      5375
I       8918      5376
I       6142      5377
I       1758      5378
I       6215      5379
I       4597      5380
I      15627      5381
I      13112      5382
I       2550      5383
I       5815      5384
I       1630      5385
I      14404      5386
I      14387      5387
I       6840      5388
I       1659      5389
I      15412      5390
I       9649      5391
I       3225      5392
I       4028      5393
I       5715      5394
I      13102      5395
I       7874      5396
I       6466      5397
I       3069      5398
I       3016      5399
I       2363      5400
I        377      5401
I       9005      5402
I       6664      5403
I      14845      5404
I      13684      5405
I      15919      5406
I       9998      5407
I      13587      5408
I       7046      5409
I      13646      5410
I      12224      5411
I       8890      5412
I       9632      5413
I       7905      5414
I       2484      5415
I        644      5416
I      16307      5417
I       3018      5418
I        572      5419
I      13191      5420
I      14526      5421
I       9146      5422
I       7458      5423
I      10052      5424
I       6700      5425
I      15577      5426
I      13676      5427
I       9976      5428
I       7675      5429
I      15791      5430
I       9742      5431
I      13773      5432
I      12222      5433
I       9746      5434
I       4203      5435
I      11890      5436
I      14630      5437
I       7919      5438
I       8064      5439
I       5421      5440
I       4892      5441
I        542      5442
I       3287      5443
I       6000      5444
I       6162      5445
I       7764      5446
I       7833      5447
I      12376      5448
I       1784      5449
I      10569      5450
I       6270      5451
I       4975      5452
I      12302      5453
I      13576      5454
I        131      5455
I       4618      5456
I       1946      5457
I       7255      5458
I       6269      5459
I      12556      5460
I       5347      5461
I       8237      5462
I        305      5463
I      14176      5464
I       9627      5465
I      13861      5466
I       6731      5467
I       8905      5468
I       3839      5469
I       8942      5470
I       3392      5471
I       7522      5472
I       8904      5473
I       5008      5474
I       7191      5475
I        214      5476
I      12311      5477
I       5422      5478
I       3870      5479
I      10466      5480
I       1812      5481
I       1882      5482
I       1146      5483
I       7677      5484
I      14688      5485
I      10837      5486
I       5333      5487
I       5509      5488
I       6086      5489
I       6522      5490
I      11807      5491
I       1880      5492
I       2515      5493
I       5567      5494
I       4147      5495
I        992      5496
I       8527      5497
I       1774      5498
I       3978      5499
I       9037      5500
I       8879      5501
I      14435      5502
I       7505      5503
I      12262      5504
I       5728      5505
I      15585      5506
I      15530      5507
I       5066      5508
I       5298      5509
I      10995      5510
I       2114      5511
I      14958      5512
I       7670      5513
I       1428      5514
I       8703      5515
I       8226      5516
I      12523      5517
I       5492      5518
I       6783      5519
I      13350      5520
I      12211      5521
I       7022      5522
I       2997      5523
I       6671      5524
I       4877      5525
I       5241      5526
I       3243      5527
I       5508      5528
I       4436      5529
I      13565      5530
I       2580      5531
I       5728      5532
I       2632      5533
I       7780      5534
I        306      5535
I       9655      5536
I        390      5537
I      16222      5538
I       9220      5539
I       1490      5540
I      13138      5541
I       6647      5542
I        154      5543
I       8869      5544
I       1569      5545
I       6689      5546
I      13178      5547
I      14803      5548
I      14773      5549
I       4581      5550
I       1346      5551
I      12777      5552
I      13421      5553
I      10303      5554
I       5530      5555
I       1882      5556
I       7816      5557
I        856      5558
I       9094      5559
I      14752      5560
I       3618      5561
I       3993      5562
I      11498      5563
I       2104      5564
I       8898      5565
I      13143      5566
I      15703      5567
I       7822      5568
I       5427      5569
I       9918      5570
I      15735      5571
I      12464      5572
I         38      5573
I      10685      5574
I       4895      5575
I       6954      5576
I       4579      5577
I      13456      5578
I      11152      5579
I       4279      5580
I        281      5581
I      11120      5582
I       9936      5583
I       7667      5584
I       2890      5585
I       8179      5586
I       4802      5587
I      15635      5588
I       1999      5589
I      11988      5590
I       5290      5591
I      14195      5592
I      12550      5593
I       2679      5594
I      12845      5595
I       4754      5596
I      15221      5597
I       3481      5598
I       1279      5599
I       5313      5600
I       2758      5601
I       4211      5602
I       7154      5603
I      13116      5604
I       5588      5605
I       1661      5606
I       5176      5607
I       1304      5608
I      16276      5609
I       5164      5610
I       3447      5611
I       8355      5612
I       4831      5613
I      11429      5614
I       7086      5615
I       6583      5616
I      10748      5617
I       8653      5618
I      12084      5619
I      15700      5620
I      12492      5621
I         56      5622
I       6204      5623
I      14238      5624
I       3107      5625
I      15928      5626
I      10900      5627
I       1829      5628
I      10953      5629
I       7424      5630
I      11684      5631
I      15131      5632
I      11245      5633
I       8694      5634
I       4251      5635
I       1249      5636
I       7017      5637
I       2283      5638
I       7071      5639
I       4365      5640
I       2367      5641
I      12428      5642
I       9137      5643
I      13085      5644
I       4215      5645
I       9236      5646
I       2823      5647
I       3244      5648
I       8824      5649
I      14765      5650
I       5870      5651
I      12921      5652
I      12799      5653
I      10451      5654
I      15912      5655
I      10638      5656
I       2985      5657
I      12304      5658
I      11832      5659
I       9717      5660
I       7901      5661
I       9740      5662
I       2993      5663
I      13166      5664
I      10792      5665
I       7657      5666
I      15357      5667
I       9081      5668
I       6066      5669
I       2547      5670
I       6439      5671
I      12469      5672
I      15099      5673
I      14267      5674
I       1106      5675
I       5992      5676
I       6250      5677
I       1613      5678
I      12399      5679
I      12044      5680
I      15648      5681
I       4132      5682
I       6285      5683
I       8408      5684
I       4901      5685
I       6736      5686
I      15038      5687
I       8527      5688
I       9493      5689
I        950      5690
I      12935      5691
I      12775      5692
I      13342      5693
I      15415      5694
I      14864      5695
I        711      5696
I      15673      5697
I       8241      5698
I      10927      5699
I       9923      5700
I       5194      5701
I       8838      5702
I      13347      5703
I      10867      5704
I       7426      5705
I       7270      5706
I      13053      5707
I      15727      5708
I      11252      5709
I       8353      5710
I        693      5711
I       2376      5712
I      15318      5713
I      13748      5714
I      12627      5715
I      15248      5716
I       3706      5717
I       4940      5718
I      12493      5719
I      10761      5720
I       1925      5721
I      12178      5722
I        603      5723
I      14779      5724
I      11572      5725
I      16062      5726
I      15742      5727
I       2465      5728
I        216      5729
I      11220      5730
I      10336      5731
I      11354      5732
I       6323      5733
I       7598      5734
I      15708      5735
I       8224      5736
I      13857      5737
I       7882      5738
I      13393      5739
I       8563      5740
I       9029      5741
I      12195      5742
I      15906      5743
I       7552      5744
I      16186      5745
I       8163      5746
I      13520      5747
I       2223      5748
I      13869      5749
I       3085      5750
I       1912      5751
I       8736      5752
I       1893      5753
I      15743      5754
I       9274      5755
I       4672      5756
I      11958      5757
I       8947      5758
I       7007      5759
I      11127      5760
I      11558      5761
I       8936      5762
I       8497      5763
I       6577      5764
I      14615      5765
I       6369      5766
I       5730      5767
I      15693      5768
I       3499      5769
I       2718      5770
I       3250      5771
I       3885      5772
I       1689      5773
I       4536      5774
I      13083      5775
I       5371      5776
I       7735      5777
I      10525      5778
I      14008      5779
I       9031      5780
I         17      5781
I       4658      5782
I        270      5783
I       2859      5784
I      11726      5785
I       9848      5786
I      13662      5787
I      14836      5788
I       6777      5789
I       7433      5790
I       7843      5791
I      14558      5792
I       3992      5793
I      12715      5794
I       4175      5795
I       6968      5796
I      12298      5797
I      11697      5798
I      16120      5799
I      12184      5800
I       9902      5801
I       6605      5802
I       2318      5803
I       5075      5804
I       9052      5805
I        781      5806
I      14412      5807
I       1719      5808
I       5612      5809
I       7884      5810
I      14279      5811
I       3490      5812
I       6873      5813
I      15629      5814
I      11009      5815
I       9709      5816
I       2483      5817
I      12029      5818
I       7096      5819
I      14263      5820
I      12365      5821
I       9309      5822
I       1079      5823
I       4565      5824
I      12435      5825
I      10075      5826
I       1644      5827
I       9460      5828
I      15522      5829
I       9583      5830
I       6478      5831
I      13060      5832
I      16334      5833
I       2370      5834
I       3233      5835
I       9757      5836
I       1185      5837
I        478      5838
I      11287      5839
I      13516      5840
I      13754      5841
I       6218      5842
I       6588      5843
I       6798      5844
I      10965      5845
I      13801      5846
I       7639      5847
I       2365      5848
I       5201      5849
I         86      5850
I        108      5851
I       5812      5852
I      14570      5853
I       6592      5854
I      14502      5855
I         79      5856
I       7736      5857
I       4038      5858
I       4843      5859
I       9726      5860
I      13409      5861
I      13179      5862
I       2910      5863
I       1766      5864
I       9432      5865
I       6625      5866
I       7582      5867
I      12141      5868
I       7604      5869
I        225      5870
I       3230      5871
I      11837      5872
I       2335      5873
I       8335      5874
I      12515      5875
I       4462      5876
I       4389      5877
I      12142      5878
I      13057      5879
I        868      5880
I       8890      5881
I       8557      5882
I      16175      5883
I       7993      5884
I       2515      5885
I       5727      5886
I       5692      5887
I       8610      5888
I      13872      5889
I      16044      5890
I       6458      5891
I      14628      5892
I       2709      5893
I      11613      5894
I      14436      5895
I      12127      5896
I      13318      5897
I      12968      5898
I       1799      5899
I      12352      5900
I      14666      5901
I       4346      5902
I       4498      5903
I       4257      5904
I      15242      5905
I       3170      5906
I        717      5907
I       9257      5908
I       5064      5909
I       4056      5910
I       1771      5911
I       2024      5912
I       3269      5913
I       2863      5914
I       9741      5915
I      11241      5916
I        521      5917
I      10067      5918
I      13648      5919
I      11936      5920
I       8253      5921
I      10993      5922
I       1815      5923
I       7444      5924
I       3633      5925
I      15730      5926
I       1338      5927
I       7808      5928
I      10517      5929
I       7096      5930
I          4      5931
I       8292      5932
I       3105      5933
I       1418      5934
I      10625      5935
I      14009      5936
I       9131      5937
I       8763      5938
I      15519      5939
I       4987      5940
I       9152      5941
I       7604      5942
I       7170      5943
I       1333      5944
I      14662      5945
I      10925      5946
I       6528      5947
I       1653      5948
I      14459      5949
I       2276      5950
I       7242      5951
I       5664      5952
I      15639      5953
I       4040      5954
I       3244      5955
I      14146      5956
I        788      5957
I      15994      5958
I      16270      5959
I       7386      5960
I       4978      5961
I       3186      5962
I       4075      5963
I      13437      5964
I       4681      5965
I       4481      5966
I       9771      5967
I       7019      5968
I       3000      5969
I      15975      5970
I       9650      5971
I       8598      5972
I       4012      5973
I       7632      5974
I      16145      5975
I        912      5976
I       4155      5977
I      13360      5978
I       8105      5979
I      14867      5980
I       1538      5981
I      14559      5982
I       1714      5983
I       4774      5984
I        254      5985
I      14275      5986
I      14108      5987
I       2701      5988
I      11786      5989
I      11107      5990
I       3744      5991
I       6347      5992
I      10131      5993
I       9167      5994
I       8113      5995
I       2362      5996
I       4733      5997
I       1627      5998
I        839      5999
I       2021      6000
I       3056      6001
I      14834      6002
I      13089      6003
I       5537      6004
I      13171      6005
I       2684      6006
I      12181      6007
I      12750      6008
I       9527      6009
I       8042      6010
I       2260      6011
I      15926      6012
I      14319      6013
I      13353      6014
I       3600      6015
I      16336      6016
I      14215      6017
I       1511      6018
I        829      6019
I      16260      6020
I       3326      6021
I        717      6022
I      13118      6023
I       7922      6024
I       2505      6025
I       8196      6026
I       8095      6027
I       7810      6028
I      14007      6029
I       2533      6030
I        213      6031
I       7595      6032
I       4106      6033
I      15362      6034
I      13331      6035
I       6659      6036
I       9950      6037
I       4204      6038
I        603      6039
I       5616      6040
I       6725      6041
I       3503      6042
I      13317      6043
I       7599      6044
I       4469      6045
I      12442      6046
I       5478      6047
I      11186      6048
I       9725      6049
I      13420      6050
I       7432      6051
I       6481      6052
I      11899      6053
I       1411      6054
I       8696      6055
I      10392      6056
I      13347      6057
I      10168      6058
I       7411      6059
I      11044      6060
I       8617      6061
I       1202      6062
I       2836      6063
I      10687      6064
I       6106      6065
I       8858      6066
I      15072      6067
I       8393      6068
I       6163      6069
I       1852      6070
I      10675      6071
I      14228      6072
I      12972      6073
I       7133      6074
I       6875      6075
I       8113      6076
I      11758      6077
I       2348      6078
I       5501      6079
I       2812      6080
I       4260      6081
I      14443      6082
I      12689      6083
I      14630      6084
I      15163      6085
I      10355      6086
I       7361      6087
I       6211      6088
I       2726      6089
I       8434      6090
I      12132      6091
I       9368      6092
I      13319      6093
I       6002      6094
I        580      6095
I       7138      6096
I      12464      6097
I       6066      6098
I       5360      6099
I       1896      6100
I       2144      6101
I       9036      6102
I      12482      6103
I       8622      6104
I       1907      6105
I       7574      6106
I      13448      6107
I       2223      6108
I      10209      6109
I       2070      6110
I       9282      6111
I       7907      6112
I       2203      6113
I       6330      6114
I       3214      6115
I      14734      6116
I      10493      6117
I       7167      6118
I      16130      6119
I      10343      6120
I       3423      6121
I       2696      6122
I       9676      6123
I      10249      6124
I      14142      6125
I       6570      6126
I       2582      6127
I      13663      6128
I       5030      6129
I      13134      6130
I       9815      6131
I       4005      6132
I       1866      6133
I        461      6134
I       7209      6135
I       5997      6136
I      12042      6137
I       6253      6138
I      13645      6139
I       1817      6140
I      12252      6141
I         89      6142
I       5202      6143
I      15032      6144
I       3725      6145
I      11821      6146
I       9635      6147
I      10749      6148
I      12431      6149
I      14231      6150
I       7846      6151
I      15910      6152
I       5388      6153
I       5263      6154
I       8951      6155
I      16155      6156
I       3503      6157
I       6469      6158
I      10775      6159
I       9607      6160
I       8423      6161
I      15681      6162
I        152      6163
I       8671      6164
I      14374      6165
I       2271      6166
I       5856      6167
I        547      6168
I       2062      6169
I       8757      6170
I      11861      6171
I       8219      6172
I      14281      6173
I      11994      6174
I       6211      6175
I      11588      6176
I       6005      6177
I       2563      6178
I      15808      6179
I       8433      6180
I      11688      6181
I      13822      6182
I      13326      6183
I      13785      6184
I      15047      6185
I      11453      6186
I       3204      6187
I       1010      6188
I      13808      6189
I      14859      6190
I       9172      6191
I      12258      6192
I       2253      6193
I      16256      6194
I      11067      6195
I      11497      6196
I       3219      6197
I      13391      6198
I       6113      6199
I       7331      6200
I       7592      6201
I       2990      6202
I      11203      6203
I      13446      6204
I       9761      6205
I       5862      6206
I       1030      6207
I       7373      6208
I       5715      6209
I      12571      6210
I      15919      6211
I       6031      6212
I      10810      6213
I      12050      6214
I       1816      6215
I       8787      6216
I       7169      6217
I      11378      6218
I       8736      6219
I       8713      6220
I       7527      6221
I      11012      6222
I       8721      6223
I      11961      6224
I      10201      6225
I      13045      6226
I      13788      6227
I       1945      6228
I       5289      6229
I       1916      6230
I       8063      6231
I      13604      6232
I      15697      6233
I      12399      6234
I      15955      6235
I       1150      6236
I       2606      6237
I       9700      6238
I       2007      6239
I       7436      6240
I      11415      6241
I      10683      6242
I       5669      6243
I      11505      6244
I      13641      6245
I      10543      6246
I       4475      6247
I      15723      6248
I       6617      6249
I       3997      6250
I       7092      6251
I      14553      6252
I       7906      6253
I       9880      6254
I       5450      6255
I       9270      6256
I       2640      6257
I      13111      6258
I       7682      6259
I      11893      6260
I       9190      6261
I      10659      6262
I      12390      6263
I      15458      6264
I       9857      6265
I      13299      6266
I       8340      6267
I      14186      6268
I       9779      6269
I      15355      6270
I       8754      6271
I        427      6272
I      12363      6273
I       2161      6274
I       1864      6275
I      13715      6276
I      13511      6277
I      10378      6278
I       7481      6279
I       5601      6280
I       5958      6281
I      15462      6282
I       7333      6283
I       6487      6284
I       9293      6285
I       3988      6286
I      14732      6287
I       4030      6288
I      13606      6289
I      15539      6290
I       6324      6291
I       1980      6292
I      15859      6293
I      14776      6294
I      15279      6295
I       3086      6296
I       2166      6297
I      12325      6298
I      11528      6299
I       3848      6300
I       4955      6301
I      10264      6302
I       5614      6303
I       5369      6304
I      14823      6305
I       7176      6306
I       3832      6307
I        802      6308
I      15907      6309
I        132      6310
I       7724      6311
I      11516      6312
I      14317      6313
I      14863      6314
I      12816      6315
I      10712      6316
I       9560      6317
I       1003      6318
I       4571      6319
I       5309      6320
I      12862      6321
I        963      6322
I      11722      6323
I      14960      6324
I      10439      6325
I      10523      6326
I       1989      6327
I       5044      6328
I      12928      6329
I       9048      6330
I      11392      6331
I       9469      6332
I       3251      6333
I      13756      6334
I      14570      6335
I       2438      6336
I       1133      6337
I       7770      6338
I       3008      6339
I       9263      6340
I       5618      6341
I       4316      6342
I      14146      6343
I      11351      6344
I       9926      6345
I        473      6346
I       8310      6347
I      11107      6348
I      11178      6349
I       1846      6350
I       3668      6351
I       8183      6352
I      10658      6353
I        609      6354
I       3496      6355
I       2182      6356
I      11181      6357
I         72      6358
I       7893      6359
I       8831      6360
I       2006      6361
I      11273      6362
I       2601      6363
I       7281      6364
I       2706      6365
I       7244      6366
I      14583      6367
I       8408      6368
I      15144      6369
I      10034      6370
I       7981      6371
I       1730      6372
I      14639      6373
I      11121      6374
I       1073      6375
I       3051      6376
I        783      6377
I       8324      6378
I      14003      6379
I       9897      6380
I       3543      6381
I      14106      6382
I      11296      6383
I       1653      6384
I       1226      6385
I        212      6386
I      14893      6387
I      14457      6388
I      11271      6389
I      11985      6390
I       3307      6391
I       8374      6392
I      14671      6393
I       5499      6394
I      13407      6395
I      12118      6396
I       1430      6397
I      14700      6398
I      16255      6399
I      13250      6400
I      11666      6401
I      10146      6402
I      13110      6403
I      11090      6404
I      15510      6405
I        381      6406
I       3968      6407
I      14185      6408
I       9733      6409
I      15274      6410
I       5391      6411
I       9071      6412
I      14289      6413
I       7934      6414
I       8706      6415
I       7515      6416
I      11950      6417
I       7753      6418
I       6586      6419
I      12605      6420
I       8460      6421
I       9305      6422
I        204      6423
I        576      6424
I       9181      6425
I        318      6426
I      15046      6427
I       7273      6428
I      11144      6429
I      14818      6430
I       4363      6431
I       7981      6432
I      13228      6433
I      13500      6434
I       6508      6435
I      14037      6436
I       7208      6437
I       9547      6438
I      12026      6439
I      15014      6440
I       8925      6441
I       2813      6442
I       1177      6443
I        461      6444
I      13847      6445
I       7586      6446
I       1784      6447
I       2379      6448
I      12027      6449
I       7498      6450
I      13983      6451
I       1508      6452
I       4215      6453
I       5344      6454
I       1477      6455
I       2154      6456
I       9273      6457
I      13487      6458
I        160      6459
I      14943      6460
I       6082      6461
I       1052      6462
I      14846      6463
I       4057      6464
I      16291      6465
I      15950      6466
I       2577      6467
I      10577      6468
I       7188      6469
I      15055      6470
I      15075      6471
I       3308      6472
I      13510      6473
I       6756      6474
I      12597      6475
I       6038      6476
I       7427      6477
I      15947      6478
I      12675      6479
I       2409      6480
I       6871      6481
I       8066      6482
I        293      6483
I       7578      6484
I       1898      6485
I       7495      6486
I       2535      6487
I       3968      6488
I       4537      6489
I       6706      6490
I      13432      6491
I      11886      6492
I       9641      6493
I      16275      6494
I       3521      6495
I        795      6496
I      11382      6497
I       9124      6498
I       4305      6499
I       7356      6500
I       2263      6501
I       9689      6502
I      14252      6503
I      15483      6504
I       1404      6505
I       7213      6506
I      10607      6507
I      10187      6508
I       6478      6509
I       9539      6510
I      11340      6511
I       1237      6512
I       4863      6513
I       7824      6514
I       2945      6515
I      12781      6516
I        925      6517
I      16182      6518
I       5076      6519
I      14751      6520
I       6388      6521
I      15064      6522
I       2497      6523
I      14809      6524
I       5212      6525
I      10279      6526
I      13845      6527
I      15600      6528
I      14505      6529
I      13974      6530
I       2674      6531
I      10979      6532
I       9081      6533
I       7093      6534
I       7435      6535
I       7718      6536
I      11805      6537
I       3449      6538
I      16326      6539
I      16329      6540
I       2873      6541
I      12598      6542
I       7168      6543
I       2774      6544
I       6723      6545
I        653      6546
I       3181      6547
I       6343      6548
I       4851      6549
I        616      6550
I      10015      6551
I      11998      6552
I       5928      6553
I        256      6554
I       2165      6555
I      11128      6556
I       1594      6557
I      16291      6558
I       6462      6559
I       7666      6560
I       6595      6561
I        650      6562
I      11910      6563
I       4831      6564
I      12326      6565
I       5692      6566
I       6482      6567
I       2274      6568
I      13679      6569
I      16293      6570
I       8362      6571
I      10241      6572
I       7765      6573
I       9496      6574
I       1152      6575
I       2881      6576
I       5469      6577
I      13336      6578
I        330      6579
I       9978      6580
I       2736      6581
I       5674      6582
I       4417      6583
I       4268      6584
I      14810      6585
I       8104      6586
I       9200      6587
I       9059      6588
I       7475      6589
I       4211      6590
I      11575      6591
I      11570      6592
I       8919      6593
I        582      6594
I      10690      6595
I       4486      6596
I        796      6597
I        707      6598
I       8373      6599
I      14035      6600
I       2741      6601
I        688      6602
I       6133      6603
I       2227      6604
I      10550      6605
I      10499      6606
I      11115      6607
I      14174      6608
I      13671      6609
I       5364      6610
I      10745      6611
I       3125      6612
I      14998      6613
I      15403      6614
I       4468      6615
I       6574      6616
I      12447      6617
I       4579      6618
I        468      6619
I      15923      6620
I       9609      6621
I       9351      6622
I       8155      6623
I       3331      6624
I      14322      6625
I      12997      6626
I      12878      6627
I       6248      6628
I       1062      6629
I       9265      6630
I       2704      6631
I       8467      6632
I       1507      6633
I       8400      6634
I       9836      6635
I      15587      6636
I       2488      6637
I      16348      6638
I       1288      6639
I       8446      6640
I        616      6641
I        805      6642
I       3379      6643
I      15364      6644
I       1014      6645
I       1790      6646
I      13455      6647
I       9258      6648
I      14681      6649
I      10742      6650
I       4880      6651
I      15787      6652
I      11375      6653
I      11708      6654
I        703      6655
I       3244      6656
I      16238      6657
I      12196      6658
I       6655      6659
I        730      6660
I       4838      6661
I        360      6662
I        814      6663
I       1889      6664
I       3434      6665
I       8217      6666
I      15537      6667
I      15717      6668
I       5631      6669
I      11929      6670
I       9017      6671
I       1612      6672
I      14450      6673
I      13632      6674
I      13942      6675
I      15361      6676
I      11114      6677
I       8794      6678
I      15770      6679
I       1912      6680
I       4522      6681
I      10061      6682
I       3583      6683
I      12620      6684
I      11686      6685
I       8101      6686
I       4347      6687
I       9552      6688
I       8281      6689
I       3190      6690
I       1017      6691
I       3057      6692
I       2501      6693
I       9751      6694
I       7608      6695
I       9349      6696
I      11827      6697
I      12918      6698
I      11869      6699
I      16140      6700
I      11419      6701
I      11790      6702
I       8228      6703
I      14281      6704
I       7911      6705
I       2508      6706
I      12939      6707
I       4337      6708
I       2105      6709
I       6375      6710
I      13160      6711
I       9189      6712
I       9570      6713
I       6619      6714
I      14526      6715
I      15764      6716
I      15434      6717
I       1376      6718
I       5214      6719
I      13883      6720
I       6471      6721
I      11704      6722
I       2972      6723
I       3191      6724
I      15008      6725
I      14647      6726
I       6949      6727
I       5364      6728
I       6975      6729
I       6632      6730
I      15288      6731
I       9261      6732
I        371      6733
I       8641      6734
I       3728      6735
I       6944      6736
I      15826      6737
I      15204      6738
I       9984      6739
I      14431      6740
I      11577      6741
I      11831      6742
I       4875      6743
I       5774      6744
I       9573      6745
I       6697      6746
I      10697      6747
I      15231      6748
I        532      6749
I      14708      6750
I       2398      6751
I       1339      6752
I       2449      6753
I       4085      6754
I       2343      6755
I      10830      6756
I      15080      6757
I      14590      6758
I       3395      6759
I        400      6760
I       6594      6761
I      14454      6762
I       5480      6763
I       7768      6764
I        608      6765
I      16261      6766
I      10145      6767
I       9937      6768
I        182      6769
I       3837      6770
I       5152      6771
I       7020      6772
I       2088      6773
I       6581      6774
I      12103      6775
I       3835      6776
I        245      6777
I       9070      6778
I      10144      6779
I      14892      6780
I        853      6781
I        594      6782
I       2880      6783
I        231      6784
I      12686      6785
I      14019      6786
I       6856      6787
I      16340      6788
I       2506      6789
I       8397      6790
I       7732      6791
I      11856      6792
I      13208      6793
I      12732      6794
I       8391      6795
I      10142      6796
I      12317      6797
I       1793      6798
I      13481      6799
I      15453      6800
I       6131      6801
I      15664      6802
I       7252      6803
I      11165      6804
I       4237      6805
I       6979      6806
I       3964      6807
I        466      6808
I        720      6809
I       5062      6810
I        170      6811
I       9202      6812
I      10227      6813
I      16292      6814
I      11807      6815
I       3498      6816
I      11863      6817
I      11184      6818
I       4691      6819
I       2054      6820
I      13076      6821
I      12878      6822
I       2789      6823
I       2407      6824
I      12138      6825
I      12494      6826
I       1548      6827
I         49      6828
I       4148      6829
I      12585      6830
I      12930      6831
I       3842      6832
I        463      6833
I      12635      6834
I       9732      6835
I       8611      6836
I       2603      6837
I        403      6838
I       7895      6839
I       9114      6840
I      11781      6841
I      10276      6842
I       8806      6843
I      12553      6844
I      12492      6845
I       8318      6846
I       5211      6847
I      11530      6848
I      13245      6849
I       4743      6850
I       2891      6851
I      15008      6852
I       9299      6853
I       1603      6854
I       6003      6855
I       1455      6856
I       6043      6857
I      15963      6858
I      10431      6859
I       5569      6860
I       2351      6861
I       7179      6862
I      15972      6863
I       5446      6864
I      11256      6865
I       2956      6866
I      11326      6867
I       8377      6868
I       7912      6869
I       3662      6870
I      14868      6871
I      16296      6872
I      16051      6873
I       2010      6874
I       9527      6875
I      13059      6876
I       1802      6877
I       4517      6878
I       4424      6879
I         48      6880
I      12223      6881
I       3872      6882
I       3740      6883
I      11154      6884
I        422      6885
I       1688      6886
I      12595      6887
I       2340      6888
I       1719      6889
I       1599      6890
I        801      6891
I       3726      6892
I       5079      6893
I        955      6894
I       2693      6895
I       4576      6896
I       5869      6897
I       8777      6898
I      11911      6899
I      12945      6900
I       1948      6901
I       1296      6902
I       7704      6903
I         67      6904
I         77      6905
I       6378      6906
I       7633      6907
I      14584      6908
I      11117      6909
I       5556      6910
I       2996      6911
I      14571      6912
I       9880      6913
I       6338      6914
I      13115      6915
I      11988      6916
I        887      6917
I        890      6918
I      11396      6919
I       9291      6920
I      14242      6921
I      12278      6922
I        389      6923
I       9460      6924
I       2288      6925
I       2588      6926
I      16037      6927
I       7662      6928
I       7895      6929
I       7540      6930
I       6904      6931
I       6324      6932
I      11374      6933
I      15206      6934
I      16111      6935
I      12227      6936
I       5448      6937
I      10577      6938
I       6623      6939
I       2711      6940
I      10441      6941
I       9441      6942
I      12536      6943
I       3900      6944
I      10872      6945
I       9402      6946
I      12080      6947
I      10368      6948
I        363      6949
I       1717      6950
I       5395      6951
I       3885      6952
I       3670      6953
I      13712      6954
I       6989      6955
I      10766      6956
I      15374      6957
I       5809      6958
I      15220      6959
I       9162      6960
I       8269      6961
I       1958      6962
I       5959      6963
I       7792      6964
I       5187      6965
I       5749      6966
I       9872      6967
I       7979      6968
I       5429      6969
I       6452      6970
I      14528      6971
I      13220      6972
I      14894      6973
I       2854      6974
I        452      6975
I       4819      6976
I       3559      6977
I       3469      6978
I       1804      6979
I       3354      6980
I      14447      6981
I       3995      6982
I       7660      6983
I       7648      6984
I      16348      6985
I       5874      6986
I       8899      6987
I      13639      6988
I       4174      6989
I      10148      6990
I       6232      6991
I      14629      6992
I       2185      6993
I      11207      6994
I       8688      6995
I      11691      6996
I       2524      6997
I      12958      6998
I        523      6999
I       5136      7000
I      14329      7001
I       4168      7002
I        944      7003
I        703      7004
I       1119      7005
I      16259      7006
I       9439      7007
I       9057      7008
I       4969      7009
I       3085      7010
I      14617      7011
I       1582      7012
I       1389      7013
I       2601      7014
I      15041      7015
I       8588      7016
I       8645      7017
I        649      7018
I       3389      7019
I       4820      7020
I       1412      7021
I       7080      7022
I       5718      7023
I      12544      7024
I       5297      7025
I      11707      7026
I      14362      7027
I      12009      7028
I       4050      7029
I       5823      7030
I       4313      7031
I      16019      7032
I       7070      7033
I       9198      7034
I       4240      7035
I       9942      7036
I      16307      7037
I       2956      7038
I       7690      7039
I      13254      7040
I      11457      7041
I      12287      7042
I       2598      7043
I       3722      7044
I       3186      7045
I       8947      7046
I      16157      7047
I      11447      7048
I       3922      7049
I       4841      7050
I       7255      7051
I       9004      7052
I       1210      7053
I       8648      7054
I      14636      7055
I        705      7056
I       7878      7057
I      10262      7058
I       4251      7059
I       9519      7060
I       3459      7061
I      11475      7062
I       3314      7063
I      11060      7064
I       8706      7065
I       2200      7066
I       8625      7067
I      16080      7068
I       1591      7069
I        651      7070
I      11100      7071
I       9249      7072
I      14529      7073
I       3326      7074
I       5716      7075
I         61      7076
I        829      7077
I       7695      7078
I      13176      7079
I      14027      7080
I       3050      7081
I       4699      7082
I      14397      7083
I      12077      7084
I      12352      7085
I       1529      7086
I      14925      7087
I      11031      7088
I         60      7089
I       8205      7090
I      15894      7091
I       9712      7092
I       9862      7093
I      12088      7094
I      15112      7095
I      12151      7096
I      14524      7097
I       8555      7098
I       5891      7099
I       2666      7100
I       4460      7101
I       2299      7102
I      12235      7103
I       8516      7104
I      10069      7105
I       5282      7106
I      12749      7107
I      15997      7108
I      10140      7109
I       5768      7110
I      11314      7111
I       8181      7112
I      11265      7113
I      13369      7114
I      13099      7115
I       5843      7116
I       3272      7117
I      11667      7118
I      13945      7119
I      16021      7120
I      10848      7121
I       1833      7122
I      11857      7123
I      12738      7124
I       6929      7125
I      10525      7126
I       5476      7127
I       8406      7128
I       8397      7129
I       6599      7130
I       8888      7131
I       2200      7132
I        983      7133
I      12532      7134
I       9572      7135
I      11598      7136
I       3212      7137
I       4876      7138
I       5886      7139
I      11605      7140
I      15011      7141
I       2260      7142
I      10872      7143
I      11177      7144
I       7471      7145
I       2809      7146
I       9951      7147
I      14818      7148
I       4111      7149
I      15824      7150
I      15277      7151
I      14735      7152
I      12515      7153
I       2559      7154
I       5506      7155
I       8034      7156
I       2616      7157
I       6445      7158
I       9089      7159
I      10770      7160
I        963      7161
I      12328      7162
I       8982      7163
I      15744      7164
I       3395      7165
I      14218      7166
I      13761      7167
I       6723      7168
I      11679      7169
I       6930      7170
I       7841      7171
I       4014      7172
I      13757      7173
I        292      7174
I      15433      7175
I      15466      7176
I      10907      7177
I      14558      7178
I         46      7179
I      13051      7180
I      14889      7181
I       9257      7182
I       6617      7183
I      10178      7184
I      11392      7185
I       5027      7186
I        499      7187
I       8131      7188
I       1304      7189
I      14214      7190
I      15146      7191
I      16286      7192
I       8084      7193
I      11526      7194
I      14360      7195
I        587      7196
I      14240      7197
I       8103      7198
I       1449      7199
I       7805      7200
I       3333      7201
I      16071      7202
I      13614      7203
I      13454      7204
I      14870      7205
I       7793      7206
I       1567      7207
I       1398      7208
I       1624      7209
I      16272      7210
I       5662      7211
I       7487      7212
I       6077      7213
I      16134      7214
I      12518      7215
I      14045      7216
I      12228      7217
I       7185      7218
I       9325      7219
I       6157      7220
I       6773      7221
I      10504      7222
I      10719      7223
I       9766      7224
I      14104      7225
I      14643      7226
I       1080      7227
I        322      7228
I       6468      7229
I      12671      7230
I      15751      7231
I       3773      7232
I       5385      7233
I      10284      7234
I       7343      7235
I       1275      7236
I       8020      7237
I       5465      7238
I      15574      7239
I       7677      7240
I       9873      7241
I       2059      7242
I      14827      7243
I       2111      7244
I       1192      7245
I      15104      7246
I       4176      7247
I       6004      7248
I       5764      7249
I       4711      7250
I       1964      7251
I       4193      7252
I      16033      7253
I      13987      7254
I       1804      7255
I      14834      7256
I       8623      7257
I      10955      7258
I      12947      7259
I       7771      7260
I      11587      7261
I       3078      7262
I      15893      7263
I       8257      7264
I      15296      7265
I       5989      7266
I      15828      7267
I        238      7268
I       8673      7269
I      16306      7270
I      12727      7271
I       7258      7272
I      11136      7273
I      12708      7274
I      13266      7275
I       3309      7276
I      15344      7277
I      14844      7278
I      13525      7279
I      13253      7280
I      10769      7281
I       8787      7282
I       7602      7283
I       6209      7284
I       7624      7285
I        367      7286
I       9220      7287
I      12607      7288
I       1526      7289
I      13405      7290
I      13162      7291
I       8872      7292
I       9348      7293
I      13547      7294
I       6452      7295
I       4345      7296
I       6772      7297
I        914      7298
I      14098      7299
I       8947      7300
I      10774      7301
I       8704      7302
I       3726      7303
I       7847      7304
I       1856      7305
I       6780      7306
I      10181      7307
I       7480      7308
I       9635      7309
I      15022      7310
I       8923      7311
I       1053      7312
I       4056      7313
I       7792      7314
I      10864      7315
I      15989      7316
I       6998      7317
I       9874      7318
I      14032      7319
I      12264      7320
I      13877      7321
I       4264      7322
I       6285      7323
I       8496      7324
I       5135      7325
I      13423      7326
I       2382      7327
I       6030      7328
I      14645      7329
I       9157      7330
I       8202      7331
I       4632      7332
I      12772      7333
I      13388      7334
I       2780      7335
I      11587      7336
I       2589      7337
I       2277      7338
I       7868      7339
I       6635      7340
I        468      7341
I      12765      7342
I       7919      7343
I       9442      7344
I      11528      7345
I      10991      7346
I       1020      7347
I       1199      7348
I      14617      7349
I      12130      7350
I       4257      7351
I       4505      7352
I      13417      7353
I       8990      7354
I       5010      7355
I      12952      7356
I       3845      7357
I       8060      7358
I      15801      7359
I        556      7360
I       2635      7361
I      16069      7362
I       7623      7363
I       1660      7364
I       5234      7365
I       8357      7366
I      11742      7367
I       1358      7368
I       8923      7369
I       2670      7370
I       8822      7371
I      15911      7372
I       6479      7373
I       5006      7374
I       9477      7375
I      10659      7376
I      11002      7377
I       1392      7378
I       6860      7379
I       4723      7380
I       5818      7381
I       1538      7382
I      14929      7383
I        270      7384
I      11112      7385
I       4712      7386
I       2967      7387
I      14611      7388
I       3975      7389
I       3468      7390
I       7768      7391
I      14592      7392
I       2480      7393
I       9704      7394
I      13427      7395
I       7178      7396
I       2935      7397
I      15619      7398
I      13795      7399
I      14896      7400
I      10015      7401
I      11604      7402
I       6891      7403
I       1588      7404
I       2055      7405
I      11024      7406
I       3154      7407
I      13229      7408
I        743      7409
I      12184      7410
I      11603      7411
I      10184      7412
I       7897      7413
I      10220      7414
I      16232      7415
I      10283      7416
I      10051      7417
I      12103      7418
I      13651      7419
I      13947      7420
I       9786      7421
I      14000      7422
I       1900      7423
I       1945      7424
I       9751      7425
I       7366      7426
I       1812      7427
I      14356      7428
I      13240      7429
I       5788      7430
I       5435      7431
I       4757      7432
I      12824      7433
I      15214      7434
I      11075      7435
I      12846      7436
I        345      7437
I       7562      7438
I      10917      7439
I      12118      7440
I      16176      7441
I      11790      7442
I       3154      7443
I       6528      7444
I       4747      7445
I       7093      7446
I       9725      7447
I       4836      7448
I       9355      7449
I        853      7450
I      11086      7451
I       2592      7452
I       5019      7453
I      14827      7454
I      16156      7455
I       3414      7456
I       9575      7457
I       1332      7458
I       7500      7459
I      14515      7460
I       3301      7461
I      15162      7462
I       3193      7463
I      16160      7464
I       6007      7465
I      16294      7466
I      15810      7467
I       6877      7468
I       6874      7469
I      10416      7470
I      14956      7471
I      15233      7472
I      12608      7473
I       7360      7474
I       3008      7475
I       3720      7476
I      12480      7477
I       6961      7478
I       2979      7479
I      11117      7480
I       3222      7481
I       7503      7482
I      16079      7483
I      15335      7484
I       7720      7485
I       4324      7486
I      12760      7487
I       7261      7488
I      11286      7489
I       3818      7490
I      12592      7491
I      15427      7492
I       2649      7493
I       8549      7494
I        133      7495
I       6215      7496
I       2811      7497
I        324      7498
I       1397      7499
I       6931      7500
I       8244      7501
I      15565      7502
I       9822      7503
I       2602      7504
I       7846      7505
I       3734      7506
I       3656      7507
I       3069      7508
I       9080      7509
I      14878      7510
I      10604      7511
I       3175      7512
I      13748      7513
I       2544      7514
I       7887      7515
I       4550      7516
I       7634      7517
I      14868      7518
I      12041      7519
I       5774      7520
I       1944      7521
I       8452      7522
I       6332      7523
I       8451      7524
I       4790      7525
I       3331      7526
I       4332      7527
I      11157      7528
I       1252      7529
I       4951      7530
I      14222      7531
I      10629      7532
I       5405      7533
I       6808      7534
I      13784      7535
I      12371      7536
I      11553      7537
I      14965      7538
I       3791      7539
I       3889      7540
I      15375      7541
I       1525      7542
I       4526      7543
I        493      7544
I      12819      7545
I       1888      7546
I      14327      7547
I        633      7548
I       4354      7549
I       1209      7550
I      12098      7551
I      13816      7552
I       2170      7553
I       2552      7554
I       8528      7555
I      10252      7556
I      14166      7557
I       5634      7558
I       3887      7559
I       9656      7560
I      11512      7561
I       4977      7562
I       7907      7563
I      11064      7564
I       5095      7565
I      14451      7566
I        267      7567
I      16293      7568
I       4719      7569
I       6911      7570
I      14411      7571
I      10624      7572
I       1485      7573
I        647      7574
I        124      7575
I       5198      7576
I       3426      7577
I      10813      7578
I      15378      7579
I       2471      7580
I       7042      7581
I       1348      7582
I       9859      7583
I      14206      7584
I       2485      7585
I      14767      7586
I       1718      7587
I       8564      7588
I      14546      7589
I       1750      7590
I      12578      7591
I       5232      7592
I      14467      7593
I      14715      7594
I        901      7595
I      15587      7596
I       9955      7597
I      10216      7598
I      11934      7599
I      13719      7600
I       4381      7601
I       9246      7602
I      14482      7603
I      15914      7604
I      11325      7605
I        625      7606
I      13248      7607
I      15817      7608
I       8576      7609
I       8226      7610
I       8042      7611
I      10950      7612
I       1362      7613
I       4318      7614
I        290      7615
I       5221      7616
I       2558      7617
I       3004      7618
I      11560      7619
I       8997      7620
I      12159      7621
I       9757      7622
I       7557      7623
I        246      7624
I      13987      7625
I       8167      7626
I      11681      7627
I       3498      7628
I      12905      7629
I       1559      7630
I       5939      7631
I      12511      7632
I      12785      7633
I       1021      7634
I       1861      7635
I      10285      7636
I       3785      7637
I      14884      7638
I       1137      7639
I      16057      7640
I        460      7641
I       7244      7642
I      10852      7643
I       7971      7644
I      13417      7645
I       7111      7646
I      12848      7647
I       3674      7648
I       9827      7649
I      13031      7650
I      16026      7651
I      10991      7652
I       5881      7653
I      12054      7654
I       5141      7655
I      14033      7656
I       6150      7657
I      13752      7658
I       9570      7659
I       1033      7660
I        808      7661
I       8928      7662
I      13084      7663
I      15720      7664
I       8916      7665
I      14719      7666
I      13513      7667
I       1292      7668
I      15664      7669
I      12513      7670
I       9725      7671
I       4203      7672
I      15466      7673
I         26      7674
I      14462      7675
I       4845      7676
I       1659      7677
I      16282      7678
I        346      7679
I       4395      7680
I       6299      7681
I       3749      7682
I      14212      7683
I       1110      7684
I      13388      7685
I      12536      7686
I      12157      7687
I       1262      7688
I      16195      7689
I       7783      7690
I      13004      7691
I       2550      7692
I       9970      7693
I      16030      7694
I      13061      7695
I      10770      7696
I       9974      7697
I      12726      7698
I       3946      7699
I       7069      7700
I       4405      7701
I       2425      7702
I       6574      7703
I       3830      7704
I      12129      7705
I       1585      7706
I       3826      7707
I        932      7708
I       8553      7709
I      10430      7710
I       6805      7711
I       8102      7712
I       8562      7713
I       1680      7714
I       1216      7715
I      10346      7716
I      12105      7717
I      11373      7718
I       4701      7719
I      15913      7720
I      12031      7721
I      11357      7722
I      15105      7723
I       1489      7724
I       4004      7725
I      16284      7726
I       5785      7727
I        618      7728
I       4125      7729
I       7420      7730
I       2847      7731
I      11106      7732
I      12000      7733
I      15597      7734
I      14995      7735
I        259      7736
I       9410      7737
I      12067      7738
I      15130      7739
I       2481      7740
I       2149      7741
I       4223      7742
I       4040      7743
I      11686      7744
I       4810      7745
I       6333      7746
I       3993      7747
I      10500      7748
I       6832      7749
I      12797      7750
I       9677      7751
I       8936      7752
I       7627      7753
I       1820      7754
I       5510      7755
I       9906      7756
I      12687      7757
I      10904      7758
I       3853      7759
I      15295      7760
I      12052      7761
I      15632      7762
I       3757      7763
I       1801      7764
I       2189      7765
I       9497      7766
I       6785      7767
I      12866      7768
I      11258      7769
I      13359      7770
I      10039      7771
I      15401      7772
I       4361      7773
I       9590      7774
I      15201      7775
I      11606      7776
I        935      7777
I       1863      7778
I       7065      7779
I       7474      7780
I      15492      7781
I       2255      7782
I       1161      7783
I       6129      7784
I       1454      7785
I       9881      7786
I      14503      7787
I       4640      7788
I      12339      7789
I        383      7790
I       6859      7791
I       9964      7792
I       7941      7793
I       2173      7794
I      13959      7795
I      12913      7796
I        210      7797
I       7851      7798
I      12131      7799
I      12936      7800
I       2989      7801
I       1348      7802
I      15738      7803
I       6153      7804
I      15598      7805
I       9762      7806
I      14929      7807
I      16205      7808
I       9724      7809
I      11562      7810
I      11056      7811
I       2577      7812
I      13445      7813
I      10241      7814
I      12447      7815
I       7770      7816
I      15832      7817
I       7450      7818
I      13908      7819
I       2216      7820
I       5216      7821
I       7649      7822
I      11630      7823
I      15602      7824
I       5579      7825
I         75      7826
I       2909      7827
I       6773      7828
I       6801      7829
I       1042      7830
I       6773      7831
I       6297      7832
I       4480      7833
I      12891      7834
I      11498      7835
I       6168      7836
I      15802      7837
I       9096      7838
I        209      7839
I      11245      7840
I        446      7841
I      15944      7842
I      13077      7843
I       2662      7844
I      15868      7845
I      12336      7846
I       3380      7847
I      15932      7848
I      15385      7849
I       9472      7850
I      11493      7851
I       8486      7852
I      13827      7853
I       1911      7854
I      15745      7855
I        686      7856
I       2631      7857
I       9126      7858
I      16277      7859
I       4003      7860
I       2514      7861
I      16065      7862
I      12840      7863
I       7449      7864
I      11080      7865
I       9161      7866
I        652      7867
I       4066      7868
I       9908      7869
I       5278      7870
I       3213      7871
I       4944      7872
I      13973      7873
I      14006      7874
I      10429      7875
I       5645      7876
I      12665      7877
I      16348      7878
I       5822      7879
I       8833      7880
I      12541      7881
I      14915      7882
I        248      7883
I      15563      7884
I       3607      7885
I       6853      7886
I       5596      7887
I       3870      7888
I      12676      7889
I       4804      7890
I      15554      7891
I       6047      7892
I       3579      7893
I       4539      7894
I      12899      7895
I      11400      7896
I       8998      7897
I       1797      7898
I      14232      7899
I       5995      7900
I       1756      7901
I      10612      7902
I       3254      7903
I      13319      7904
I       6406      7905
I       1896      7906
I       3143      7907
I      14809      7908
I       6655      7909
I       9940      7910
I      15667      7911
I      10877      7912
I       8461      7913
I       3141      7914
I       9202      7915
I      11418      7916
I       4260      7917
I       9968      7918
I      15954      7919
I      14974      7920
I       9814      7921
I       2366      7922
I       5555      7923
I       5264      7924
I      16021      7925
I        612      7926
I       7913      7927
I      14011      7928
I      15121      7929
I      16293      7930
I       7409      7931
I       4725      7932
I       9352      7933
I      16349      7934
I       6255      7935
I       3997      7936
I      13387      7937
I      12020      7938
I       5424      7939
I      14175      7940
I       9040      7941
I      13789      7942
I      15989      7943
I       1569      7944
I        290      7945
I      14057      7946
I       7085      7947
I       1639      7948
I       3795      7949
I       5818      7950
I       9635      7951
I       9842      7952
I       5796      7953
I       3517      7954
I       8906      7955
I       1960      7956
I      12556      7957
I      13227      7958
I      14144      7959
I        214      7960
I        924      7961
I      12551      7962
I      10100      7963
I      10577      7964
I       9829      7965
I       4101      7966
I       6068      7967
I       9782      7968
I       3157      7969
I      10880      7970
I      15961      7971
I        669      7972
I       6920      7973
I       7307      7974
I       9653      7975
I      14258      7976
I      12857      7977
I      16022      7978
I      11604      7979
I      11895      7980
I       5052      7981
I       9060      7982
I        111      7983
I       3469      7984
I      11324      7985
I       9142      7986
I       6242      7987
I       9560      7988
I       1335      7989
I      10627      7990
I       6547      7991
I       7208      7992
I       8606      7993
I       9063      7994
I      15581      7995
I      12280      7996
I       7093      7997
I       3471      7998
I       3298      7999
I       3889      8000
I      13592      8001
I       5800      8002
I       7881      8003
I      12784      8004
I       9814      8005
I       2191      8006
I       7715      8007
I       7718      8008
I      10121      8009
I       4270      8010
I      13737      8011
I      10633      8012
I       8387      8013
I       5930      8014
I      13759      8015
I       6363      8016
I       2141      8017
I      12733      8018
I       8399      8019
I      11881      8020
I      15147      8021
I       9488      8022
I       3218      8023
I       2918      8024
I       2465      8025
I       3411      8026
I       2248      8027
I      12489      8028
I       2673      8029
I       9334      8030
I       3482      8031
I       4579      8032
I       6690      8033
I       7752      8034
I       6388      8035
I      12245      8036
I       8870      8037
I       1627      8038
I      13132      8039
I       1764      8040
I       8355      8041
I       3140      8042
I        314      8043
I      16318      8044
I      15651      8045
I       7322      8046
I      13054      8047
I       3454      8048
I       2086      8049
I       7002      8050
I      11696      8051
I        413      8052
I       5771      8053
I       9108      8054
I       8584      8055
I         23      8056
I       2139      8057
I      10638      8058
I      14002      8059
I       2435      8060
I       8573      8061
I       5890      8062
I      16336      8063
I      12161      8064
I      13075      8065
I       4755      8066
I      13787      8067
I       4034      8068
I      15001      8069
I      14287      8070
I      15079      8071
I       1897      8072
I       1535      8073
I       4997      8074
I       2574      8075
I       6220      8076
I        471      8077
I      14000      8078
I       2835      8079
I      11620      8080
I      10274      8081
I        489      8082
I      12855      8083
I       8151      8084
I      14877      8085
I       3729      8086
I       8703      8087
I       5034      8088
I      16336      8089
I       4398      8090
I       1953      8091
I      10582      8092
I       6523      8093
I       4377      8094
I       9207      8095
I       8861      8096
I       2768      8097
I       9410      8098
I       3249      8099
I       4070      8100
I      11467      8101
I       1141      8102
I      11076      8103
I       7762      8104
I      10297      8105
I       8941      8106
I       9853      8107
I      11431      8108
I       9236      8109
I      12265      8110
I       2082      8111
I       4139      8112
I      10271      8113
I      14063      8114
I      10025      8115
I       9445      8116
I       4154      8117
I      10417      8118
I      15540      8119
I      13783      8120
I       7942      8121
I       9700      8122
I       5761      8123
I       6669      8124
I      15749      8125
I      12245      8126
I       2432      8127
I      10794      8128
I      15849      8129
I      10828      8130
I       9663      8131
I       8208      8132
I        717      8133
I      15993      8134
I       6798      8135
I       6920      8136
I      16354      8137
I      10458      8138
I       9666      8139
I       7453      8140
I      16201      8141
I      16034      8142
I       8155      8143
I       5790      8144
I       7346      8145
I      14234      8146
I      12074      8147
I        677      8148
I      11304      8149
I       5173      8150
I      15402      8151
I       8617      8152
I      10596      8153
I       1692      8154
I       6570      8155
I      10266      8156
I       4202      8157
I      11810      8158
I      11059      8159
I       7667      8160
I       2414      8161
I       9173      8162
I      10369      8163
I       4873      8164
I      16274      8165
I      10668      8166
I      11262      8167
I       8995      8168
I      16066      8169
I       5072      8170
I       4498      8171
I       8966      8172
I        496      8173
I       5968      8174
I       3280      8175
I       2444      8176
I       2298      8177
I      11961      8178
I       4467      8179
I       4613      8180
I       6990      8181
I       7045      8182
I       3352      8183
I       9645      8184
I       5723      8185
I        186      8186
I      13581      8187
I       5495      8188
I      12471      8189
I       1835      8190
I      12656      8191
I       1062      8192
I      15380      8193
I       3264      8194
I       8809      8195
I       6105      8196
I      11184      8197
I      10411      8198
I      16191      8199
I       8509      8200
I       7276      8201
I       3793      8202
I      12187      8203
I       1866      8204
I      10096      8205
I       3831      8206
I       7863      8207
I       6026      8208
I      10269      8209
I      12634      8210
I       6818      8211
I      10853      8212
I       3981      8213
I      12955      8214
I       9042      8215
I      14221      8216
I      12719      8217
I      13789      8218
I       6194      8219
I      11326      8220
I       1810      8221
I       6115      8222
I      15698      8223
I       8102      8224
I      10314      8225
I      14249      8226
I       7747      8227
I      10652      8228
I       7717      8229
I      13730      8230
I       7154      8231
I       1499      8232
I       9367      8233
I      10039      8234
I      11521      8235
I      13907      8236
I      12939      8237
I      12015      8238
I       4521      8239
I      13699      8240
I       4125      8241
I       6817      8242
I       9296      8243
I       7090      8244
I       2604      8245
I       8431      8246
I      10757      8247
I       4384      8248
I       9904      8249
I        328      8250
I      10845      8251
I      11492      8252
I      13074      8253
I       8241      8254
I      12264      8255
I       7065      8256
I       9454      8257
I      16045      8258
I      13188      8259
I       1265      8260
I        298      8261
I      15151      8262
I       8117      8263
I       2234      8264
I      12415      8265
I      10153      8266
I       6541      8267
I       5510      8268
I        930      8269
I      14719      8270
I        214      8271
I      14322      8272
I       8894      8273
I      10315      8274
I       7093      8275
I       6617      8276
I      12616      8277
I       3833      8278
I      13383      8279
I       8452      8280
I      10577      8281
I      14997      8282
I       1645      8283
I      15243      8284
I       4634      8285
I       3156      8286
I      12933      8287
I       8901      8288
I        706      8289
I      12523      8290
I       2875      8291
I       3694      8292
I      15591      8293
I       7647      8294
I       8540      8295
I        919      8296
I       1811      8297
I      14587      8298
I       7902      8299
I       3643      8300
I       8748      8301
I       5948      8302
I       4740      8303
I       8401      8304
I      14323      8305
I       5272      8306
I       3029      8307
I      10647      8308
I       5134      8309
I       8238      8310
I       5268      8311
I       6165      8312
I       4816      8313
I       5619      8314
I       8048      8315
I      12296      8316
I       8631      8317
I        420      8318
I       9560      8319
I       5992      8320
I      13137      8321
I      15383      8322
I      16316      8323
I      15772      8324
I      12004      8325
I       9265      8326
I       2414      8327
I        887      8328
I       7998      8329
I       6173      8330
I      10790      8331
I       3972      8332
I        580      8333
I        910      8334
I       5937      8335
I       1479      8336
I        727      8337
I      13611      8338
I       6808      8339
I       8238      8340
I        190      8341
I       3755      8342
I       6090      8343
I       8146      8344
I       6142      8345
I      14108      8346
I      13633      8347
I       9704      8348
I        909      8349
I        286      8350
I      16256      8351
I       5685      8352
I       7266      8353
I      13730      8354
I      13439      8355
I      11166      8356
I       2014      8357
I       3920      8358
I      14666      8359
I       6992      8360
I       3601      8361
I        468      8362
I      13141      8363
I      11290      8364
I      15772      8365
I       5737      8366
I       1530      8367
I       7859      8368
I       5490      8369
I      15160      8370
I       6342      8371
I       1469      8372
I      11066      8373
I      10079      8374
I       1880      8375
I       4353      8376
I       7412      8377
I      12714      8378
I       9096      8379
I      14209      8380
I        867      8381
I       5958      8382
I       1640      8383
I       7077      8384
I       1733      8385
I       8890      8386
I       4965      8387
I      10398      8388
I      12708      8389
I      11765      8390
I       4788      8391
I      12862      8392
I       9248      8393
I       9011      8394
I       3605      8395
I      16158      8396
I       5495      8397
I       9885      8398
I       2047      8399
I       2116      8400
I      11184      8401
I      11461      8402
I      15545      8403
I      13764      8404
I       1074      8405
I       4395      8406
I       1280      8407
I      10344      8408
I       4779      8409
I       1504      8410
I      11416      8411
I      12653      8412
I      14054      8413
I        621      8414
I       5492      8415
I       5727      8416
I       8037      8417
I       5690      8418
I       5169      8419
I      15568      8420
I      14505      8421
I       2502      8422
I       5998      8423
I      13807      8424
I       6493      8425
I       3548      8426
I      11486      8427
I       4935      8428
I       5610      8429
I      10177      8430
I      10168      8431
I       9505      8432
I      11797      8433
I      14324      8434
I      14391      8435
I       9889      8436
I      14819      8437
I       5774      8438
I      10809      8439
I       2430      8440
I       1587      8441
I       1040      8442
I      14276      8443
I      13025      8444
I       2798      8445
I       7927      8446
I      12094      8447
I       9052      8448
I       8019      8449
I       2039      8450
I      14517      8451
I       4943      8452
I       4792      8453
I       1072      8454
I       5582      8455
I      12097      8456
I       2596      8457
I       7815      8458
I       9895      8459
I      13949      8460
I       2062      8461
I        121      8462
I       3291      8463
I      14110      8464
I       5013      8465
I      14100      8466
I      13413      8467
I      10766      8468
I       1041      8469
I       6678      8470
I       7844      8471
I       2105      8472
I       5082      8473
I       2389      8474
I        854      8475
I      13719      8476
I      14750      8477
I      14750      8478
I       7095      8479
I      16180      8480
I       1606      8481
I      10260      8482
I      11731      8483
I      11600      8484
I       4261      8485
I       5224      8486
I      12696      8487
I      15384      8488
I      15589      8489
I       5876      8490
I       2024      8491
I       3597      8492
I       6293      8493
I      10749      8494
I       5147      8495
I       8602      8496
I        830      8497
I      12644      8498
I       3381      8499
I      14039      8500
I       1733      8501
I       8683      8502
I      13719      8503
I      11894      8504
I       2771      8505
I      14885      8506
I       7784      8507
I      16127      8508
I       7393      8509
I      15861      8510
I       9552      8511
I      12615      8512
I       5774      8513
I       6586      8514
I       2144      8515
I        362      8516
I      15836      8517
I       1016      8518
I      15928      8519
I      11728      8520
I       2573      8521
I       8861      8522
I       4332      8523
I       7778      8524
I       9435      8525
I       8407      8526
I       5112      8527
I       9061      8528
I       3780      8529
I       2892      8530
I       6007      8531
I       3387      8532
I       8446      8533
I      11452      8534
I      11926      8535
I      15628      8536
I       9289      8537
I       9491      8538
I       4767      8539
I       2706      8540
I      15865      8541
I      12686      8542
I       4996      8543
I       6472      8544
I      15501      8545
I       9544      8546
I      10218      8547
I      14975      8548
I       8576      8549
I      14797      8550
I       8175      8551
I       4017      8552
I      13722      8553
I      15808      8554
I       8514      8555
I      14610      8556
I      11132      8557
I       1546      8558
I       6429      8559
I       8304      8560
I       9947      8561
I       2600      8562
I      14728      8563
I       4859      8564
I      12570      8565
I       1779      8566
I       9230      8567
I        204      8568
I       2821      8569
I      10828      8570
I       3837      8571
I       2887      8572
I      14728      8573
I       2365      8574
I       5224      8575
I       9992      8576
I        818      8577
I       9814      8578
I       2119      8579
I        661      8580
I      15878      8581
I      12166      8582
I      12139      8583
I       8196      8584
I       6726      8585
I      15484      8586
I      11547      8587
I        817      8588
I       7352      8589
I       3180      8590
I       1082      8591
I      14614      8592
I       2031      8593
I      14389      8594
I        581      8595
I      16157      8596
I      14282      8597
I      13198      8598
I       8196      8599
I       7932      8600
I       9745      8601
I       4861      8602
I       5110      8603
I       1799      8604
I       8954      8605
I      13999      8606
I       3374      8607
I      15786      8608
I       8536      8609
I       3105      8610
I       8015      8611
I      15210      8612
I      15465      8613
I       9489      8614
I       4084      8615
I      14757      8616
I       6840      8617
I       5547      8618
I       5388      8619
I       2927      8620
I       2608      8621
I      12524      8622
I      14168      8623
I       5314      8624
I       4413      8625
I       3997      8626
I       5899      8627
I       3484      8628
I       6482      8629
I       4233      8630
I       7130      8631
I       1495      8632
I       4365      8633
I       5288      8634
I      13209      8635
I      14219      8636
I         18      8637
I      16031      8638
I       4444      8639
I        266      8640
I       8445      8641
I       8984      8642
I       4902      8643
I      11959      8644
I       4874      8645
I      14862      8646
I       7204      8647
I       4926      8648
I      11452      8649
I       9146      8650
I       1001      8651
I       3818      8652
I        175      8653
I       4526      8654
I       2653      8655
I      14547      8656
I       9556      8657
I       2874      8658
I      14398      8659
I       2023      8660
I      12898      8661
I       7712      8662
I      13534      8663
I      14535      8664
I      12257      8665
I      11393      8666
I       4148      8667
I       2366      8668
I      13178      8669
I        217      8670
I      12640      8671
I       4023      8672
I      15262      8673
I       1872      8674
I       1715      8675
I      14108      8676
I       6531      8677
I       6482      8678
I       6815      8679
I      16319      8680
I      11659      8681
I       7523      8682
I       4032      8683
I       6608      8684
I       4345      8685
I       8994      8686
I        210      8687
I       5365      8688
I       8245      8689
I       2806      8690
I      16338      8691
I      10309      8692
I      15070      8693
I       7062      8694
I       2834      8695
I      11913      8696
I      15087      8697
I       4460      8698
I      16114      8699
I      13832      8700
I       3802      8701
I       4744      8702
I       7110      8703
I      13066      8704
I      16346      8705
I       2248      8706
I       8110      8707
I       8581      8708
I       7873      8709
I      14523      8710
I       4582      8711
I       6713      8712
I       7928      8713
I       1277      8714
I       8326      8715
I       6216      8716
I       1588      8717
I      16017      8718
I       2617      8719
I      14038      8720
I       9585      8721
I       5824      8722
I       9223      8723
I      15428      8724
I       3840      8725
I      10563      8726
I      15177      8727
I       7836      8728
I       5642      8729
I      16322      8730
I       5282      8731
I      12243      8732
I       7971      8733
I      12368      8734
I      16097      8735
I       2309      8736
I      15547      8737
I       4015      8738
I      14401      8739
I      13840      8740
I       7291      8741
I       5113      8742
I       3473      8743
I       2324      8744
I       4907      8745
I       6051      8746
I      15308      8747
I       3032      8748
I       9481      8749
I       1986      8750
I       4912      8751
I       7175      8752
I      16275      8753
I      11482      8754
I      14116      8755
I       3538      8756
I       2452      8757
I      11341      8758
I       9993      8759
I       6077      8760
I      10108      8761
I       7469      8762
I       2903      8763
I        337      8764
I       4809      8765
I      13915      8766
I       3316      8767
I       3686      8768
I       2995      8769
I      11309      8770
I      12797      8771
I      15017      8772
I       3391      8773
I       8105      8774
I       3350      8775
I       3737      8776
I       3126      8777
I       8972      8778
I      15565      8779
I      11550      8780
I       6415      8781
I       4632      8782
I      15139      8783
I       1369      8784
I      10970      8785
I      14189      8786
I       3624      8787
I      16094      8788
I      14075      8789
I       5993      8790
I       6225      8791
I       9805      8792
I       6102      8793
I      14972      8794
I       3802      8795
I       8041      8796
I      14667      8797
I      12953      8798
I       3256      8799
I      14499      8800
I       1646      8801
I       8064      8802
I       5289      8803
I      13002      8804
I       2948      8805
I       8603      8806
I       4826      8807
I       6782      8808
I      16277      8809
I       3567      8810
I       1428      8811
I       6277      8812
I       7104      8813
I       9187      8814
I        523      8815
I       9678      8816
I       9527      8817
I       7261      8818
I       4095      8819
I       9519      8820
I      13222      8821
I      10131      8822
I       5748      8823
I      11647      8824
I       1022      8825
I       4064      8826
I       6587      8827
I       8023      8828
I       2523      8829
I        467      8830
I       4865      8831
I       7155      8832
I       7369      8833
I      11511      8834
I       9393      8835
I       8101      8836
I      13183      8837
I      13515      8838
I      13076      8839
I       2345      8840
I       9259      8841
I       5885      8842
I      15451      8843
I       5660      8844
I      10378      8845
I       8217      8846
I      10407      8847
I      10439      8848
I      14791      8849
I      11185      8850
I       1752      8851
I       8192      8852
I       8601      8853
I      10504      8854
I       2259      8855
I      13035      8856
I      11597      8857
I      11041      8858
I      15835      8859
I      10484      8860
I      12219      8861
I      14581      8862
I       2553      8863
I      15524      8864
I      15007      8865
I       7898      8866
I      14351      8867
I      12813      8868
I       3730      8869
I       1492      8870
I      14836      8871
I       1161      8872
I       2683      8873
I       9079      8874
I       5998      8875
I      14576      8876
I       2952      8877
I       6400      8878
I      16044      8879
I      14885      8880
I       2905      8881
I      15122      8882
I       1031      8883
I       1314      8884
I       3662      8885
I      15631      8886
I       7555      8887
I        283      8888
I       4506      8889
I       4701      8890
I      14723      8891
I       7343      8892
I      14726      8893
I       9062      8894
I      14519      8895
I      14956      8896
I       4530      8897
I       5087      8898
I      15157      8899
I      12335      8900
I       9823      8901
I       8035      8902
I       4387      8903
I      11684      8904
I       2192      8905
I        193      8906
I      14128      8907
I       2542      8908
I       4964      8909
I      12128      8910
I       9669      8911
I       6811      8912
I       2903      8913
I       2548      8914
I       6266      8915
I      12286      8916
I       2090      8917
I      16214      8918
I      12438      8919
I      11543      8920
I      15071      8921
I      11761      8922
I       9199      8923
I       5020      8924
I       5706      8925
I       5170      8926
I       4108      8927
I       8766      8928
I       4669      8929
I       1237      8930
I       9875      8931
I       8081      8932
I      10043      8933
I       5098      8934
I       4608      8935
I       6464      8936
I        410      8937
I      15411      8938
I       9528      8939
I       7718      8940
I      10286      8941
I      14635      8942
I      11779      8943
I       4151      8944
I      15510      8945
I      11311      8946
I       4311      8947
I       8077      8948
I       2804      8949
I        523      8950
I       6357      8951
I      13214      8952
I      12529      8953
I       9579      8954
I       4807      8955
I      12584      8956
I       9714      8957
I        948      8958
I      16347      8959
I       1664      8960
I       5119      8961
I       4518      8962
I      16243      8963
I       6717      8964
I       6366      8965
I       7562      8966
I       5632      8967
I      10081      8968
I       8585      8969
I       1467      8970
I       8185      8971
I       8334      8972
I      10708      8973
I       2860      8974
I       9886      8975
I      13495      8976
I      10461      8977
I      11731      8978
I      10693      8979
I      12886      8980
I      15560      8981
I      12369      8982
I        272      8983
I      15441      8984
I       2972      8985
I       4399      8986
I       1902      8987
I       5619      8988
I       3399      8989
I       8833      8990
I       1885      8991
I      12177      8992
I       6049      8993
I       2067      8994
I       9076      8995
I       1392      8996
I      14123      8997
I      13004      8998
I       9443      8999
I       1190      9000
I       3644      9001
I       4402      9002
I       6160      9003
I       3163      9004
I      11067      9005
I       2483      9006
I      14430      9007
I      15842      9008
I      11456      9009
I       9713      9010
I      15078      9011
I      16018      9012
I       1441      9013
I       5027      9014
I      16302      9015
I      13278      9016
I       3795      9017
I      12887      9018
I      14434      9019
I       8565      9020
I      15934      9021
I       4707      9022
I       2984      9023
I      14281      9024
I       8400      9025
I       9059      9026
I      15224      9027
I       8220      9028
I       5060      9029
I       1049      9030
I      10334      9031
I       1105      9032
I       7218      9033
I      14482      9034
I       4187      9035
I       9765      9036
I       3854      9037
I         52      9038
I       4271      9039
I       8568      9040
I      13142      9041
I       9073      9042
I       6802      9043
I       4447      9044
I       3543      9045
I      11817      9046
I      15945      9047
I       1971      9048
I      13647      9049
I        612      9050
I        901      9051
I      15811      9052
I       4897      9053
I       1685      9054
I      12631      9055
I       8836      9056
I       1055      9057
I      13025      9058
I      11129      9059
I       9972      9060
I      10193      9061
I       3641      9062
I      11045      9063
I       9939      9064
I       7561      9065
I       1606      9066
I      14895      9067
I       6584      9068
I       6862      9069
I       4640      9070
I       2475      9071
I       5734      9072
I        521      9073
I      16315      9074
I       5746      9075
I       3973      9076
I       2453      9077
I       5495      9078
I       8351      9079
I      15093      9080
I       7798      9081
I       8827      9082
I      11671      9083
I      16357      9084
I       1777      9085
I      13371      9086
I       8383      9087
I       5749      9088
I       2102      9089
I      12291      9090
I       8703      9091
I        340      9092
I      15340      9093
I      12017      9094
I       7228      9095
I       9102      9096
I      12352      9097
I       3829      9098
I      13622      9099
I       2100      9100
I      11828      9101
I      11371      9102
I      12374      9103
I      15624      9104
I      12419      9105
I       1021      9106
I      14707      9107
I       6425      9108
I      11791      9109
I      11638      9110
I       1279      9111
I        509      9112
I       7835      9113
I       1722      9114
I       1970      9115
I       2060      9116
I      12032      9117
I      16130      9118
I      13259      9119
I       4941      9120
I        938      9121
I       8262      9122
I      14790      9123
I       7745      9124
I       9156      9125
I      10668      9126
I       3468      9127
I       6707      9128
I        197      9129
I      10846      9130
I       8574      9131
I       3446      9132
I      15934      9133
I       6059      9134
I      15064      9135
I      10393      9136
I       3549      9137
I       3478      9138
I        969      9139
I      11987      9140
I      14403      9141
I        903      9142
I      11834      9143
I       2049      9144
I      10432      9145
I      11164      9146
I      11230      9147
I       6304      9148
I      14785      9149
I       7431      9150
I        730      9151
I        591      9152
I       9522      9153
I       3325      9154
I       8259      9155
I      12111      9156
I       3850      9157
I       3539      9158
I       6455      9159
I       2481      9160
I       9356      9161
I      10412      9162
I       4899      9163
I       9037      9164
I       7649      9165
I      10242      9166
I      15793      9167
I      10699      9168
I       1064      9169
I      10421      9170
I       2058      9171
I      12068      9172
I      14674      9173
I       3782      9174
I      14043      9175
I      14260      9176
I       2481      9177
I       6297      9178
I       6664      9179
I      12501      9180
I       6538      9181
I      15248      9182
I       5374      9183
I      12633      9184
I      12540      9185
I      11923      9186
I      11148      9187
I      10185      9188
I       7974      9189
I       3995      9190
I      15553      9191
I      15136      9192
I      15638      9193
I      11668      9194
I       7670      9195
I       3665      9196
I      14385      9197
I      15919      9198
I      12833      9199
I       4830      9200
I       9938      9201
I       1662      9202
I       4201      9203
I      14164      9204
I      13641      9205
I       3913      9206
I       4535      9207
I       3663      9208
I       5011      9209
I      14405      9210
I      14636      9211
I       4598      9212
I      15178      9213
I       3353      9214
I       6266      9215
I       6863      9216
I        141      9217
I      11747      9218
I      10642      9219
I       3854      9220
I       3590      9221
I      11601      9222
I      12860      9223
I       8620      9224
I       9783      9225
I         49      9226
I      13051      9227
I       6714      9228
I       5135      9229
I      12815      9230
I       8579      9231
I      10334      9232
I       7210      9233
I        160      9234
I        248      9235
I       3010      9236
I        395      9237
I       1030      9238
I       3802      9239
I      11046      9240
I      14938      9241
I      12792      9242
I       8564      9243
I       4506      9244
I       4376      9245
I       3246      9246
I      15295      9247
I        278      9248
I      10823      9249
I      10645      9250
I      14333      9251
I       6056      9252
I       8943      9253
I      14082      9254
I      11388      9255
I      14167      9256
I      13666      9257
I       2123      9258
I       6351      9259
I      13264      9260
I       1197      9261
I       8687      9262
I       9900      9263
I         37      9264
I      14206      9265
I       8797      9266
I      13341      9267
I        842      9268
I       1524      9269
I       7355      9270
I      10649      9271
I      15682      9272
I      10511      9273
I       9367      9274
I      15854      9275
I      11743      9276
I      16031      9277
I       4692      9278
I       1836      9279
I      14313      9280
I      16194      9281
I       6472      9282
I       2942      9283
I      12332      9284
I       2939      9285
I       1382      9286
I      14498      9287
I       4864      9288
I      14441      9289
I      11865      9290
I       5152      9291
I       7137      9292
I       1756      9293
I       2690      9294
I       3272      9295
I       3574      9296
I       7004      9297
I       6463      9298
I       6289      9299
I      10273      9300
I      10446      9301
I       4779      9302
I      10181      9303
I      11562      9304
I       2067      9305
I       6057      9306
I         76      9307
I       4568      9308
I       1698      9309
I       4846      9310
I       7834      9311
I       9327      9312
I        275      9313
I        700      9314
I       9273      9315
I       3301      9316
I       2151      9317
I       1631      9318
I       3847      9319
I      11613      9320
I       5926      9321
I      10882      9322
I      10906      9323
I      10314      9324
I       3017      9325
I       2294      9326
I       8184      9327
I       9369      9328
I       5864      9329
I      15302      9330
I      13432      9331
I      12981      9332
I        158      9333
I       2292      9334
I       4548      9335
I       7280      9336
I      10924      9337
I       6114      9338
I        809      9339
I      12520      9340
I       2554      9341
I      14475      9342
I      10940      9343
I       3951      9344
I       5341      9345
I       8593      9346
I       2023      9347
I       2420      9348
I       2847      9349
I       5340      9350
I      13694      9351
I      11395      9352
I       5093      9353
I       4212      9354
I      13329      9355
I      11299      9356
I      10429      9357
I       3297      9358
I       9458      9359
I      11308      9360
I      10159      9361
I        206      9362
I       9817      9363
I       6415      9364
I      12785      9365
I      13924      9366
I       9137      9367
I        132      9368
I       7434      9369
I        836      9370
I        286      9371
I       5042      9372
I       5055      9373
I      10273      9374
I      14344      9375
I        389      9376
I      14191      9377
I      13454      9378
I       5099      9379
I      10042      9380
I      10921      9381
I      12325      9382
I       1564      9383
I       6125      9384
I       7073      9385
I       2607      9386
I       6491      9387
I      13818      9388
I       6596      9389
I       6068      9390
I       6081      9391
I      11023      9392
I       2490      9393
I       9072      9394
I       1217      9395
I       3562      9396
I      11474      9397
I        553      9398
I       6143      9399
I      12549      9400
I       8306      9401
I       9245      9402
I       6264      9403
I       7545      9404
I      15965      9405
I       5326      9406
I      16372      9407
I       6426      9408
I      14283      9409
I       5455      9410
I       8263      9411
I       3928      9412
I      15319      9413
I      11601      9414
I       2183      9415
I       9568      9416
I        786      9417
I      13285      9418
I      12241      9419
I       2936      9420
I       8877      9421
I       8459      9422
I      14177      9423
I      13010      9424
I       6876      9425
I      14913      9426
I      16273      9427
I      11223      9428
I       5897      9429
I      15147      9430
I      14907      9431
I      11449      9432
I      15034      9433
I       5371      9434
I      13766      9435
I      10458      9436
I       8216      9437
I       9315      9438
I       4179      9439
I      14361      9440
I       7816      9441
I       4934      9442
I       4936      9443
I      10380      9444
I       7504      9445
I        914      9446
I      11808      9447
I      15645      9448
I      11998      9449
I      11985      9450
I       5391      9451
I       6193      9452
I      15315      9453
I       7551      9454
I       2257      9455
I       5569      9456
I       7619      9457
I       5035      9458
I      10117      9459
I       9428      9460
I         64      9461
I       1185      9462
I       5125      9463
I      11918      9464
I       1801      9465
I       1329      9466
I       4321      9467
I      14694      9468
I      10423      9469
I      11303      9470
I       2743      9471
I      15048      9472
I      11735      9473
I      11846      9474
I      16228      9475
I       9874      9476
I       4118      9477
I       3993      9478
I      16201      9479
I      16099      9480
I      12645      9481
I      14310      9482
I       6366      9483
I      11653      9484
I       4763      9485
I      13934      9486
I      12208      9487
I      11701      9488
I      16279      9489
I       2239      9490
I       8413      9491
I       1225      9492
I      13237      9493
I         37      9494
I       3140      9495
I         39      9496
I       9306      9497
I      10120      9498
I       5560      9499
I      11818      9500
I       6187      9501
I       8032      9502
I      14051      9503
I       2710      9504
I       4564      9505
I       8039      9506
I      11366      9507
I       8977      9508
I       8046      9509
I       3638      9510
I       5897      9511
I      10430      9512
I       5878      9513
I      12327      9514
I       6833      9515
I      10561      9516
I      10022      9517
I       9809      9518
I       1688      9519
I      12773      9520
I       7472      9521
I       1646      9522
I       4099      9523
I      15589      9524
I       4976      9525
I       2177      9526
I       9991      9527
I      10299      9528
I      16195      9529
I       9842      9530
I      14948      9531
I       9829      9532
I      10881      9533
I       9643      9534
I       1646      9535
I      12876      9536
I       3089      9537
I       1833      9538
I       6005      9539
I      11154      9540
I      11905      9541
I      14721      9542
I      14180      9543
I      14631      9544
I       3076      9545
I       1070      9546
I       4849      9547
I      11131      9548
I       2171      9549
I      15022      9550
I       7358      9551
I      15991      9552
I      12348      9553
I       4598      9554
I      13797      9555
I      12441      9556
I       7953      9557
I       2130      9558
I      15788      9559
I       8610      9560
I      14131      9561
I       6452      9562
I      11571      9563
I       1961      9564
I      11542      9565
I      11317      9566
I       2723      9567
I      13339      9568
I       3976      9569
I      15338      9570
I       9656      9571
I      12179      9572
I       4759      9573
I       9491      9574
I       8029      9575
I       6356      9576
I      11886      9577
I      12475      9578
I      13590      9579
I      13683      9580
I        212      9581
I      15639      9582
I       5487      9583
I        410      9584
I       6617      9585
I      16243      9586
I         52      9587
I      13363      9588
I       4475      9589
I      11374      9590
I      12735      9591
I      13244      9592
I       2561      9593
I       1431      9594
I      15335      9595
I         28      9596
I       1976      9597
I      15674      9598
I      13348      9599
I       9771      9600
I       7364      9601
I        251      9602
I       6125      9603
I       5904      9604
I       5838      9605
I      12501      9606
I       3542      9607
I      10939      9608
I       7212      9609
I       5787      9610
I       1918      9611
I       2514      9612
I       3399      9613
I      10464      9614
I       1473      9615
I      15749      9616
I       3451      9617
I       4885      9618
I      15607      9619
I       8251      9620
I       8276      9621
I      15378      9622
I      11441      9623
I       2564      9624
I       8710      9625
I       2875      9626
I       9356      9627
I      10872      9628
I       5431      9629
I       3069      9630
I      12280      9631
I       5925      9632
I      13021      9633
I      13848      9634
I       1452      9635
I       9566      9636
I      10615      9637
I      13165      9638
I       9426      9639
I       1569      9640
I      11790      9641
I       7141      9642
I      16381      9643
I       2988      9644
I      10766      9645
I       9994      9646
I      13214      9647
I       7010      9648
I       5137      9649
I       5044      9650
I      11403      9651
I       6045      9652
I      11517      9653
I      12931      9654
I      11478      9655
I        401      9656
I       1286      9657
I       7882      9658
I       3918      9659
I        521      9660
I       3088      9661
I       4393      9662
I       1016      9663
I       4487      9664
I      15417      9665
I       1426      9666
I       3268      9667
I      10971      9668
I        316      9669
I      14080      9670
I       5686      9671
I        352      9672
I       9358      9673
I      10401      9674
I      10119      9675
I       8292      9676
I       6698      9677
I       1489      9678
I       7145      9679
I      13570      9680
I      12846      9681
I      12550      9682
I       3053      9683
I       7982      9684
I          5      9685
I       8323      9686
I       9546      9687
I       8145      9688
I      13822      9689
I      10456      9690
I       1493      9691
I       3887      9692
I      10340      9693
I       3410      9694
I       2540      9695
I      16356      9696
I       3049      9697
I       5347      9698
I       8416      9699
I      14413      9700
I      14893      9701
I       9490      9702
I      11270      9703
I      10449      9704
I      14475      9705
I      11783      9706
I      16379      9707
I      15550      9708
I      14344      9709
I       4711      9710
I       2060      9711
I        926      9712
I       4198      9713
I      15368      9714
I      10311      9715
I       6894      9716
I       9975      9717
I       4046      9718
I        902      9719
I       8375      9720
I      14615      9721
I       7956      9722
I      10734      9723
I       6915      9724
I       5325      9725
I      10089      9726
I       3762      9727
I      10800      9728
I      12944      9729
I       4981      9730
I      12197      9731
I      13382      9732
I      10843      9733
I      15973      9734
I      10038      9735
I       6938      9736
I      10766      9737
I      15736      9738
I       1514      9739
I       5315      9740
I       9498      9741
I       7088      9742
I       4209      9743
I      13043      9744
I      11813      9745
I      14257      9746
I      13203      9747
I      11843      9748
I      14001      9749
I       9529      9750
I       4869      9751
I       5781      9752
I       7351      9753
I      13661      9754
I      11355      9755
I      11056      9756
I      14747      9757
I       5425      9758
I      15595      9759
I       8838      9760
I       8288      9761
I      14865      9762
I      13838      9763
I       1171      9764
I       4632      9765
I       1735      9766
I      15322      9767
I       8471      9768
I       7040      9769
I       6539      9770
I       1229      9771
I       3846      9772
I      13348      9773
I      11153      9774
I       8708      9775
I      11920      9776
I      15605      9777
I       1979      9778
I      13946      9779
I       2498      9780
I      12876      9781
I      11833      9782
I       7641      9783
I       7244      9784
I       4746      9785
I       7679      9786
I       1837      9787
I      12093      9788
I       3195      9789
I      12063      9790
I        241      9791
I      15533      9792
I      13921      9793
I      13302      9794
I      11498      9795
I      11533      9796
I       2920      9797
I       3842      9798
I       2826      9799
I      11930      9800
I        520      9801
I       5304      9802
I       8501      9803
I      11396      9804
I      15810      9805
I       3148      9806
I      12103      9807
I         48      9808
I       4231      9809
I       6904      9810
I       8271      9811
I      14378      9812
I      14310      9813
I       1362      9814
I      11993      9815
I      16149      9816
I      15844      9817
I       2530      9818
I      15074      9819
I       1322      9820
I       6400      9821
I      15208      9822
I       3569      9823
I      10742      9824
I       7776      9825
I       5804      9826
I      12799      9827
I       1641      9828
I      11160      9829
I       4245      9830
I       7335      9831
I      11254      9832
I       1322      9833
I      13828      9834
I        878      9835
I       3108      9836
I      12266      9837
I       8686      9838
I       9138      9839
I       2876      9840
I       2546      9841
I       9568      9842
I       4039      9843
I       7318      9844
I      12235      9845
I       3019      9846
I       2426      9847
I       1330      9848
I       4030      9849
I      14338      9850
I       1904      9851
I      10687      9852
I       7924      9853
I       9973      9854
I       6585      9855
I       6650      9856
I       3186      9857
I        650      9858
I       1134      9859
I      11454      9860
I       3282      9861
I       5374      9862
I       2008      9863
I       4376      9864
I      10573      9865
I       2625      9866
I       8685      9867
I       5474      9868
I      10769      9869
I      15076      9870
I       5216      9871
I       9857      9872
I      11278      9873
I      11883      9874
I      11486      9875
I      11265      9876
I       4508      9877
I       2930      9878
I       5599      9879
I      15185      9880
I      10504      9881
I      14069      9882
I       5520      9883
I      11524      9884
I       8200      9885
I      12545      9886
I       8003      9887
I       5999      9888
I      12421      9889
I       4698      9890
I       7770      9891
I      10631      9892
I       2660      9893
I      14176      9894
I      12042      9895
I      10800      9896
I      10176      9897
I      12002      9898
I       5437      9899
I       5127      9900
I      15323      9901
I      13578      9902
I       8692      9903
I       7617      9904
I       3037      9905
I       5912      9906
I       7074      9907
I       7180      9908
I       8725      9909
I       5535      9910
I      13939      9911
I       1028      9912
I        767      9913
I       8440      9914
I       7390      9915
I      14745      9916
I      16371      9917
I       2729      9918
I        717      9919
I       2354      9920
I       4870      9921
I       8384      9922
I        789      9923
I       8759      9924
I       7859      9925
I      11616      9926
I       3491      9927
I      15090      9928
I       1401      9929
I       3409      9930
I      15552      9931
I       9223      9932
I       3724      9933
I       6795      9934
I        487      9935
I      13813      9936
I      10958      9937
I      12553      9938
I       3532      9939
I      10172      9940
I       8027      9941
I       5838      9942
I       4796      9943
I       1535      9944
I       9707      9945
I      11837      9946
I       4620      9947
I       5214      9948
I       3384      9949
I       5994      9950
I       1408      9951
I       3985      9952
I       6743      9953
I       4216      9954
I       1429      9955
I       4978      9956
I       8566      9957
I       5573      9958
I      11519      9959
I      16335      9960
I      16281      9961
I       3162      9962
I      10612      9963
I       2691      9964
I       8281      9965
I      14090      9966
I       2297      9967
I      10648      9968
I       6875      9969
I      15164      9970
I        478      9971
I        558      9972
I      15225      9973
I      14691      9974
I       5479      9975
I       8679      9976
I      14878      9977
I       8298      9978
I      14297      9979
I      14779      9980
I      13440      9981
I      11614      9982
I      15379      9983
I      16102      9984
I        475      9985
I       1719      9986
I      10069      9987
I       8999      9988
I       7630      9989
I      14934      9990
I       8064      9991
I       9295      9992
I      14308      9993
I      10716      9994
I       9163      9995
I      15039      9996
I      11170      9997
I       1878      9998
I       1563      9999
I       9886     10000
I      14798     10001
I      10759     10002
I      15597     10003
I       3469     10004
I       6137     10005
I      14072     10006
I      16110     10007
I       9364     10008
I      11476     10009
I       3538     10010
I       7343     10011
I      13077     10012
I      13575     10013
I       5397     10014
I       5816     10015
I       1432     10016
I       6070     10017
I      10023     10018
I       5687     10019
I      14377     10020
I       5821     10021
I       4296     10022
I      15856     10023
I       5732     10024
I       6169     10025
I      11973     10026
I      16290     10027
I      13690     10028
I      10726     10029
I       7029     10030
I       4591     10031
I      10896     10032
I      14240     10033
I      13431     10034
I        958     10035
I      13510     10036
I      14601     10037
I      10797     10038
I       8611     10039
I        217     10040
I      12301     10041
I       8074     10042
I       2141     10043
I      11445     10044
I      14364     10045
I      12911     10046
I       9694     10047
I      11126     10048
I      10458     10049
I       1387     10050
I      14281     10051
I       4580     10052
I       8072     10053
I      10729     10054
I       2312     10055
I       6692     10056
I       6727     10057
I       3327     10058
I      12463     10059
I       1562     10060
I      10360     10061
I       3971     10062
I       5225     10063
I      12144     10064
I       3328     10065
I      12829     10066
I       8271     10067
I       6817     10068
I       1042     10069
I      11824     10070
I       5332     10071
I        231     10072
I       9260     10073
I       9551     10074
I      11590     10075
I        156     10076
I       4450     10077
I       8136     10078
I      13328     10079
I        196     10080
I       7821     10081
I       8525     10082
I      13703     10083
I       9402     10084
I      10775     10085
I       4666     10086
I       9676     10087
I       9554     10088
I      11948     10089
I      14028     10090
I       2506     10091
I       9759     10092
I      13814     10093
I       3984     10094
I      10804     10095
I      12487     10096
I       2925     10097
I       1434     10098
I      16310     10099
I       4854     10100
I       6764     10101
I        487     10102
I       9472     10103
I       2846     10104
I       9509     10105
I      13584     10106
I      11562     10107
I       3377     10108
I      15594     10109
I      14043     10110
I      14077     10111
I       6596     10112
I      10234     10113
I      10132     10114
I       1888     10115
I      11266     10116
I       4676     10117
I       4899     10118
I       1850     10119
I       2048     10120
I      12903     10121
I      13063     10122
I       1642     10123
I       3588     10124
I       8288     10125
I       5856     10126
I      15403     10127
I       6081     10128
I      16134     10129
I      13919     10130
I       6134     10131
I       8057     10132
I        751     10133
I       1395     10134
I       6671     10135
I       9148     10136
I       3119     10137
I       2827     10138
I       8436     10139
I      14984     10140
I       8153     10141
I       3960     10142
I        511     10143
I       5463     10144
I       7330     10145
I       5378     10146
I       3323     10147
I       1818     10148
I      11636     10149
I      15312     10150
I        468     10151
I       4339     10152
I         56     10153
I       2861     10154
I       9133     10155
I        548     10156
I       3351     10157
I       1932     10158
I      10892     10159
I      10233     10160
I       3105     10161
I       6340     10162
I      11237     10163
I       2304     10164
I      16287     10165
I      13121     10166
I        695     10167
I      14871     10168
I       9645     10169
I       1148     10170
I       6686     10171
I        959     10172
I       3282     10173
I       6785     10174
I      14242     10175
I       6279     10176
I        914     10177
I       8515     10178
I       3986     10179
I      12646     10180
I       8613     10181
I      14922     10182
I       7649     10183
I       2644     10184
I       7467     10185
I       4516     10186
I       5029     10187
I        730     10188
I       5089     10189
I       5389     10190
I       6398     10191
I       9063     10192
I      15903     10193
I       6140     10194
I       5197     10195
I       5442     10196
I      12638     10197
I       5247     10198
I      10208     10199
I       8892     10200
I       3633     10201
I       8849     10202
I       2940     10203
I        925     10204
I      14906     10205
I      15992     10206
I      16124     10207
I      11536     10208
I       7947     10209
I       6785     10210
I        389     10211
I       8352     10212
I       7814     10213
I       8555     10214
I      10575     10215
I       2761     10216
I       3012     10217
I       1648     10218
I      13471     10219
I      14534     10220
I       1660     10221
I      10851     10222
I       6882     10223
I       2634     10224
I      14554     10225
I      16285     10226
I       7817     10227
I      14850     10228
I      10382     10229
I        271     10230
I      13386     10231
I      11851     10232
I       8405     10233
I       4623     10234
I      12547     10235
I       5034     10236
I      10339     10237
I       8001     10238
I       4488     10239
I      13668     10240
I      10548     10241
I       3877     10242
I       3337     10243
I      14326     10244
I      11739     10245
I       3432     10246
I       2492     10247
I       3670     10248
I       1697     10249
I       5394     10250
I      15605     10251
I       2435     10252
I      11609     10253
I      10125     10254
I      13259     10255
I       7232     10256
I      13715     10257
I      10536     10258
I       7127     10259
I       4805     10260
I      15108     10261
I       5706     10262
I       2790     10263
I      12117     10264
I       7636     10265
I      13992     10266
I       5828     10267
I      13269     10268
I      10292     10269
I      16335     10270
I       3570     10271
I      10878     10272
I      10791     10273
I       6531     10274
I      13842     10275
I      15699     10276
I       6986     10277
I       8977     10278
I      16378     10279
I      15982     10280
I       4351     10281
I      14478     10282
I      12583     10283
I      13228     10284
I       8859     10285
I      14706     10286
I       5021     10287
I      10067     10288
I      12567     10289
I       7765     10290
I       8329     10291
I       2523     10292
I       8322     10293
I        906     10294
I       1886     10295
I      11785     10296
I       8925     10297
I       2606     10298
I       2690     10299
I       1844     10300
I      15570     10301
I        241     10302
I      13864     10303
I       8403     10304
I      14422     10305
I       4597     10306
I       8701     10307
I       2294     10308
I       9028     10309
I       5139     10310
I       5084     10311
I      14332     10312
I       8959     10313
I       5572     10314
I       3787     10315
I      11250     10316
I      14631     10317
I        270     10318
I       6551     10319
I        896     10320
I      13512     10321
I       8068     10322
I      14941     10323
I      15783     10324
I       8357     10325
I      16014     10326
I       7251     10327
I       8724     10328
I      16349     10329
I       6352     10330
I        380     10331
I      10646     10332
I       1368     10333
I      12679     10334
I       1129     10335
I      15903     10336
I      15368     10337
I       4508     10338
I       3824     10339
I       9519     10340
I       6268     10341
I       4704     10342
I       5624     10343
I        886     10344
I       4923     10345
I      10008     10346
I        339     10347
I       4327     10348
I      15864     10349
I       3495     10350
I       7340     10351
I      16050     10352
I       6701     10353
I      11030     10354
I       7847     10355
I       8929     10356
I      11975     10357
I       4425     10358
I       2327     10359
I       8498     10360
I       6157     10361
I       2641     10362
I       9731     10363
I      10297     10364
I       5819     10365
I      10340     10366
I       8798     10367
I       8534     10368
I      13771     10369
I      10256     10370
I       8230     10371
I       3538     10372
I       7137     10373
I       8049     10374
I      11080     10375
I       4928     10376
I       7668     10377
I      14663     10378
I       2039     10379
I       6448     10380
I       6575     10381
I       6862     10382
I       3690     10383
I       6867     10384
I      10544     10385
I       8189     10386
I       5975     10387
I      13148     10388
I      12356     10389
I      16374     10390
I      15765     10391
I      14582     10392
I      13550     10393
I       1759     10394
I      10498     10395
I      12375     10396
I        681     10397
I      15187     10398
I      10700     10399
I       3271     10400
I       5399     10401
I      16038     10402
I      10458     10403
I      15078     10404
I      13641     10405
I       8657     10406
I      15984     10407
I       2998     10408
I       1360     10409
I       9946     10410
I      15746     10411
I       1559     10412
I       3497     10413
I      10719     10414
I      15757     10415
I      10955     10416
I      10680     10417
I      12772     10418
I       3142     10419
I      10403     10420
I      13880     10421
I      11517     10422
I      16246     10423
I      12015     10424
I      15341     10425
I      11513     10426
I       5046     10427
I      12725     10428
I      13407     10429
I      15292     10430
I       1775     10431
I       6200     10432
I      16039     10433
I       8196     10434
I       5603     10435
I      14103     10436
I       9914     10437
I       6892     10438
I       5312     10439
I      16003     10440
I       8009     10441
I       2199     10442
I      12570     10443
I       9421     10444
I       1599     10445
I       5175     10446
I      14307     10447
I      10740     10448
I       8931     10449
I       6444     10450
I       4866     10451
I      15432     10452
I      10788     10453
I      15930     10454
I       8051     10455
I       7908     10456
I       2426     10457
I       4366     10458
I       1025     10459
I       6632     10460
I       5191     10461
I       5100     10462
I       6957     10463
I      14464     10464
I      15491     10465
I       9203     10466
I       5973     10467
I       4735     10468
I       2171     10469
I       9581     10470
I       3790     10471
I      13457     10472
I      12167     10473
I       2214     10474
I      14755     10475
I      11074     10476
I      15131     10477
I       9659     10478
I      13897     10479
I       8807     10480
I        102     10481
I       7671     10482
I       3891     10483
I       9183     10484
I       7935     10485
I       3057     10486
I      13251     10487
I       3454     10488
I       2170     10489
I      11066     10490
I       7719     10491
I        684     10492
I       2286     10493
I       7968     10494
I      12208     10495
I      15960     10496
I       4215     10497
I       5261     10498
I       3450     10499
I      13974     10500
I      11103     10501
I       6759     10502
I       4130     10503
I        970     10504
I        476     10505
I       3498     10506
I       8838     10507
I       8918     10508
I      13493     10509
I       2860     10510
I      15723     10511
I      16225     10512
I      14598     10513
I      11278     10514
I       7897     10515
I      15062     10516
I       8479     10517
I       9924     10518
I      11772     10519
I       6642     10520
I       3355     10521
I       9831     10522
I       2192     10523
I       1989     10524
I       1672     10525
I      15391     10526
I      14727     10527
I       2162     10528
I       9200     10529
I       2401     10530
I      11496     10531
I       2267     10532
I      16270     10533
I       2005     10534
I      10709     10535
I       9540     10536
I       9720     10537
I       3471     10538
I      12191     10539
I       4677     10540
I      14130     10541
I        285     10542
I      10150     10543
I       2115     10544
I      11851     10545
I      12360     10546
I       1265     10547
I       3015     10548
I        714     10549
I      13215     10550
I      10493     10551
I      15269     10552
I      13708     10553
I       9880     10554
I      12520     10555
I       3881     10556
I       7234     10557
I      12862     10558
I      15575     10559
I      14632     10560
I      12103     10561
I      10932     10562
I       4111     10563
I       5349     10564
I      13201     10565
I      13225     10566
I       9100     10567
I       8554     10568
I       8382     10569
I      13541     10570
I       8829     10571
I       8862     10572
I      14610     10573
I        316     10574
I      13967     10575
I        612     10576
I       9280     10577
I       2277     10578
I        715     10579
I      10599     10580
I       6572     10581
I       2015     10582
I      11219     10583
I      15293     10584
I      12062     10585
I       8755     10586
I      14663     10587
I       9185     10588
I      10360     10589
I      14364     10590
I       1343     10591
I      12971     10592
I       6696     10593
I        456     10594
I         27     10595
I       1443     10596
I      10892     10597
I      11433     10598
I       3417     10599
I       6847     10600
I       9143     10601
I       6267     10602
I       8907     10603
I       6205     10604
I       1313     10605
I       8145     10606
I       6860     10607
I      12085     10608
I       9023     10609
I       1877     10610
I      11820     10611
I       8229     10612
I       9979     10613
I       3182     10614
I       8986     10615
I      10507     10616
I      10143     10617
I       4882     10618
I       6120     10619
I       6024     10620
I      15108     10621
I      13716     10622
I       1947     10623
I      10548     10624
I       3315     10625
I      13313     10626
I       6882     10627
I       2199     10628
I      12504     10629
I      16068     10630
I       3678     10631
I      15217     10632
I       2648     10633
I       1374     10634
I       4466     10635
I       6001     10636
I        918     10637
I      11524     10638
I       7739     10639
I       4588     10640
I       7588     10641
I       8839     10642
I      12610     10643
I      12100     10644
I      12874     10645
I      11499     10646
I      14771     10647
I       1802     10648
I      12412     10649
I       6279     10650
I       4203     10651
I       2150     10652
I       9212     10653
I      11957     10654
I       6076     10655
I       3745     10656
I      16051     10657
I      13826     10658
I       6641     10659
I       9343     10660
I        653     10661
I       3311     10662
I      10536     10663
I      16036     10664
I      12976     10665
I      15371     10666
I       7620     10667
I       7118     10668
I       9795     10669
I       5359     10670
I      13862     10671
I      15470     10672
I      13270     10673
I       6799     10674
I       3842     10675
I       2685     10676
I       3727     10677
I       6428     10678
I      12258     10679
I       4299     10680
I       8693     10681
I       1734     10682
I       9694     10683
I       2150     10684
I      15221     10685
I      10941     10686
I      15490     10687
I      13920     10688
I      15443     10689
I      14620     10690
I       1955     10691
I      15664     10692
I       8894     10693
I       2843     10694
I      15274     10695
I       2889     10696
I       7765     10697
I       5961     10698
I       8905     10699
I       5201     10700
I      15757     10701
I      15442     10702
I      16269     10703
I       1420     10704
I      13743     10705
I        533     10706
I      12197     10707
I       6617     10708
I       9285     10709
I      11781     10710
I      15860     10711
I       7645     10712
I       8393     10713
I      12987     10714
I      12748     10715
I      11230     10716
I      13822     10717
I       1424     10718
I      13905     10719
I       6122     10720
I      15819     10721
I       4507     10722
I       1952     10723
I       5737     10724
I       6098     10725
I      13929     10726
I       7417     10727
I       3647     10728
I       9944     10729
I       9542     10730
I       8780     10731
I       3948     10732
I      11831     10733
I        101     10734
I       5340     10735
I       9370     10736
I      15581     10737
I       8421     10738
I       3094     10739
I      14697     10740
I       7993     10741
I       2011     10742
I      12188     10743
I       5766     10744
I      14403     10745
I      11228     10746
I       4852     10747
I        821     10748
I       2124     10749
I       6080     10750
I       8960     10751
I      12478     10752
I       1648     10753
I       1439     10754
I      15648     10755
I       9510     10756
I       9402     10757
I       8366     10758
I      10113     10759
I      13074     10760
I       2048     10761
I        789     10762
I      11076     10763
I      14046     10764
I      15413     10765
I       1713     10766
I      15937     10767
I       9521     10768
I      12367     10769
I       3751     10770
I       8637     10771
I      12345     10772
I      15186     10773
I       7512     10774
I      14312     10775
I       5301     10776
I      12961     10777
I      13145     10778
I       7760     10779
I       4671     10780
I       2162     10781
I      15235     10782
I       2842     10783
I      10247     10784
I       9571     10785
I      12248     10786
I       2927     10787
I       2678     10788
I       5420     10789
I      15953     10790
I      11337     10791
I      10489     10792
I       4466     10793
I       3555     10794
I       9915     10795
I       9405     10796
I       9491     10797
I      11929     10798
I       7737     10799
I      14588     10800
I       3532     10801
I      10883     10802
I       9417     10803
I      14208     10804
I       1501     10805
I       6405     10806
I       8997     10807
I      13357     10808
I      13512     10809
I      14849     10810
I       6389     10811
I       5262     10812
I       4385     10813
I       5015     10814
I       8466     10815
I      13388     10816
I       4730     10817
I      13924     10818
I       7737     10819
I      10563     10820
I      13390     10821
I       4791     10822
I       6914     10823
I      15695     10824
I        454     10825
I      10633     10826
I         93     10827
I      16118     10828
I       3853     10829
I       1541     10830
I       1159     10831
I      11152     10832
I       9634     10833
I      14487     10834
I      11858     10835
I       2953     10836
I       3945     10837
I       5357     10838
I      12110     10839
I        196     10840
I       3931     10841
I      12584     10842
I      15229     10843
I       5254     10844
I       8573     10845
I       9060     10846
I       5768     10847
I      16263     10848
I        870     10849
I       5788     10850
I      12977     10851
I      12089     10852
I       6559     10853
I       1489     10854
I       3703     10855
I       9752     10856
I       7127     10857
I       2771     10858
I         72     10859
I       9211     10860
I       2051     10861
I      12963     10862
I       4379     10863
I      11236     10864
I      13954     10865
I      11546     10866
I      14794     10867
I       4854     10868
I       8258     10869
I       5871     10870
I       4480     10871
I       3350     10872
I       1166     10873
I       3480     10874
I       6040     10875
I      10807     10876
I       8632     10877
I       4935     10878
I      15207     10879
I       9244     10880
I       3805     10881
I       6043     10882
I      13830     10883
I      11270     10884
I       8700     10885
I      13327     10886
I        312     10887
I       6811     10888
I       5222     10889
I      10326     10890
I      11682     10891
I      13188     10892
I      11775     10893
I       4784     10894
I        216     10895
I      10884     10896
I        416     10897
I       2569     10898
I      14823     10899
I      13113     10900
I       7021     10901
I      13062     10902
I       7429     10903
I       3619     10904
I      13427     10905
I      11194     10906
I      10031     10907
I       4304     10908
I       7576     10909
I       5676     10910
I       8091     10911
I      12376     10912
I       9296     10913
I       5120     10914
I       7224     10915
I       9972     10916
I       1499     10917
I      13607     10918
I      16360     10919
I      15761     10920
I       2936     10921
I       7773     10922
I       7123     10923
I       7414     10924
I      12616     10925
I      12248     10926
I      10474     10927
I       3447     10928
I       1972     10929
I      11602     10930
I       6089     10931
I       1831     10932
I      15504     10933
I       3238     10934
I       2430     10935
I      13690     10936
I        842     10937
I      14130     10938
I      10009     10939
I       8700     10940
I      10069     10941
I      13014     10942
I      14235     10943
I       5700     10944
I       5885     10945
I      12578     10946
I       4572     10947
I      10409     10948
I      10114     10949
I        136     10950
I       5281     10951
I       8917     10952
I       8161     10953
I       9479     10954
I      12107     10955
I       7950     10956
I      12185     10957
I       3849     10958
I       4138     10959
I       5812     10960
I       2729     10961
I      15194     10962
I       1056     10963
I      16367     10964
I      12476     10965
I       1088     10966
I       1299     10967
I      10265     10968
I      12965     10969
I       7698     10970
I      16260     10971
I       3042     10972
I       9662     10973
I      12336     10974
I       4055     10975
I       6749     10976
I          2     10977
I       2672     10978
I       9614     10979
I          2     10980
I       4501     10981
I      12712     10982
I      10261     10983
I      10695     10984
I       2705     10985
I       9700     10986
I       1235     10987
I       1118     10988
I       5842     10989
I       7564     10990
I       5646     10991
I      10526     10992
I       5228     10993
I      12534     10994
I      11653     10995
I       7176     10996
I      14428     10997
I       3045     10998
I      16261     10999
I      14349     11000
I       9978     11001
I       8028     11002
I       2773     11003
I       1354     11004
I       2402     11005
I       8499     11006
I      15351     11007
I      13235     11008
I      13867     11009
I       1494     11010
I       3710     11011
I       9283     11012
I      11879     11013
I       5319     11014
I       2445     11015
I       8160     11016
I       8852     11017
I      11853     11018
I       2390     11019
I       9736     11020
I       2207     11021
I      14576     11022
I      15593     11023
I      14937     11024
I      10443     11025
I       5151     11026
I       1895     11027
I      13719     11028
I       3494     11029
I        292     11030
I       1525     11031
I       5610     11032
I       3041     11033
I      15263     11034
I       3544     11035
I        288     11036
I       7105     11037
I      13154     11038
I      12191     11039
I      11582     11040
I       9055     11041
I       9665     11042
I       5095     11043
I       9163     11044
I      15064     11045
I       2321     11046
I       8457     11047
I      15423     11048
I       1845     11049
I        716     11050
I      12280     11051
I      10326     11052
I       5708     11053
I       2806     11054
I       9714     11055
I       3398     11056
I      12687     11057
I       9594     11058
I       4467     11059
I      13289     11060
I       1560     11061
I       3414     11062
I      16100     11063
I      10296     11064
I      10521     11065
I       8334     11066
I      11506     11067
I        527     11068
I       4733     11069
I      13098     11070
I        857     11071
I        595     11072
I       6862     11073
I      13756     11074
I       3243     11075
I       8299     11076
I      10555     11077
I       3255     11078
I       5380     11079
I       4997     11080
I      13365     11081
I       4169     11082
I       7490     11083
I       4526     11084
I      15221     11085
I      10173     11086
I       3068     11087
I       6113     11088
I       6795     11089
I       3870     11090
I       5881     11091
I      15501     11092
I       3678     11093
I       1814     11094
I      11971     11095
I       8549     11096
I      12112     11097
I       5045     11098
I      12779     11099
I       9395     11100
I       6527     11101
I       8047     11102
I       5231     11103
I       3152     11104
I       6877     11105
I       2840     11106
I       2000     11107
I      15466     11108
I      13613     11109
I       8988     11110
I       9071     11111
I      11411     11112
I      10393     11113
I       3519     11114
I       6160     11115
I       7172     11116
I       2809     11117
I       2526     11118
I       3133     11119
I       4988     11120
I       1470     11121
I       6099     11122
I      15670     11123
I       6563     11124
I      14152     11125
I      11339     11126
I       5581     11127
I      13127     11128
I       4907     11129
I       6084     11130
I       8104     11131
I      14229     11132
I      11313     11133
I       6441     11134
I       9341     11135
I       8061     11136
I       2203     11137
I       9580     11138
I       5213     11139
I       8482     11140
I      13598     11141
I       2270     11142
I       4298     11143
I       9422     11144
I       1038     11145
I       8722     11146
I       8076     11147
I      14972     11148
I       6129     11149
I       7292     11150
I       9780     11151
I       6715     11152
I      13426     11153
I      10581     11154
I      14808     11155
I       7435     11156
I       9465     11157
I      15133     11158
I      13298     11159
I       9880     11160
I       1660     11161
I      13300     11162
I       6103     11163
I       2216     11164
I       5726     11165
I       2361     11166
I      14769     11167
I       9770     11168
I       9562     11169
I      13285     11170
I       3313     11171
I       2576     11172
I       7380     11173
I      15441     11174
I      13713     11175
I       6352     11176
I      14342     11177
I       3756     11178
I       9516     11179
I       2236     11180
I       3553     11181
I       3362     11182
I       4597     11183
I      11304     11184
I       7048     11185
I      15220     11186
I        367     11187
I       5635     11188
I      13047     11189
I       4847     11190
I       5485     11191
I        639     11192
I        826     11193
I       2188     11194
I       7548     11195
I        175     11196
I       7769     11197
I       5114     11198
I      12810     11199
I       7413     11200
I       3954     11201
I      13322     11202
I        306     11203
I       9056     11204
I       1793     11205
I       5521     11206
I      15164     11207
I      13183     11208
I       8992     11209
I       7484     11210
I        419     11211
I       1158     11212
I       9561     11213
I       6792     11214
I      16146     11215
I      16314     11216
I      12843     11217
I      11790     11218
I       1243     11219
I       1316     11220
I       5908     11221
I       7775     11222
I       8299     11223
I      15237     11224
I       6406     11225
I       7889     11226
I       8772     11227
I       9626     11228
I      15752     11229
I       7316     11230
I        312     11231
I        109     11232
I       6498     11233
I       1356     11234
I       7900     11235
I       4490     11236
I       5877     11237
I       5592     11238
I       6805     11239
I       2095     11240
I       2467     11241
I      15004     11242
I        373     11243
I       2253     11244
I      10016     11245
I        363     11246
I      14041     11247
I       3881     11248
I         98     11249
I      12088     11250
I      16094     11251
I       8552     11252
I      13063     11253
I       6300     11254
I       9865     11255
I      13708     11256
I       2487     11257
I       5428     11258
I       2585     11259
I       7384     11260
I       1353     11261
I      12696     11262
I       4574     11263
I      12743     11264
I       3996     11265
I       9697     11266
I      11652     11267
I       6467     11268
I       7132     11269
I       8848     11270
I      12126     11271
I       4797     11272
I      13847     11273
I       4137     11274
I        114     11275
I       9148     11276
I      12994     11277
I       8190     11278
I       1866     11279
I       1846     11280
I      10471     11281
I       7837     11282
I      14027     11283
I      11645     11284
I      11688     11285
I        896     11286
I       4250     11287
I       3056     11288
I       6821     11289
I       8684     11290
I      13013     11291
I      15260     11292
I      13007     11293
I      14145     11294
I      12960     11295
I       5107     11296
I      11267     11297
I      15549     11298
I      14828     11299
I      11224     11300
I       7584     11301
I       4932     11302
I       1604     11303
I      10926     11304
I      13241     11305
I       7075     11306
I       1758     11307
I      10756     11308
I       3680     11309
I       5811     11310
I         94     11311
I       6165     11312
I      15348     11313
I      14221     11314
I      11101     11315
I       1581     11316
I       6243     11317
I       4423     11318
I      12121     11319
I      11305     11320
I      14193     11321
I      10547     11322
I       1186     11323
I       5682     11324
I      15057     11325
I      12551     11326
I       8539     11327
I       3167     11328
I      14247     11329
I         43     11330
I       5562     11331
I       9213     11332
I       5234     11333
I      13700     11334
I       4391     11335
I      10954     11336
I       5730     11337
I      15560     11338
I       3758     11339
I       5548     11340
I       2083     11341
I       1811     11342
I       8460     11343
I       6504     11344
I      10777     11345
I       5150     11346
I       5648     11347
I       7372     11348
I       9470     11349
I       5695     11350
I       4311     11351
I       5574     11352
I      15364     11353
I       6244     11354
I      12398     11355
I       1712     11356
I      10964     11357
I      11554     11358
I      14304     11359
I       7295     11360
I        162     11361
I      13731     11362
I      11028     11363
I       5365     11364
I      10574     11365
I      12010     11366
I       4940     11367
I       5896     11368
I      12961     11369
I       9401     11370
I       1928     11371
I      13243     11372
I       3873     11373
I       5436     11374
I      10169     11375
I        321     11376
I        397     11377
I      14604     11378
I      15789     11379
I        266     11380
I       4769     11381
I      10857     11382
I        252     11383
I       5288     11384
I      10913     11385
I       5445     11386
I       9079     11387
I      11554     11388
I       3065     11389
I      10305     11390
I       5942     11391
I      15583     11392
I      10298     11393
I       5140     11394
I      11979     11395
I      12009     11396
I       1222     11397
I      14275     11398
I       3917     11399
I        604     11400
I       5378     11401
I       4108     11402
I       6225     11403
I      10408     11404
I       8969     11405
I      13508     11406
I       8499     11407
I       3760     11408
I      12893     11409
I      12597     11410
I       8941     11411
I       8517     11412
I       3441     11413
I      15436     11414
I       2120     11415
I      15060     11416
I       5086     11417
I       9903     11418
I       9310     11419
I      12039     11420
I      15819     11421
I       9365     11422
I      10055     11423
I      11318     11424
I       2419     11425
I      13172     11426
I       2018     11427
I        566     11428
I       8360     11429
I      14130     11430
I       9162     11431
I       9736     11432
I       5607     11433
I       9126     11434
I      12002     11435
I       9954     11436
I       6299     11437
I      10406     11438
I       6498     11439
I       8909     11440
I       1466     11441
I       4511     11442
I       8931     11443
I       3672     11444
I       1565     11445
I      12090     11446
I       6567     11447
I      13352     11448
I       8078     11449
I       7107     11450
I       4407     11451
I      11148     11452
I       3176     11453
I      15780     11454
I       9095     11455
I      12983     11456
I      13548     11457
I      12409     11458
I       1884     11459
I       2482     11460
I      14108     11461
I       5976     11462
I      14191     11463
I       7671     11464
I       6585     11465
I      13018     11466
I      15064     11467
I       7641     11468
I      12823     11469
I       1383     11470
I      14410     11471
I      15639     11472
I       6800     11473
I       1488     11474
I       1211     11475
I      14964     11476
I      11198     11477
I        573     11478
I       6626     11479
I        913     11480
I       2316     11481
I      10416     11482
I       4108     11483
I      11066     11484
I      10670     11485
I       3832     11486
I       8056     11487
I       3676     11488
I      15301     11489
I       5342     11490
I      10085     11491
I       9515     11492
I       2118     11493
I      13063     11494
I       6362     11495
I       1005     11496
I      14081     11497
I       2369     11498
I       3923     11499
I      10299     11500
I      14482     11501
I       4023     11502
I       8636     11503
I       3807     11504
I      15108     11505
I       3850     11506
I       5902     11507
I       6141     11508
I        382     11509
I      15199     11510
I       7071     11511
I      12379     11512
I       1687     11513
I      11906     11514
I       1349     11515
I      14936     11516
I      14754     11517
I      15386     11518
I       4240     11519
I       8952     11520
I        654     11521
I       4208     11522
I      14329     11523
I      15584     11524
I      11832     11525
I      13141     11526
I       1854     11527
I      11980     11528
I       8371     11529
I      13951     11530
I      12951     11531
I       5331     11532
I       9840     11533
I       6507     11534
I       1477     11535
I      11687     11536
I      14418     11537
I        957     11538
I       2717     11539
I       8750     11540
I       2977     11541
I       1227     11542
I      15591     11543
I        715     11544
I       8101     11545
I       2199     11546
I       1675     11547
I        451     11548
I       3279     11549
I       9333     11550
I       5994     11551
I       8538     11552
I      13904     11553
I      14535     11554
I       4574     11555
I        473     11556
I      10262     11557
I       4796     11558
I       9674     11559
I       8292     11560
I       7223     11561
I       7480     11562
I       7896     11563
I      15840     11564
I      14193     11565
I      11887     11566
I       9676     11567
I      10072     11568
I      15818     11569
I      15671     11570
I       5198     11571
I      10006     11572
I      11618     11573
I      13608     11574
I       2082     11575
I       1934     11576
I       7737     11577
I      13131     11578
I      15103     11579
I      13449     11580
I       1455     11581
I        793     11582
I       8596     11583
I       6623     11584
I      13266     11585
I       1315     11586
I      13947     11587
I       6553     11588
I      11076     11589
I       5259     11590
I      15886     11591
I       1113     11592
I      14720     11593
I        474     11594
I      14318     11595
I       9315     11596
I       8996     11597
I      16357     11598
I      15811     11599
I      11214     11600
I       4588     11601
I        125     11602
I      10910     11603
I       2091     11604
I       5259     11605
I      14868     11606
I       1191     11607
I       8744     11608
I       1535     11609
I      13171     11610
I       7468     11611
I      14100     11612
I       9598     11613
I       3054     11614
I      10147     11615
I      11499     11616
I       8203     11617
I       5324     11618
I       3020     11619
I       7223     11620
I       2825     11621
I      16012     11622
I      12559     11623
I       3658     11624
I       6869     11625
I      14647     11626
I       9261     11627
I       4126     11628
I       2535     11629
I       9353     11630
I      15311     11631
I       9174     11632
I      13369     11633
I       5201     11634
I       8457     11635
I       6576     11636
I       4388     11637
I      13046     11638
I      13063     11639
I       4565     11640
I       7815     11641
I       2085     11642
I       2031     11643
I       1247     11644
I      11531     11645
I       3748     11646
I       2579     11647
I       1932     11648
I      13266     11649
I       2663     11650
I       8405     11651
I       6381     11652
I      16278     11653
I      15949     11654
I      13352     11655
I      11554     11656
I       5597     11657
I       4936     11658
I      15335     11659
I       3392     11660
I        695     11661
I      13137     11662
I       1535     11663
I      16287     11664
I      11258     11665
I       9133     11666
I       3687     11667
I       4737     11668
I      14976     11669
I      10855     11670
I       5267     11671
I       7841     11672
I       6563     11673
I      15911     11674
I       9712     11675
I      10517     11676
I      13031     11677
I      10334     11678
I      13069     11679
I       2366     11680
I       8849     11681
I       2774     11682
I      12789     11683
I       5432     11684
I       5955     11685
I      13548     11686
I       7105     11687
I      15637     11688
I       2182     11689
I       8217     11690
I       2966     11691
I       4310     11692
I       7651     11693
I      15207     11694
I       1919     11695
I      15029     11696
I       7697     11697
I       9143     11698
I       9278     11699
I        641     11700
I       8933     11701
I      11934     11702
I       1159     11703
I      14191     11704
I       9933     11705
I       9684     11706
I      10636     11707
I      15788     11708
I       8219     11709
I      12471     11710
I      12412     11711
I       6055     11712
I      12310     11713
I       4802     11714
I       6994     11715
I       4598     11716
I       3442     11717
I      16267     11718
I       8393     11719
I       5535     11720
I      11226     11721
I      13398     11722
I       6426     11723
I       3427     11724
I       5164     11725
I        451     11726
I      10244     11727
I       5399     11728
I      11803     11729
I        825     11730
I       6911     11731
I      13726     11732
I       7747     11733
I       3118     11734
I       6291     11735
I      13179     11736
I      10999     11737
I      13381     11738
I       1687     11739
I      15629     11740
I       5311     11741
I      10319     11742
I       6933     11743
I       7281     11744
I       6138     11745
I      14397     11746
I       5036     11747
I      11467     11748
I       4782     11749
I       9381     11750
I       1558     11751
I       7077     11752
I      11069     11753
I       9348     11754
I       6940     11755
I       1300     11756
I      13508     11757
I        897     11758
I      14617     11759
I       9572     11760
I       2739     11761
I      13174     11762
I       4981     11763
I       1511     11764
I       8313     11765
I      13548     11766
I       3870     11767
I      13838     11768
I       2596     11769
I       8126     11770
I      15673     11771
I      14649     11772
I       6840     11773
I      13375     11774
I       1285     11775
I       3068     11776
I       2690     11777
I       5169     11778
I      16096     11779
I       9512     11780
I       4017     11781
I       6175     11782
I       2733     11783
I        134     11784
I       1285     11785
I       5920     11786
I       7354     11787
I       8412     11788
I       6255     11789
I       1014     11790
I       7401     11791
I       7938     11792
I      13109     11793
I       9801     11794
I       5363     11795
I       4286     11796
I      14448     11797
I       1043     11798
I       1437     11799
I       9833     11800
I       2331     11801
I      11884     11802
I      10038     11803
I       8847     11804
I       6773     11805
I      10531     11806
I       9590     11807
I       4051     11808
I      15113     11809
I       3654     11810
I       7464     11811
I      11039     11812
I      11316     11813
I      11155     11814
I       4735     11815
I       6307     11816
I       5754     11817
I       7431     11818
I          1     11819
I       8591     11820
I      11937     11821
I       6634     11822
I      13589     11823
I      13575     11824
I       5385     11825
I       6593     11826
I       1154     11827
I       4314     11828
I      12763     11829
I      12576     11830
I       1483     11831
I      11981     11832
I       6086     11833
I       1007     11834
I       5276     11835
I       9593     11836
I       3893     11837
I       9301     11838
I        475     11839
I       1723     11840
I      12697     11841
I       2122     11842
I       8481     11843
I       6897     11844
I      12526     11845
I      14697     11846
I      11880     11847
I       9089     11848
I       1697     11849
I      15748     11850
I       3595     11851
I      13596     11852
I       8938     11853
I       7695     11854
I       3784     11855
I       5696     11856
I       2270     11857
I      11075     11858
I       4780     11859
I      14487     11860
I       4428     11861
I        673     11862
I        225     11863
I       3705     11864
I      12207     11865
I       7557     11866
I      12843     11867
I      11933     11868
I      13978     11869
I        419     11870
I       1977     11871
I       4145     11872
I       7610     11873
I       4770     11874
I       3920     11875
I       7243     11876
I      14381     11877
I       3912     11878
I       8343     11879
I       4972     11880
I       7384     11881
I      16030     11882
I      12033     11883
I       7989     11884
I      14652     11885
I      11394     11886
I       1864     11887
I       2677     11888
I       4262     11889
I       2789     11890
I       7595     11891
I      15878     11892
I       7833     11893
I       1997     11894
I       5639     11895
I       5203     11896
I       8979     11897
I      14757     11898
I      14667     11899
I       8734     11900
I      12089     11901
I       2491     11902
I      12139     11903
I      14249     11904
I       9217     11905
I      15267     11906
I       9424     11907
I      15831     11908
I       6995     11909
I      11170     11910
I       8626     11911
I       8051     11912
I       1505     11913
I       7715     11914
I      12463     11915
I      14277     11916
I        177     11917
I       4877     11918
I       9062     11919
I       6983     11920
I       7613     11921
I      10163     11922
I       6132     11923
I      13272     11924
I       9161     11925
I      16188     11926
I       5428     11927
I       8309     11928
I      10007     11929
I      10675     11930
I       6446     11931
I       6140     11932
I       1317     11933
I       2158     11934
I       8662     11935
I      14287     11936
I       1505     11937
I       2614     11938
I       9615     11939
I       4271     11940
I       2437     11941
I       1839     11942
I      16179     11943
I       5368     11944
I      12779     11945
I       4832     11946
I       7612     11947
I       8496     11948
I      14653     11949
I      14556     11950
I      14987     11951
I      10306     11952
I       1968     11953
I       7114     11954
I      14467     11955
I       6446     11956
I       9867     11957
I       3167     11958
I      10741     11959
I      15863     11960
I       5877     11961
I      15228     11962
I       6993     11963
I      14167     11964
I       1911     11965
I       5163     11966
I       1882     11967
I       7679     11968
I      13501     11969
I      12239     11970
I       4957     11971
I       7363     11972
I       9846     11973
I       3770     11974
I      12665     11975
I       2302     11976
I       2269     11977
I      10806     11978
I      15121     11979
I      12508     11980
I      12361     11981
I       7682     11982
I      12947     11983
I      14602     11984
I       1085     11985
I      11589     11986
I       1539     11987
I       2530     11988
I      12434     11989
I      10286     11990
I      10033     11991
I      11083     11992
I      11683     11993
I       2508     11994
I      13321     11995
I      14136     11996
I       4127     11997
I      10044     11998
I      12770     11999
I       6091     12000
I       3871     12001
I       8610     12002
I       3916     12003
I        382     12004
I      14584     12005
I      10216     12006
I       9604     12007
I       5133     12008
I      10554     12009
I       3854     12010
I       7733     12011
I      14931     12012
I       4184     12013
I      14862     12014
I      11179     12015
I       6814     12016
I      13393     12017
I      11163     12018
I      10458     12019
I      11779     12020
I      11490     12021
I      13444     12022
I       1249     12023
I      13583     12024
I       1885     12025
I         10     12026
I       3778     12027
I      16238     12028
I      11225     12029
I      15259     12030
I      10582     12031
I      11532     12032
I      10988     12033
I       7494     12034
I       6753     12035
I       3305     12036
I       4811     12037
I      13499     12038
I      11734     12039
I      11751     12040
I       1341     12041
I      14828     12042
I       7969     12043
I      10236     12044
I       2552     12045
I      10543     12046
I       3869     12047
I      16370     12048
I       1894     12049
I       8856     12050
I       7654     12051
I       2747     12052
I       2105     12053
I      11516     12054
I       5481     12055
I      13015     12056
I      13082     12057
I      16205     12058
I        500     12059
I       2165     12060
I      13334     12061
I      16328     12062
I      15822     12063
I        794     12064
I       9155     12065
I       7276     12066
I       7327     12067
I       9698     12068
I       6063     12069
I       8581     12070
I       4861     12071
I      15840     12072
I      10828     12073
I      15403     12074
I       8790     12075
I       6012     12076
I       4551     12077
I       7061     12078
I       4323     12079
I       8546     12080
I      12651     12081
I       9506     12082
I      12729     12083
I       9791     12084
I       1849     12085
I       5078     12086
I      10132     12087
I       7855     12088
I       7432     12089
I       1134     12090
I        481     12091
I        274     12092
I      12651     12093
I       6792     12094
I      12847     12095
I       1423     12096
I       6824     12097
I       7718     12098
I       2986     12099
I       1780     12100
I       7101     12101
I      15822     12102
I      11769     12103
I      13750     12104
I       1875     12105
I      13153     12106
I      14258     12107
I      14762     12108
I       7035     12109
I      14003     12110
I      12803     12111
I       2635     12112
I      15797     12113
I      13098     12114
I        733     12115
I       8262     12116
I       4004     12117
I        794     12118
I       4517     12119
I       2041     12120
I       3638     12121
I       4047     12122
I       9425     12123
I      12562     12124
I       9817     12125
I       3584     12126
I       6271     12127
I      16280     12128
I       3573     12129
I       3607     12130
I      10585     12131
I       9728     12132
I      14497     12133
I       5846     12134
I       5851     12135
I       6197     12136
I      10539     12137
I      13424     12138
I       1410     12139
I       1960     12140
I      15557     12141
I       9957     12142
I       8686     12143
I       4849     12144
I       9239     12145
I      12351     12146
I       9301     12147
I      10822     12148
I      10185     12149
I      12148     12150
I       8528     12151
I      15156     12152
I       3788     12153
I       8485     12154
I       8035     12155
I      15378     12156
I       9061     12157
I       3023     12158
I       2024     12159
I       5655     12160
I       9097     12161
I       2758     12162
I      10798     12163
I      13969     12164
I      12273     12165
I       8186     12166
I       1172     12167
I       1385     12168
I      10821     12169
I      14833     12170
I      10747     12171
I       1830     12172
I      12576     12173
I        568     12174
I       4891     12175
I      11331     12176
I       5211     12177
I       8757     12178
I       9969     12179
I      11398     12180
I       1375     12181
I      13375     12182
I      16107     12183
I       7810     12184
I      15459     12185
I       4754     12186
I      10756     12187
I      13776     12188
I       3680     12189
I      13107     12190
I        645     12191
I       9849     12192
I      12902     12193
I       7553     12194
I      12964     12195
I      13496     12196
I       9864     12197
I       5104     12198
I       9651     12199
I       4780     12200
I       9617     12201
I       5230     12202
I       1285     12203
I       5645     12204
I      14843     12205
I      13943     12206
I       7493     12207
I      15052     12208
I       3357     12209
I       3471     12210
I       4603     12211
I       2207     12212
I      14071     12213
I       6165     12214
I      14792     12215
I      10860     12216
I       6383     12217
I      12580     12218
I       3768     12219
I       5203     12220
I        254     12221
I       1208     12222
I      12139     12223
I      13036     12224
I       7149     12225
I      13649     12226
I      13378     12227
I      12106     12228
I       3664     12229
I       8329     12230
I        379     12231
I      13578     12232
I       6128     12233
I       1923     12234
I       8900     12235
I      14205     12236
I      11895     12237
I       1330     12238
I      14710     12239
I       4484     12240
I      16348     12241
I       5833     12242
I       3163     12243
I       5351     12244
I       2665     12245
I      10013     12246
I       3008     12247
I       2022     12248
I       4192     12249
I        818     12250
I      14337     12251
I      10062     12252
I      13829     12253
I       2852     12254
I      15255     12255
I       6097     12256
I      13834     12257
I        783     12258
I       3652     12259
I       5951     12260
I      15231     12261
I       9158     12262
I        245     12263
I       9779     12264
I      11660     12265
I        146     12266
I       4907     12267
I       8395     12268
I      14154     12269
I       8979     12270
I      11896     12271
I       3730     12272
I       8976     12273
I      14289     12274
I       1776     12275
I       8563     12276
I      13217     12277
I       9932     12278
I       2389     12279
I       1183     12280
I      12607     12281
I       2589     12282
I      11383     12283
I      14979     12284
I       7946     12285
I      10185     12286
I       6514     12287
I       6276     12288
I       4435     12289
I       4459     12290
I      12163     12291
I       2678     12292
I      12562     12293
I       2051     12294
I        211     12295
I       1401     12296
I         22     12297
I       2529     12298
I      12897     12299
I       4557     12300
I        505     12301
I       2567     12302
I       2495     12303
I      13699     12304
I      13824     12305
I      14072     12306
I       5042     12307
I       4082     12308
I      14011     12309
I      12736     12310
I       2412     12311
I       3916     12312
I      12808     12313
I       7206     12314
I       6071     12315
I       2477     12316
I      11863     12317
I       9613     12318
I       1833     12319
I      15243     12320
I       8242     12321
I       8101     12322
I      12626     12323
I       8376     12324
I       7384     12325
I      15934     12326
I      13787     12327
I       5643     12328
I       4149     12329
I      13401     12330
I       6396     12331
I      14785     12332
I      12142     12333
I       3586     12334
I       3056     12335
I      11341     12336
I       9090     12337
I       3334     12338
I      11004     12339
I       5500     12340
I       2495     12341
I       3219     12342
I       1386     12343
I      15857     12344
I       2452     12345
I       7974     12346
I       9348     12347
I      11964     12348
I       9697     12349
I       4860     12350
I       6741     12351
I        949     12352
I       4252     12353
I       9916     12354
I       1398     12355
I      11641     12356
I      15177     12357
I      11136     12358
I       6632     12359
I        574     12360
I      11831     12361
I       6555     12362
I       8571     12363
I       3878     12364
I      15027     12365
I      10043     12366
I       8037     12367
I      15028     12368
I      14863     12369
I       4214     12370
I       9716     12371
I       5827     12372
I       3364     12373
I      11894     12374
I       6874     12375
I      10638     12376
I       1768     12377
I       5797     12378
I      13960     12379
I       7579     12380
I       8449     12381
I       3363     12382
I      14679     12383
I      13570     12384
I       4081     12385
I       2215     12386
I      14011     12387
I      11879     12388
I      10421     12389
I      13388     12390
I       9403     12391
I       5458     12392
I       9038     12393
I      16253     12394
I      11368     12395
I      12344     12396
I        231     12397
I       7719     12398
I       5662     12399
I       3793     12400
I       3946     12401
I      10815     12402
I       1577     12403
I       6445     12404
I      11661     12405
I       7186     12406
I      11498     12407
I       3495     12408
I       8095     12409
I      10569     12410
I       6081     12411
I       7158     12412
I      12816     12413
I      10794     12414
I       7926     12415
I      11270     12416
I       1576     12417
I        636     12418
I       2964     12419
I      13305     12420
I      11121     12421
I       8418     12422
I      13047     12423
I        496     12424
I       7888     12425
I       8623     12426
I       9762     12427
I       6219     12428
I       7305     12429
I       8660     12430
I      15319     12431
I      14001     12432
I      10140     12433
I       9854     12434
I      11863     12435
I      15630     12436
I      13939     12437
I       1895     12438
I       1796     12439
I      14827     12440
I      14546     12441
I       6838     12442
I      12994     12443
I      14597     12444
I        929     12445
I        467     12446
I        770     12447
I       4425     12448
I       4830     12449
I      13111     12450
I       9977     12451
I      10988     12452
I      12630     12453
I       7108     12454
I        267     12455
I      11017     12456
I       9728     12457
I      12260     12458
I       1955     12459
I      15767     12460
I        929     12461
I       8609     12462
I       9219     12463
I       5836     12464
I      11396     12465
I      12265     12466
I        383     12467
I       8696     12468
I       4517     12469
I       5269     12470
I      10900     12471
I      12505     12472
I      15054     12473
I       8512     12474
I      14218     12475
I      13108     12476
I      15944     12477
I      12352     12478
I       7801     12479
I      12119     12480
I       2821     12481
I      16293     12482
I       8527     12483
I        636     12484
I       1124     12485
I       2488     12486
I       4030     12487
I      14578     12488
I       6414     12489
I       5745     12490
I       7639     12491
I       6767     12492
I      15862     12493
I      14272     12494
I       2579     12495
I       8146     12496
I      12237     12497
I       2296     12498
I       3488     12499
I      13271     12500
I      15325     12501
I      16347     12502
I      15097     12503
I      16198     12504
I      10489     12505
I       9483     12506
I        965     12507
I       2410     12508
I      10593     12509
I       6013     12510
I       9990     12511
I      14436     12512
I       2650     12513
I      16110     12514
I      14490     12515
I       6039     12516
I       2345     12517
I       9272     12518
I        618     12519
I        741     12520
I      14736     12521
I      13157     12522
I      14795     12523
I        616     12524
I      15183     12525
I       9654     12526
I      12420     12527
I      11122     12528
I      14641     12529
I       5532     12530
I       5736     12531
I      11642     12532
I      12200     12533
I       9582     12534
I      13001     12535
I      10612     12536
I       7323     12537
I      15907     12538
I      15805     12539
I       9093     12540
I      13092     12541
I      11322     12542
I      13055     12543
I       1130     12544
I       7269     12545
I       5066     12546
I      11028     12547
I      15037     12548
I       8806     12549
I        592     12550
I       8046     12551
I       8057     12552
I      12932     12553
I      11618     12554
I      16057     12555
I      12866     12556
I       1217     12557
I      13730     12558
I      14310     12559
I       5819     12560
I       3274     12561
I       1179     12562
I      14206     12563
I       2391     12564
I       2196     12565
I       3989     12566
I        118     12567
I       3107     12568
I      11919     12569
I       9746     12570
I       5155     12571
I      10736     12572
I      10653     12573
I      10652     12574
I       9345     12575
I      12641     12576
I        267     12577
I       6774     12578
I      12948     12579
I       5351     12580
I       8036     12581
I       8027     12582
I       6400     12583
I      11028     12584
I         55     12585
I      12876     12586
I       5592     12587
I      14417     12588
I      11614     12589
I       7513     12590
I      15906     12591
I       9970     12592
I      13636     12593
I      13052     12594
I       3987     12595
I      15975     12596
I       8640     12597
I      15267     12598
I       5102     12599
I      10216     12600
I      12535     12601
I       2878     12602
I      12772     12603
I      16352     12604
I       7631     12605
I       3369     12606
I       6139     12607
I      11803     12608
I       2299     12609
I       6886     12610
I       9334     12611
I       4592     12612
I      11451     12613
I       5677     12614
I       7817     12615
I       2450     12616
I      16038     12617
I       2254     12618
I      16039     12619
I        810     12620
I      16040     12621
I       3840     12622
I      14286     12623
I      15734     12624
I       3691     12625
I       4323     12626
I        675     12627
I      15430     12628
I      13399     12629
I       4773     12630
I      13685     12631
I      15117     12632
I       7970     12633
I      15928     12634
I      12053     12635
I       2592     12636
I       3487     12637
I       5952     12638
I       3502     12639
I      15661     12640
I       7029     12641
I      13127     12642
I       7625     12643
I       6231     12644
I       2358     12645
I       3051     12646
I        862     12647
I       9854     12648
I      15604     12649
I       7093     12650
I      11697     12651
I      16101     12652
I       9418     12653
I      14516     12654
I       8290     12655
I      11993     12656
I       7229     12657
I       2678     12658
I      10381     12659
I       4173     12660
I       3292     12661
I       7901     12662
I       7065     12663
I      11201     12664
I       3848     12665
I       4766     12666
I      13914     12667
I       9036     12668
I      13798     12669
I      11362     12670
I      13845     12671
I      11911     12672
I       4790     12673
I      10903     12674
I       5558     12675
I       7025     12676
I       3585     12677
I       8804     12678
I      15958     12679
I       7103     12680
I      16356     12681
I       2061     12682
I       2256     12683
I       1269     12684
I       4376     12685
I       5459     12686
I       9331     12687
I       8713     12688
I       2665     12689
I      10662     12690
I      13322     12691
I       3740     12692
I      13634     12693
I       3138     12694
I      10626     12695
I      12941     12696
I       7711     12697
I       2575     12698
I       9308     12699
I        368     12700
I       1305     12701
I      16071     12702
I       2325     12703
I      14868     12704
I       8500     12705
I      15323     12706
I       5733     12707
I       6713     12708
I       9773     12709
I      13340     12710
I        132     12711
I       3531     12712
I      13253     12713
I      16323     12714
I      10949     12715
I       9418     12716
I       2450     12717
I         18     12718
I       7205     12719
I      13809     12720
I       3125     12721
I       1018     12722
I      15133     12723
I      11252     12724
I       4542     12725
I       7638     12726
I       6900     12727
I       3045     12728
I      12086     12729
I       9762     12730
I       6750     12731
I       2249     12732
I      14529     12733
I      12651     12734
I       2306     12735
I      16213     12736
I       4246     12737
I      15631     12738
I      10539     12739
I        547     12740
I       3510     12741
I      12428     12742
I       9267     12743
I      15816     12744
I      13976     12745
I        689     12746
I       1358     12747
I      10512     12748
I       7594     12749
I       9828     12750
I       6611     12751
I      15011     12752
I       9630     12753
I      11042     12754
I       7497     12755
I      15131     12756
I        308     12757
I       4829     12758
I      12195     12759
I       1561     12760
I       5850     12761
I       2418     12762
I       3124     12763
I       1171     12764
I       3605     12765
I       9202     12766
I       3632     12767
I       6121     12768
I        291     12769
I      14836     12770
I       9932     12771
I       8287     12772
I       7663     12773
I       4196     12774
I      14388     12775
I      10829     12776
I       4062     12777
I       8828     12778
I      13249     12779
I       1924     12780
I       6093     12781
I        394     12782
I      11564     12783
I       2115     12784
I      14576     12785
I       4115     12786
I      16017     12787
I       4876     12788
I      14961     12789
I      11749     12790
I       1016     12791
I       2901     12792
I        447     12793
I       7814     12794
I       9759     12795
I      15491     12796
I       2209     12797
I      14451     12798
I       7887     12799
I      12932     12800
I       5324     12801
I       5158     12802
I      11226     12803
I       3019     12804
I      15879     12805
I       8340     12806
I      10432     12807
I       5791     12808
I       2540     12809
I      11778     12810
I       4565     12811
I       4135     12812
I      13292     12813
I       1178     12814
I      12405     12815
I      16107     12816
I       4927     12817
I      14855     12818
I       1934     12819
I       7140     12820
I       2689     12821
I       6995     12822
I      14891     12823
I       6066     12824
I       7270     12825
I       7737     12826
I       5265     12827
I      12928     12828
I       9677     12829
I      14674     12830
I       9689     12831
I       1122     12832
I       1735     12833
I        184     12834
I       1055     12835
I      14960     12836
I       1227     12837
I       9758     12838
I       6362     12839
I       3110     12840
I       7351     12841
I      10952     12842
I      12043     12843
I       1795     12844
I       3423     12845
I       4716     12846
I       4741     12847
I       7062     12848
I      11691     12849
I       8468     12850
I      15987     12851
I      14456     12852
I        784     12853
I      10836     12854
I      14575     12855
I       9878     12856
I       7378     12857
I      10448     12858
I       4777     12859
I       2480     12860
I      13698     12861
I       2821     12862
I      16125     12863
I       9096     12864
I      10846     12865
I      11235     12866
I       1609     12867
I       7751     12868
I       5515     12869
I       7251     12870
I       7439     12871
I      13521     12872
I      15076     12873
I      11866     12874
I       2855     12875
I      15152     12876
I       9034     12877
I      10186     12878
I       2243     12879
I       8565     12880
I       1850     12881
I       3574     12882
I       1489     12883
I       6927     12884
I       5402     12885
I      16212     12886
I       2639     12887
I       3891     12888
I      13904     12889
I       7892     12890
I      15104     12891
I       6068     12892
I      14029     12893
I       5338     12894
I       5180     12895
I       2724     12896
I        891     12897
I      14895     12898
I      12223     12899
I       9238     12900
I       2753     12901
I       9263     12902
I      10547     12903
I       4307     12904
I      13817     12905
I       6893     12906
I       2168     12907
I      14558     12908
I      13895     12909
I       3540     12910
I       1591     12911
I       5485     12912
I      12838     12913
I      12528     12914
I      15369     12915
I      10955     12916
I       8417     12917
I      10152     12918
I      10156     12919
I       6896     12920
I       4183     12921
I      15341     12922
I       6842     12923
I       4750     12924
I       4882     12925
I       1117     12926
I       1885     12927
I       9045     12928
I       6706     12929
I       2215     12930
I      11952     12931
I      15874     12932
I        362     12933
I       8318     12934
I        118     12935
I      16022     12936
I      11308     12937
I       4729     12938
I       1844     12939
I       3188     12940
I       2574     12941
I       1540     12942
I       2872     12943
I       8827     12944
I       6216     12945
I      14651     12946
I      16066     12947
I       5796     12948
I      10185     12949
I        277     12950
I        879     12951
I      10551     12952
I       1034     12953
I       8826     12954
I      15363     12955
I      10978     12956
I       1463     12957
I      14926     12958
I       1138     12959
I      10101     12960
I        836     12961
I       7537     12962
I      12122     12963
I       5044     12964
I      11449     12965
I      13811     12966
I       1140     12967
I      13311     12968
I          5     12969
I      10092     12970
I      14189     12971
I       4384     12972
I      11248     12973
I       2345     12974
I       4601     12975
I       1944     12976
I       1279     12977
I      15294     12978
I       6049     12979
I        694     12980
I       1414     12981
I      11972     12982
I      13614     12983
I      14450     12984
I      11143     12985
I       4128     12986
I       7733     12987
I      13007     12988
I       6000     12989
I       7937     12990
I       1839     12991
I      15642     12992
I      11317     12993
I        772     12994
I       3764     12995
I      13681     12996
I       2458     12997
I      14366     12998
I      13056     12999
I       6667     13000
I      12507     13001
I       6823     13002
I      12279     13003
I       5950     13004
I       5182     13005
I       3094     13006
I       5024     13007
I       6322     13008
I      12948     13009
I       1239     13010
I      14279     13011
I      12087     13012
I      12679     13013
I       2334     13014
I       7892     13015
I       5237     13016
I      10985     13017
I      11856     13018
I      14503     13019
I      13505     13020
I       2336     13021
I       1167     13022
I       7414     13023
I       5310     13024
I       7770     13025
I      12654     13026
I      11255     13027
I      10073     13028
I      11882     13029
I       3289     13030
I      15063     13031
I       9338     13032
I       3744     13033
I       6640     13034
I      10722     13035
I       4003     13036
I      15222     13037
I      11256     13038
I      15041     13039
I       5519     13040
I       9464     13041
I      10127     13042
I      10205     13043
I       3598     13044
I       2173     13045
I       6319     13046
I        216     13047
I       3999     13048
I      15299     13049
I       8104     13050
I      13705     13051
I       7925     13052
I      13434     13053
I       1133     13054
I       1169     13055
I      12414     13056
I       4770     13057
I      12711     13058
I       7912     13059
I      12964     13060
I       2875     13061
I        185     13062
I       1242     13063
I      10033     13064
I       5333     13065
I      11234     13066
I      13993     13067
I       3627     13068
I      16130     13069
I       2123     13070
I       5147     13071
I        935     13072
I       8870     13073
I      14057     13074
I       6523     13075
I       9378     13076
I       7765     13077
I      13118     13078
I       2504     13079
I      15394     13080
I       7174     13081
I      12496     13082
I        337     13083
I       2879     13084
I      14607     13085
I       2169     13086
I       9253     13087
I       5512     13088
I       3116     13089
I      13517     13090
I      13860     13091
I      12357     13092
I      13312     13093
I      12210     13094
I       8538     13095
I       4381     13096
I        521     13097
I      15733     13098
I       9867     13099
I      15909     13100
I       4036     13101
I      12611     13102
I       6722     13103
I       5230     13104
I       3686     13105
I       9866     13106
I      12628     13107
I      10214     13108
I       7241     13109
I       7331     13110
I       1268     13111
I      16276     13112
I      11083     13113
I       7236     13114
I       1435     13115
I      13310     13116
I       4141     13117
I      14845     13118
I      15814     13119
I       3131     13120
I      14974     13121
I      14769     13122
I      10538     13123
I       6221     13124
I       5646     13125
I       4887     13126
I       3858     13127
I        964     13128
I       4086     13129
I       3514     13130
I       9410     13131
I       1751     13132
I      15699     13133
I      14145     13134
I      15871     13135
I       2411     13136
I       3323     13137
I       8958     13138
I       7838     13139
I        551     13140
I       6893     13141
I       3036     13142
I      15541     13143
I       4669     13144
I      14367     13145
I      13621     13146
I       5544     13147
I       7544     13148
I      15993     13149
I       8323     13150
I       8425     13151
I       8755     13152
I       8189     13153
I      10644     13154
I       9907     13155
I       3262     13156
I        485     13157
I       6515     13158
I      14862     13159
I       7396     13160
I       7126     13161
I      15011     13162
I      16214     13163
I      10191     13164
I       2743     13165
I        503     13166
I       9429     13167
I       5076     13168
I      12578     13169
I      12069     13170
I      14356     13171
I       8551     13172
I      10391     13173
I      11731     13174
I       7876     13175
I      12777     13176
I      13486     13177
I        986     13178
I        665     13179
I      11128     13180
I       4017     13181
I        645     13182
I       4799     13183
I       2960     13184
I      10120     13185
I       1132     13186
I      15076     13187
I      13288     13188
I      15969     13189
I      10547     13190
I       5296     13191
I      14956     13192
I       9868     13193
I       7811     13194
I       3322     13195
I      11963     13196
I      14461     13197
I       5156     13198
I      13707     13199
I       5284     13200
I       8039     13201
I       7457     13202
I        774     13203
I       1567     13204
I       7622     13205
I       2910     13206
I      11613     13207
I       5096     13208
I        681     13209
I       6818     13210
I       7062     13211
I      13128     13212
I      12631     13213
I      11197     13214
I      15797     13215
I      12734     13216
I       4154     13217
I       5293     13218
I       4139     13219
I       9411     13220
I      10168     13221
I      12716     13222
I      14227     13223
I       4900     13224
I       1180     13225
I      10285     13226
I      15686     13227
I      15599     13228
I      14771     13229
I       9916     13230
I       4433     13231
I        558     13232
I       9445     13233
I       9216     13234
I       2468     13235
I       5027     13236
I      11863     13237
I      11509     13238
I       1966     13239
I      11938     13240
I      13541     13241
I       3668     13242
I      13333     13243
I       2571     13244
I       3720     13245
I      15553     13246
I      15983     13247
I      13182     13248
I       5868     13249
I       4814     13250
I      12002     13251
I       1893     13252
I       2250     13253
I       8107     13254
I       5271     13255
I      13419     13256
I       9087     13257
I       2457     13258
I       4911     13259
I      10011     13260
I      10856     13261
I      11169     13262
I       5637     13263
I       7005     13264
I       7570     13265
I      11681     13266
I      12822     13267
I        491     13268
I      11051     13269
I      12320     13270
I       5529     13271
I      16166     13272
I       6033     13273
I       3441     13274
I      15659     13275
I      11546     13276
I      12522     13277
I      15222     13278
I       5123     13279
I       6418     13280
I       9971     13281
I      13147     13282
I       3699     13283
I       9378     13284
I      10035     13285
I       1191     13286
I      11265     13287
I      12492     13288
I      14545     13289
I       1598     13290
I       9833     13291
I       5382     13292
I       9747     13293
I       4838     13294
I       8938     13295
I      13128     13296
I       6563     13297
I       3084     13298
I      12474     13299
I       5904     13300
I       2847     13301
I       3950     13302
I      13198     13303
I      14678     13304
I       3437     13305
I      13245     13306
I       6854     13307
I       5370     13308
I       8194     13309
I       3062     13310
I      14410     13311
I      11297     13312
I        806     13313
I       8140     13314
I        313     13315
I      12936     13316
I       6275     13317
I      10796     13318
I       9099     13319
I      10553     13320
I       9631     13321
I       2701     13322
I      13596     13323
I       3010     13324
I       8121     13325
I      13658     13326
I       6753     13327
I      13735     13328
I       9168     13329
I      12628     13330
I       3770     13331
I       7067     13332
I      14778     13333
I      12951     13334
I       3433     13335
I       6059     13336
I      14199     13337
I       1169     13338
I       2075     13339
I       6217     13340
I       7537     13341
I       9737     13342
I       7662     13343
I      10635     13344
I       3914     13345
I       6938     13346
I       3557     13347
I       6804     13348
I        216     13349
I       8240     13350
I      11510     13351
I      15013     13352
I      15911     13353
I       9182     13354
I      15053     13355
I      15696     13356
I      10214     13357
I      12319     13358
I      11414     13359
I       5452     13360
I       8705     13361
I      13455     13362
I      14212     13363
I       9497     13364
I      10214     13365
I      14487     13366
I       4205     13367
I       5110     13368
I      15342     13369
I      16354     13370
I       9935     13371
I      14405     13372
I       4386     13373
I      13735     13374
I       4999     13375
I        182     13376
I      14950     13377
I      13548     13378
I      12190     13379
I       5245     13380
I       4290     13381
I      14995     13382
I       7386     13383
I        197     13384
I       5653     13385
I       2438     13386
I       5851     13387
I       7163     13388
I        343     13389
I      10348     13390
I       8102     13391
I       4600     13392
I       2503     13393
I       4835     13394
I       4449     13395
I      16197     13396
I      16151     13397
I       1688     13398
I       9197     13399
I       8651     13400
I       2629     13401
I       3251     13402
I      13590     13403
I       4179     13404
I       9482     13405
I       3963     13406
I       7236     13407
I       8935     13408
I       9463     13409
I      16210     13410
I       7934     13411
I       7575     13412
I       1630     13413
I       6725     13414
I      13370     13415
I      13487     13416
I      10348     13417
I       5206     13418
I       5661     13419
I       6620     13420
I       6111     13421
I        836     13422
I       7698     13423
I        587     13424
I      15499     13425
I       8428     13426
I       8691     13427
I      13071     13428
I       7100     13429
I       9549     13430
I       4936     13431
I      13681     13432
I       3162     13433
I       2241     13434
I       7776     13435
I       4092     13436
I       9731     13437
I       2371     13438
I       1751     13439
I       6379     13440
I        418     13441
I       8234     13442
I       9217     13443
I       5575     13444
I      11299     13445
I       5968     13446
I      15815     13447
I       2931     13448
I      11161     13449
I        959     13450
I       4320     13451
I      12456     13452
I      11663     13453
I       4097     13454
I       2431     13455
I       4995     13456
I       8711     13457
I       6269     13458
I      15881     13459
I      13149     13460
I       6453     13461
I       3937     13462
I       1067     13463
I      11858     13464
I      15704     13465
I       6976     13466
I       6881     13467
I      14091     13468
I       1315     13469
I       6470     13470
I        822     13471
I       6212     13472
I      12584     13473
I      10834     13474
I       5928     13475
I       1510     13476
I       4110     13477
I       1181     13478
I       5681     13479
I      11663     13480
I      10564     13481
I       3102     13482
I       7055     13483
I      11706     13484
I      12196     13485
I       7991     13486
I      11752     13487
I       5469     13488
I      12139     13489
I       3699     13490
I       1095     13491
I       4513     13492
I      14428     13493
I       5843     13494
I        596     13495
I       2362     13496
I        245     13497
I      15660     13498
I       9979     13499
I      13514     13500
I      15618     13501
I       1903     13502
I       7689     13503
I       2605     13504
I      15608     13505
I      10879     13506
I      11720     13507
I       7206     13508
I      15810     13509
I      10262     13510
I       4959     13511
I       8696     13512
I      14224     13513
I      12694     13514
I       7526     13515
I       1783     13516
I        826     13517
I      13886     13518
I      10742     13519
I       7382     13520
I      15323     13521
I       5891     13522
I      14429     13523
I        575     13524
I       5017     13525
I      15965     13526
I      16053     13527
I       7693     13528
I      10343     13529
I       8875     13530
I       2359     13531
I      15304     13532
I      15643     13533
I        850     13534
I       9591     13535
I        947     13536
I      12961     13537
I       2698     13538
I      11486     13539
I      13147     13540
I       4592     13541
I       9850     13542
I      10909     13543
I       2022     13544
I       6900     13545
I      13654     13546
I       7546     13547
I       8490     13548
I       8090     13549
I       8778     13550
I      10122     13551
I      12384     13552
I       9327     13553
I      14661     13554
I       3471     13555
I       5784     13556
I      14468     13557
I      14372     13558
I       1530     13559
I       7580     13560
I       9371     13561
I      10694     13562
I      12881     13563
I       1933     13564
I      10070     13565
I      15795     13566
I      11955     13567
I      10520     13568
I      14403     13569
I       1233     13570
I      11829     13571
I      15396     13572
I       4986     13573
I      14394     13574
I       3991     13575
I      10911     13576
I       4294     13577
I       4742     13578
I       5319     13579
I       1390     13580
I      14853     13581
I      14643     13582
I      15650     13583
I      12302     13584
I        101     13585
I       6460     13586
I       3198     13587
I       6925     13588
I      10421     13589
I       2676     13590
I      10009     13591
I       9438     13592
I       6031     13593
I       2564     13594
I      13206     13595
I      11873     13596
I       7281     13597
I      14761     13598
I       2503     13599
I       5423     13600
I      10763     13601
I       3637     13602
I       4492     13603
I       2561     13604
I      15622     13605
I       6873     13606
I      11833     13607
I      11140     13608
I       7009     13609
I      15850     13610
I      11261     13611
I      10340     13612
I      10296     13613
I      13701     13614
I       8446     13615
I        125     13616
I       4704     13617
I       7499     13618
I        429     13619
I      15078     13620
I       4187     13621
I      14587     13622
I       3038     13623
I      14425     13624
I      12080     13625
I       4990     13626
I      10357     13627
I      11390     13628
I      15904     13629
I      14617     13630
I       4871     13631
I       8618     13632
I      10416     13633
I      15163     13634
I       6863     13635
I       4727     13636
I       2982     13637
I       8031     13638
I       2000     13639
I         39     13640
I      10651     13641
I       3249     13642
I      13367     13643
I      15330     13644
I       3626     13645
I      13482     13646
I      16152     13647
I      10789     13648
I       4531     13649
I       4516     13650
I      12745     13651
I      11309     13652
I       1859     13653
I       3618     13654
I       7574     13655
I       2924     13656
I       4976     13657
I      14480     13658
I      15568     13659
I       4961     13660
I      12214     13661
I       2176     13662
I      13107     13663
I       1150     13664
I      15790     13665
I      12981     13666
I       1244     13667
I      14894     13668
I       5181     13669
I       7091     13670
I       2626     13671
I       2205     13672
I      14056     13673
I       9802     13674
I      12227     13675
I       5457     13676
I      16295     13677
I      13172     13678
I      11345     13679
I      13504     13680
I      10151     13681
I       6163     13682
I      12601     13683
I      15041     13684
I       7417     13685
I       5001     13686
I      12619     13687
I       7690     13688
I      15628     13689
I       4532     13690
I      10252     13691
I       5374     13692
I       6086     13693
I      11367     13694
I      14552     13695
I       7621     13696
I       7057     13697
I       9118     13698
I      11561     13699
I      11296     13700
I      10925     13701
I       3117     13702
I      15727     13703
I      14938     13704
I      14470     13705
I       6065     13706
I       9935     13707
I      12352     13708
I       8558     13709
I        742     13710
I      11296     13711
I       3866     13712
I        268     13713
I      10905     13714
I      16240     13715
I       3405     13716
I       7082     13717
I       3608     13718
I      14597     13719
I      11959     13720
I      15435     13721
I       6909     13722
I       8893     13723
I      15480     13724
I      13105     13725
I       7359     13726
I       8548     13727
I       4916     13728
I         90     13729
I      15157     13730
I      14731     13731
I      13969     13732
I      13297     13733
I       9464     13734
I       1284     13735
I       2819     13736
I       8500     13737
I      15987     13738
I      15310     13739
I      10752     13740
I         61     13741
I       1827     13742
I      12179     13743
I       4857     13744
I       9611     13745
I      16257     13746
I       9838     13747
I       8496     13748
I      15586     13749
I       8631     13750
I      14027     13751
I      12500     13752
I      13572     13753
I      13993     13754
I       5328     13755
I      11046     13756
I      13459     13757
I      10856     13758
I      12158     13759
I       8671     13760
I       4119     13761
I       5539     13762
I      10550     13763
I       5193     13764
I      15143     13765
I      12697     13766
I       8605     13767
I      15338     13768
I      11996     13769
I       8540     13770
I       9954     13771
I       2676     13772
I       5802     13773
I      15792     13774
I       4869     13775
I       6299     13776
I       6703     13777
I       5781     13778
I       2227     13779
I      14514     13780
I       4493     13781
I       9532     13782
I       7199     13783
I      12574     13784
I       9783     13785
I      16362     13786
I       7636     13787
I       3772     13788
I       3837     13789
I       2642     13790
I      13533     13791
I       8006     13792
I       2166     13793
I      14502     13794
I       7973     13795
I        214     13796
I       6377     13797
I      16323     13798
I      12820     13799
I      12039     13800
I      11055     13801
I       3715     13802
I      15050     13803
I      16313     13804
I       9368     13805
I       1848     13806
I      13249     13807
I       1688     13808
I       7442     13809
I       7696     13810
I        771     13811
I       4695     13812
I       3834     13813
I       6049     13814
I      12420     13815
I      11092     13816
I      14882     13817
I      15701     13818
I      11834     13819
I      16336     13820
I       9858     13821
I       3712     13822
I       7911     13823
I       7284     13824
I       4411     13825
I        537     13826
I       2833     13827
I       6332     13828
I      12956     13829
I      14158     13830
I      10119     13831
I      10973     13832
I       7217     13833
I        332     13834
I      15704     13835
I       1307     13836
I      11873     13837
I      12906     13838
I      14338     13839
I      15916     13840
I       8282     13841
I      13269     13842
I       8155     13843
I       5368     13844
I       1265     13845
I      10204     13846
I       2350     13847
I      10007     13848
I       7702     13849
I      14979     13850
I       4012     13851
I       3802     13852
I      10524     13853
I       1526     13854
I      11961     13855
I      14929     13856
I        900     13857
I       6768     13858
I      10027     13859
I       3028     13860
I       2432     13861
I         78     13862
I       6967     13863
I       3234     13864
I      13233     13865
I        240     13866
I      10293     13867
I        659     13868
I        322     13869
I       7489     13870
I       9986     13871
I      13663     13872
I      13031     13873
I       4352     13874
I      14705     13875
I       6600     13876
I      14439     13877
I       4030     13878
I      14873     13879
I       1061     13880
I      11052     13881
I       4884     13882
I       3187     13883
I       2772     13884
I       1018     13885
I       4279     13886
I       8913     13887
I      12231     13888
I       3890     13889
I        337     13890
I      10775     13891
I      14937     13892
I       5734     13893
I      15546     13894
I       3391     13895
I        610     13896
I       8511     13897
I      12396     13898
I      13548     13899
I       5689     13900
I       6551     13901
I       4718     13902
I       4140     13903
I       5541     13904
I       5847     13905
I       8170     13906
I       4546     13907
I       6279     13908
I       7168     13909
I       1589     13910
I      15313     13911
I       7543     13912
I       8605     13913
I       9684     13914
I      11803     13915
I       5656     13916
I       1629     13917
I      11981     13918
I       6264     13919
I       5341     13920
I      12257     13921
I        926     13922
I       6160     13923
I      13600     13924
I       1763     13925
I       1374     13926
I       7752     13927
I      15928     13928
I         40     13929
I       2304     13930
I      13597     13931
I       5916     13932
I       4509     13933
I      13685     13934
I      11226     13935
I       3258     13936
I       5354     13937
I        932     13938
I       9471     13939
I      12218     13940
I       1694     13941
I       5715     13942
I       2925     13943
I       3952     13944
I       9327     13945
I       2901     13946
I       5498     13947
I      12174     13948
I       8444     13949
I        865     13950
I      14646     13951
I       5589     13952
I       1112     13953
I       1101     13954
I      15809     13955
I        702     13956
I       5929     13957
I      11351     13958
I       7325     13959
I      13397     13960
I       4147     13961
I      10320     13962
I       3618     13963
I       8534     13964
I       8795     13965
I        423     13966
I        787     13967
I      12812     13968
I      15152     13969
I       7140     13970
I      10343     13971
I       7100     13972
I       2871     13973
I      10205     13974
I       4571     13975
I       2222     13976
I      15836     13977
I       8517     13978
I      13362     13979
I       3412     13980
I      14742     13981
I      15890     13982
I       1456     13983
I       8983     13984
I       9651     13985
I       3792     13986
I       5707     13987
I       2619     13988
I      10742     13989
I       5121     13990
I       7309     13991
I       8858     13992
I       2026     13993
I       8023     13994
I      15386     13995
I      13010     13996
I      11897     13997
I       9693     13998
I       7793     13999
I      12772     14000
I      10727     14001
I      11860     14002
I       9988     14003
I      13299     14004
I      14596     14005
I      12752     14006
I       1094     14007
I       1805     14008
I       8257     14009
I      13579     14010
I      13162     14011
I       2554     14012
I       3367     14013
I      13112     14014
I      12117     14015
I       7388     14016
I       9263     14017
I       4532     14018
I       9391     14019
I      14056     14020
I       4735     14021
I      11705     14022
I       4544     14023
I       3378     14024
I      11444     14025
I       2530     14026
I      12012     14027
I      16080     14028
I       2085     14029
I      14461     14030
I       5539     14031
I      10457     14032
I      12562     14033
I      16195     14034
I       8956     14035
I       1761     14036
I        758     14037
I      16128     14038
I      14447     14039
I       7122     14040
I      15646     14041
I       9487     14042
I      12190     14043
I      14770     14044
I        597     14045
I      11749     14046
I        879     14047
I      15583     14048
I      13874     14049
I       5428     14050
I      15670     14051
I       5672     14052
I       9707     14053
I       3714     14054
I       1481     14055
I       7068     14056
I      13427     14057
I      15345     14058
I      14678     14059
I        522     14060
I      10743     14061
I      13856     14062
I      12993     14063
I       4575     14064
I       5212     14065
I       9232     14066
I      12635     14067
I      13585     14068
I       3653     14069
I       2850     14070
I        430     14071
I       7082     14072
I      15155     14073
I      15888     14074
I      16288     14075
I      12089     14076
I      11878     14077
I        637     14078
I         83     14079
I       4443     14080
I      12550     14081
I       3315     14082
I       4695     14083
I       7364     14084
I       2247     14085
I       8074     14086
I      10014     14087
I      13839     14088
I      15726     14089
I        936     14090
I      12552     14091
I       1007     14092
I       5774     14093
I       2186     14094
I       1159     14095
I      10435     14096
I          3     14097
I       8749     14098
I      10114     14099
I       5108     14100
I       1423     14101
I       1411     14102
I       4295     14103
I       3603     14104
I      14372     14105
I      12077     14106
I      15848     14107
I       1694     14108
I      12040     14109
I       8614     14110
I       4012     14111
I       2315     14112
I        384     14113
I       3997     14114
I       7031     14115
I      13952     14116
I      12506     14117
I      14129     14118
I       1178     14119
I       7012     14120
I      13335     14121
I       4189     14122
I       8222     14123
I       1665     14124
I      10420     14125
I      14236     14126
I       7292     14127
I       9128     14128
I       4617     14129
I      12146     14130
I       6314     14131
I      13497     14132
I       9421     14133
I       3185     14134
I      15660     14135
I       9897     14136
I       5820     14137
I       7543     14138
I        450     14139
I       6151     14140
I        983     14141
I        321     14142
I      11264     14143
I       6326     14144
I        762     14145
I       5285     14146
I       9978     14147
I      14275     14148
I      12973     14149
I       6978     14150
I       7804     14151
I       1255     14152
I      10272     14153
I      15079     14154
I      11039     14155
I       9120     14156
I      13496     14157
I       2304     14158
I      11759     14159
I      10272     14160
I       7897     14161
I       7428     14162
I       7700     14163
I      10474     14164
I      11471     14165
I      15650     14166
I      12086     14167
I      12253     14168
I      13993     14169
I       4649     14170
I      12986     14171
I       3553     14172
I       3954     14173
I      15867     14174
I      10669     14175
I       9325     14176
I      11996     14177
I      13506     14178
I       7025     14179
I       3237     14180
I       2268     14181
I      10232     14182
I       6938     14183
I      16166     14184
I       3829     14185
I       4053     14186
I       4061     14187
I      15217     14188
I       8707     14189
I      14583     14190
I       7333     14191
I      15817     14192
I      11320     14193
I       7302     14194
I       1602     14195
I       6122     14196
I      13800     14197
I      16144     14198
I       2556     14199
I       9098     14200
I       9608     14201
I       5378     14202
I       9093     14203
I      15699     14204
I       4600     14205
I       9992     14206
I      14780     14207
I      13157     14208
I      10282     14209
I       5539     14210
I       3602     14211
I      12133     14212
I       8337     14213
I       8397     14214
I       2310     14215
I       2727     14216
I      12549     14217
I       7385     14218
I       5089     14219
I      12185     14220
I      13416     14221
I      16115     14222
I       4828     14223
I      14391     14224
I       3729     14225
I      14291     14226
I       9511     14227
I      14190     14228
I      12080     14229
I       6059     14230
I       9730     14231
I        226     14232
I       8108     14233
I       9071     14234
I       2405     14235
I       6631     14236
I      12817     14237
I       9475     14238
I      13493     14239
I       2510     14240
I       2673     14241
I      12969     14242
I      11758     14243
I       1099     14244
I       5295     14245
I      15321     14246
I      15765     14247
I       2289     14248
I       3437     14249
I      14889     14250
I       6580     14251
I      12847     14252
I       3708     14253
I      15874     14254
I      14588     14255
I       8381     14256
I       6041     14257
I      15006     14258
I       2714     14259
I       4985     14260
I      14826     14261
I       4468     14262
I       4042     14263
I      15954     14264
I      12468     14265
I       7877     14266
I       5959     14267
I      16203     14268
I        367     14269
I       2009     14270
I      10426     14271
I       7003     14272
I       4648     14273
I       1797     14274
I        944     14275
I       6660     14276
I      10050     14277
I       3870     14278
I       9802     14279
I       6226     14280
I       4596     14281
I       3050     14282
I       5926     14283
I      13472     14284
I      16041     14285
I       7085     14286
I       6306     14287
I       3211     14288
I      14009     14289
I       4052     14290
I       5361     14291
I       4458     14292
I       4220     14293
I        332     14294
I      10218     14295
I      14669     14296
I       6246     14297
I       1380     14298
I      10579     14299
I       7293     14300
I       7598     14301
I       4686     14302
I       3831     14303
I      15807     14304
I        606     14305
I       5525     14306
I      10264     14307
I      12113     14308
I       2988     14309
I      10890     14310
I      10226     14311
I       6616     14312
I      12766     14313
I       9601     14314
I      13714     14315
I      12732     14316
I       8275     14317
I      11588     14318
I       7592     14319
I      10034     14320
I      14778     14321
I      10582     14322
I       7376     14323
I      16344     14324
I       4720     14325
I       8483     14326
I      16330     14327
I      10320     14328
I      10522     14329
I      10974     14330
I       6125     14331
I       7074     14332
I       2501     14333
I       5166     14334
I      14418     14335
I      15073     14336
I      10604     14337
I       1342     14338
I       7365     14339
I       3378     14340
I        496     14341
I      10021     14342
I       3810     14343
I       1064     14344
I       2099     14345
I      13315     14346
I       1184     14347
I      15984     14348
I       5505     14349
I      14283     14350
I      10014     14351
I      16024     14352
I       8008     14353
I      13922     14354
I       7267     14355
I        924     14356
I      15483     14357
I      14248     14358
I       5036     14359
I       6078     14360
I      16111     14361
I       1738     14362
I      13280     14363
I      10915     14364
I      11893     14365
I       6040     14366
I       5188     14367
I       9082     14368
I       6070     14369
I       2994     14370
I       5563     14371
I      10297     14372
I      10506     14373
I       6344     14374
I       8903     14375
I      14727     14376
I      10809     14377
I      11677     14378
I      12554     14379
I       6932     14380
I       4771     14381
I       8883     14382
I       7233     14383
I       2070     14384
I      15545     14385
I       5818     14386
I      11444     14387
I       7220     14388
I      16030     14389
I       6023     14390
I      16171     14391
I       9597     14392
I       5043     14393
I       9514     14394
I      12802     14395
I      12049     14396
I       6265     14397
I       6759     14398
I      16103     14399
I      11712     14400
I       1733     14401
I       8390     14402
I      11740     14403
I       8281     14404
I       4069     14405
I       4585     14406
I       7610     14407
I       4088     14408
I       2445     14409
I      12306     14410
I      12329     14411
I      11817     14412
I      12671     14413
I      10350     14414
I       9854     14415
I      16080     14416
I      10934     14417
I       8977     14418
I       5603     14419
I      11792     14420
I       2122     14421
I        578     14422
I       7649     14423
I      12011     14424
I       5756     14425
I       9840     14426
I       2730     14427
I       3402     14428
I       4816     14429
I       5959     14430
I      12087     14431
I      10480     14432
I       5479     14433
I      11950     14434
I       3632     14435
I       7733     14436
I       2970     14437
I       3004     14438
I      14853     14439
I       2320     14440
I       2500     14441
I      13285     14442
I       4005     14443
I      13764     14444
I       6575     14445
I       8899     14446
I        568     14447
I       4277     14448
I       5228     14449
I       7060     14450
I      10354     14451
I       4814     14452
I       1926     14453
I       5569     14454
I       4788     14455
I       5585     14456
I      11451     14457
I       8653     14458
I       7045     14459
I       3412     14460
I       3053     14461
I       7117     14462
I       8032     14463
I       7369     14464
I      12656     14465
I      13739     14466
I       1835     14467
I      11175     14468
I        648     14469
I       3046     14470
I       8770     14471
I       2168     14472
I       3081     14473
I       7769     14474
I      11368     14475
I      10443     14476
I       4389     14477
I       4950     14478
I       1225     14479
I      13888     14480
I       3338     14481
I      12305     14482
I       3291     14483
I      11064     14484
I       1443     14485
I       8397     14486
I       7179     14487
I       1419     14488
I       3528     14489
I       8491     14490
I      13622     14491
I       6945     14492
I      13715     14493
I      13996     14494
I       4793     14495
I       1873     14496
I      14137     14497
I      15850     14498
I      14979     14499
I      15271     14500
I      15341     14501
I       9384     14502
I       9621     14503
I      10234     14504
I       5389     14505
I      11846     14506
I      10778     14507
I      11997     14508
I      10652     14509
I      11983     14510
I       2924     14511
I      13079     14512
I       1987     14513
I       4075     14514
I       1338     14515
I       6063     14516
I       5143     14517
I      14061     14518
I      13047     14519
I      16101     14520
I        964     14521
I      10269     14522
I       1542     14523
I       9521     14524
I       5017     14525
I       5048     14526
I        835     14527
I      11746     14528
I       3229     14529
I       2437     14530
I       1765     14531
I      13761     14532
I      10876     14533
I       1831     14534
I       8449     14535
I      10338     14536
I       5909     14537
I       8298     14538
I       5673     14539
I      10358     14540
I        999     14541
I      10275     14542
I      12053     14543
I       8574     14544
I       7978     14545
I       2999     14546
I       5630     14547
I       6684     14548
I       2865     14549
I      15534     14550
I      15291     14551
I       6943     14552
I       7419     14553
I      15162     14554
I      12336     14555
I       3166     14556
I       6492     14557
I       9760     14558
I       1869     14559
I       3772     14560
I      15242     14561
I      13723     14562
I       5471     14563
I      16133     14564
I       8827     14565
I       9456     14566
I      12267     14567
I      13440     14568
I       2045     14569
I      12789     14570
I       3414     14571
I      13881     14572
I       6068     14573
I       8163     14574
I       9746     14575
I      13487     14576
I      14441     14577
I       1878     14578
I       4721     14579
I       8270     14580
I      11429     14581
I      15288     14582
I       5279     14583
I       1571     14584
I      16251     14585
I       8906     14586
I       7612     14587
I       2156     14588
I       4020     14589
I       6854     14590
I      15006     14591
I       5109     14592
I       5327     14593
I      11489     14594
I       2267     14595
I       6839     14596
I      12972     14597
I       8418     14598
I       2829     14599
I        514     14600
I      13564     14601
I       4047     14602
I      16000     14603
I      12798     14604
I       6234     14605
I       2503     14606
I      15137     14607
I      12023     14608
I       7856     14609
I       1880     14610
I       7122     14611
I       7766     14612
I       9238     14613
I      12139     14614
I       5323     14615
I       4526     14616
I      15447     14617
I       7407     14618
I       9787     14619
I       8166     14620
I       1380     14621
I      10157     14622
I       9991     14623
I       7969     14624
I       9626     14625
I      12443     14626
I        834     14627
I        206     14628
I       9674     14629
I      10857     14630
I      13822     14631
I      14568     14632
I       9754     14633
I       8848     14634
I      12563     14635
I      13306     14636
I       4465     14637
I       8642     14638
I       7697     14639
I       3960     14640
I       6015     14641
I       3782     14642
I       5292     14643
I       5108     14644
I        366     14645
I        878     14646
I       1741     14647
I      15764     14648
I       1302     14649
I      15717     14650
I       3430     14651
I      12946     14652
I      10961     14653
I      10970     14654
I       1294     14655
I      12488     14656
I       9511     14657
I       4841     14658
I      14510     14659
I       9509     14660
I       9054     14661
I       2824     14662
I       6237     14663
I        202     14664
I       7114     14665
I      14331     14666
I       6556     14667
I       2930     14668
I       8649     14669
I      16317     14670
I      11572     14671
I        552     14672
I       7232     14673
I       1184     14674
I      16063     14675
I      10889     14676
I       1818     14677
I       5794     14678
I       4903     14679
I      15505     14680
I      10483     14681
I       8970     14682
I      11579     14683
I       3909     14684
I       1280     14685
I      12834     14686
I        724     14687
I      14022     14688
I      15297     14689
I      14525     14690
I        427     14691
I      11690     14692
I       8700     14693
I      11847     14694
I       7158     14695
I       4573     14696
I       4280     14697
I       7649     14698
I       9580     14699
I      10269     14700
I      14561     14701
I       1710     14702
I       1634     14703
I       4911     14704
I      10138     14705
I       6086     14706
I      11015     14707
I      14854     14708
I      12353     14709
I      16181     14710
I       7403     14711
I       6453     14712
I      15309     14713
I       9946     14714
I       2545     14715
I       7567     14716
I      15574     14717
I       5951     14718
I       1481     14719
I       9164     14720
I       4782     14721
I       5097     14722
I       4660     14723
I      12605     14724
I      13570     14725
I       2863     14726
I       4924     14727
I       7558     14728
I      16156     14729
I      13610     14730
I        759     14731
I       8470     14732
I       9531     14733
I      15928     14734
I      14503     14735
I      13175     14736
I       2632     14737
I       4333     14738
I       4048     14739
I      13984     14740
I       9173     14741
I       2221     14742
I        165     14743
I         10     14744
I      12960     14745
I      12896     14746
I       1580     14747
I      13165     14748
I      10864     14749
I       3347     14750
I      15070     14751
I      11202     14752
I      13423     14753
I       9489     14754
I       7933     14755
I       2192     14756
I       2968     14757
I      14043     14758
I        410     14759
I      10542     14760
I      14159     14761
I       8269     14762
I       1134     14763
I       8669     14764
I       6530     14765
I       5111     14766
I       2728     14767
I       9433     14768
I      14789     14769
I      14144     14770
I      10815     14771
I      10914     14772
I       2074     14773
I      13603     14774
I       3691     14775
I       9731     14776
I      10627     14777
I      13065     14778
I       4731     14779
I       5348     14780
I       9779     14781
I       5415     14782
I      15360     14783
I       6237     14784
I      14456     14785
I       8599     14786
I      16083     14787
I      11211     14788
I       1309     14789
I      13717     14790
I       6240     14791
I       4843     14792
I      15126     14793
I      14681     14794
I        535     14795
I      11111     14796
I       3953     14797
I       8616     14798
I        268     14799
I       4525     14800
I      13578     14801
I        387     14802
I       6691     14803
I      14684     14804
I        542     14805
I      13187     14806
I      15707     14807
I      14992     14808
I       5483     14809
I      10100     14810
I       8194     14811
I      15300     14812
I       8110     14813
I       2019     14814
I       7828     14815
I       2486     14816
I      15493     14817
I      15729     14818
I      12974     14819
I      14736     14820
I       7486     14821
I      12580     14822
I        998     14823
I      15204     14824
I      11021     14825
I      13626     14826
I       9685     14827
I      15117     14828
I      13621     14829
I       1594     14830
I       9471     14831
I       9227     14832
I       7793     14833
I       2623     14834
I      11920     14835
I       9111     14836
I      14476     14837
I      11486     14838
I      16088     14839
I       1404     14840
I        847     14841
I       9979     14842
I       8446     14843
I       1048     14844
I      12652     14845
I      10463     14846
I       4428     14847
I       4512     14848
I       2094     14849
I       3838     14850
I       1868     14851
I        215     14852
I       9003     14853
I       4720     14854
I        803     14855
I      10759     14856
I        238     14857
I       4269     14858
I       1802     14859
I      12976     14860
I       8936     14861
I      15409     14862
I       8231     14863
I      14162     14864
I      11772     14865
I      11062     14866
I       4520     14867
I      11216     14868
I      11963     14869
I       3214     14870
I      14082     14871
I       9310     14872
I       2109     14873
I        293     14874
I      15848     14875
I       4671     14876
I       7806     14877
I       1422     14878
I      12297     14879
I       7121     14880
I       6800     14881
I       9832     14882
I       9180     14883
I      14607     14884
I      12862     14885
I       3916     14886
I      13547     14887
I       7978     14888
I       4071     14889
I      13961     14890
I      10602     14891
I       3892     14892
I       2897     14893
I       8744     14894
I      12152     14895
I      10784     14896
I      11508     14897
I       7066     14898
I       4509     14899
I       7901     14900
I       7930     14901
I      13198     14902
I      10241     14903
I      12997     14904
I      11124     14905
I       6332     14906
I        793     14907
I      14759     14908
I        471     14909
I      11625     14910
I       2528     14911
I       5381     14912
I       4880     14913
I       2044     14914
I      13151     14915
I        724     14916
I        408     14917
I       7598     14918
I       6576     14919
I       3105     14920
I      12460     14921
I       6171     14922
I      14012     14923
I      14326     14924
I       9197     14925
I      14469     14926
I       4950     14927
I       2114     14928
I      11407     14929
I      12429     14930
I      14666     14931
I      16365     14932
I       8863     14933
I      15629     14934
I       8541     14935
I       7966     14936
I      15734     14937
I        193     14938
I      15714     14939
I       5324     14940
I       2302     14941
I      12066     14942
I      14911     14943
I       4177     14944
I      13991     14945
I      11308     14946
I       4574     14947
I       3814     14948
I       4172     14949
I       3170     14950
I       3790     14951
I       3194     14952
I       7456     14953
I      13126     14954
I      13093     14955
I       2617     14956
I        340     14957
I      11184     14958
I       8155     14959
I        502     14960
I       3201     14961
I       6921     14962
I       1527     14963
I       2634     14964
I       4781     14965
I       8139     14966
I       9524     14967
I      10732     14968
I      13801     14969
I      14463     14970
I       4908     14971
I      14977     14972
I       9920     14973
I       1926     14974
I       9437     14975
I       9442     14976
I       9018     14977
I      12998     14978
I       9631     14979
I       4781     14980
I       6496     14981
I        144     14982
I      15194     14983
I       8951     14984
I      15527     14985
I       7866     14986
I        319     14987
I       3099     14988
I      10381     14989
I      16173     14990
I       8135     14991
I      10312     14992
I       4366     14993
I       4416     14994
I      14749     14995
I       7644     14996
I       8047     14997
I       4262     14998
I       1453     14999
I      13516     15000
I       5083     15001
I      12936     15002
I      15815     15003
I      10856     15004
I       1364     15005
I      14966     15006
I      16271     15007
I       1526     15008
I      13489     15009
I      11075     15010
I      12058     15011
I       8267     15012
I      13393     15013
I       5941     15014
I       6128     15015
I       2680     15016
I       6614     15017
I        938     15018
I       3051     15019
I       6768     15020
I      14306     15021
I       8886     15022
I       5309     15023
I      12865     15024
I       4735     15025
I      15594     15026
I      13225     15027
I      11042     15028
I       4346     15029
I      13375     15030
I      11267     15031
I       3173     15032
I       6603     15033
I      13024     15034
I      15538     15035
I       9254     15036
I      10819     15037
I      11032     15038
I      11783     15039
I       6685     15040
I       2907     15041
I      14149     15042
I       6813     15043
I      11478     15044
I      10458     15045
I        555     15046
I      14887     15047
I      12349     15048
I       7012     15049
I       7639     15050
I       9058     15051
I        749     15052
I       8008     15053
I       3447     15054
I       6336     15055
I       8390     15056
I       3837     15057
I       4445     15058
I       4520     15059
I      11750     15060
I      14186     15061
I      15075     15062
I      12004     15063
I       5623     15064
I       2227     15065
I       2684     15066
I       8162     15067
I       2195     15068
I      15140     15069
I        169     15070
I       5517     15071
I       3376     15072
I      12024     15073
I        230     15074
I        482     15075
I      16317     15076
I       9507     15077
I      13838     15078
I       6269     15079
I       5680     15080
I        140     15081
I      14897     15082
I       4929     15083
I      11130     15084
I      13302     15085
I       4418     15086
I       8333     15087
I       9991     15088
I        302     15089
I       2421     15090
I      10308     15091
I      13338     15092
I       9308     15093
I       6951     15094
I       7311     15095
I       7597     15096
I       8722     15097
I       9120     15098
I       9086     15099
I      11158     15100
I       2650     15101
I       3352     15102
I       7360     15103
I       2693     15104
I      12709     15105
I       4361     15106
I       1598     15107
I      12161     15108
I      13555     15109
I       5369     15110
I       8867     15111
I       1980     15112
I       6347     15113
I      15227     15114
I      11239     15115
I       8026     15116
I       6527     15117
I       4554     15118
I        915     15119
I       1302     15120
I       7772     15121
I       2789     15122
I       6470     15123
I      12097     15124
I       6421     15125
I       7141     15126
I       3605     15127
I       5107     15128
I       4714     15129
I       6236     15130
I       5938     15131
I       6012     15132
I      14965     15133
I       6785     15134
I       6667     15135
I       5248     15136
I       1424     15137
I       5907     15138
I      12799     15139
I      10611     15140
I       3965     15141
I       9401     15142
I       2705     15143
I       4605     15144
I      16181     15145
I        507     15146
I      16276     15147
I       8249     15148
I      11459     15149
I       3881     15150
I       9557     15151
I       7544     15152
I        409     15153
I      12880     15154
I       7723     15155
I      14675     15156
I      11603     15157
I      11454     15158
I      14678     15159
I      14871     15160
I       8164     15161
I       9371     15162
I      11119     15163
I       2857     15164
I       1019     15165
I        714     15166
I      10328     15167
I       9739     15168
I       7629     15169
I       6334     15170
I       5525     15171
I      15255     15172
I      14883     15173
I       4289     15174
I       3457     15175
I       4524     15176
I      16355     15177
I       8493     15178
I      11490     15179
I      10864     15180
I        679     15181
I       4162     15182
I       9980     15183
I      12853     15184
I      10713     15185
I      13547     15186
I       1524     15187
I       3201     15188
I       5943     15189
I      15398     15190
I      10404     15191
I       6925     15192
I       3155     15193
I        875     15194
I        773     15195
I       9731     15196
I        164     15197
I      10965     15198
I      13393     15199
I       3024     15200
I       5981     15201
I       2179     15202
I       6427     15203
I      13827     15204
I      12089     15205
I       7182     15206
I        175     15207
I       8584     15208
I         78     15209
I       4463     15210
I       6188     15211
I      14557     15212
I       8855     15213
I       7738     15214
I       8804     15215
I      11674     15216
I      14714     15217
I      11436     15218
I      10090     15219
I        275     15220
I       5339     15221
I      14025     15222
I       8021     15223
I      15973     15224
I       7467     15225
I      15352     15226
I      15930     15227
I      15703     15228
I       6536     15229
I       6129     15230
I      14596     15231
I       4516     15232
I       2809     15233
I      10899     15234
I      13863     15235
I       4118     15236
I      12566     15237
I       1429     15238
I      13092     15239
I      10506     15240
I       8394     15241
I       9170     15242
I       1404     15243
I      14822     15244
I        784     15245
I       5335     15246
I       9113     15247
I       3312     15248
I      11307     15249
I       3695     15250
I       4497     15251
I       1342     15252
I       9291     15253
I      14341     15254
I        989     15255
I      16205     15256
I      15354     15257
I       8278     15258
I      11504     15259
I       6222     15260
I      12760     15261
I       2263     15262
I       7675     15263
I        658     15264
I      10593     15265
I      16289     15266
I        466     15267
I       9305     15268
I      11597     15269
I      16319     15270
I       3824     15271
I       4617     15272
I      15855     15273
I       2590     15274
I       4887     15275
I       6748     15276
I       1387     15277
I       9412     15278
I       2894     15279
I       8591     15280
I       3772     15281
I       6545     15282
I       3350     15283
I      16197     15284
I       9104     15285
I       8645     15286
I       3473     15287
I        131     15288
I       4051     15289
I      10985     15290
I       3983     15291
I      10418     15292
I      15085     15293
I        408     15294
I      14981     15295
I      12478     15296
I      15015     15297
I      11131     15298
I      13095     15299
I       7513     15300
I       7701     15301
I       1656     15302
I      10001     15303
I       5142     15304
I      13476     15305
I      12672     15306
I      15896     15307
I       7378     15308
I       3036     15309
I      15296     15310
I       6977     15311
I      10317     15312
I      14162     15313
I       2639     15314
I       2277     15315
I       4375     15316
I       4060     15317
I       7625     15318
I       7706     15319
I      10472     15320
I       8308     15321
I       5294     15322
I       3123     15323
I       1189     15324
I       9801     15325
I      13488     15326
I       1238     15327
I      10474     15328
I       1753     15329
I       7972     15330
I      14725     15331
I      11516     15332
I        354     15333
I      12242     15334
I       7874     15335
I      11847     15336
I       6439     15337
I      14986     15338
I       9031     15339
I         28     15340
I      13254     15341
I       9087     15342
I      13524     15343
I       6819     15344
I       2693     15345
I      10566     15346
I      13162     15347
I      11160     15348
I      10127     15349
I       9382     15350
I      14814     15351
I      15328     15352
I       6910     15353
I       4647     15354
I      14886     15355
I      13888     15356
I       3352     15357
I       5327     15358
I       6809     15359
I      10795     15360
I      14040     15361
I       6413     15362
I      12036     15363
I      15271     15364
I      11687     15365
I      10917     15366
I      14885     15367
I      12988     15368
I       3484     15369
I       6565     15370
I      13205     15371
I      11092     15372
I      15794     15373
I      14713     15374
I       7274     15375
I       1961     15376
I       2452     15377
I       1824     15378
I       6404     15379
I       9723     15380
I       7390     15381
I       8070     15382
I        585     15383
I       5132     15384
I      16005     15385
I      12568     15386
I       5514     15387
I      11751     15388
I      12739     15389
I      14367     15390
I      11884     15391
I       3163     15392
I       5823     15393
I       7483     15394
I       9922     15395
I      11410     15396
I      12480     15397
I      10705     15398
I       2128     15399
I       4400     15400
I      11247     15401
I      15594     15402
I      12288     15403
I      16090     15404
I       1317     15405
I      14392     15406
I       5062     15407
I      13775     15408
I      11616     15409
I        728     15410
I       7027     15411
I       3160     15412
I       4507     15413
I       9806     15414
I      15787     15415
I      13462     15416
I       9471     15417
I       5720     15418
I       1125     15419
I       6394     15420
I      15092     15421
I      12823     15422
I        328     15423
I       1545     15424
I       6952     15425
I      13070     15426
I      11694     15427
I       6458     15428
I       9491     15429
I       6239     15430
I       1233     15431
I      11632     15432
I       9776     15433
I      11172     15434
I       5224     15435
I      16240     15436
I       6824     15437
I       3970     15438
I       1870     15439
I       5967     15440
I       7113     15441
I       8846     15442
I      16201     15443
I      10219     15444
I      14082     15445
I      13813     15446
I      16177     15447
I       7567     15448
I       2996     15449
I       3884     15450
I       7064     15451
I       3979     15452
I      14127     15453
I      14435     15454
I      14378     15455
I      12715     15456
I       4823     15457
I       3567     15458
I       6274     15459
I      15982     15460
I       6606     15461
I      10529     15462
I      12643     15463
I       4685     15464
I       1617     15465
I       8067     15466
I       4428     15467
I       1192     15468
I      13450     15469
I         40     15470
I      12911     15471
I       5867     15472
I      12720     15473
I       9805     15474
I      10903     15475
I       4131     15476
I      12342     15477
I       2857     15478
I      14381     15479
I        441     15480
I      14747     15481
I      11151     15482
I       3537     15483
I       9613     15484
I      16301     15485
I      15325     15486
I      12680     15487
I      15841     15488
I       2093     15489
I       6605     15490
I      15178     15491
I       5557     15492
I      11384     15493
I        272     15494
I      11707     15495
I       1940     15496
I       8496     15497
I      15527     15498
I       9193     15499
I      10072     15500
I      10212     15501
I       4478     15502
I      12210     15503
I      11516     15504
I      15333     15505
I       2220     15506
I      16060     15507
I      16259     15508
I      11134     15509
I      12610     15510
I       1798     15511
I       3750     15512
I      10246     15513
I      14205     15514
I       7769     15515
I       3730     15516
I       5760     15517
I      15458     15518
I      11282     15519
I       7517     15520
I       9930     15521
I       3611     15522
I       4643     15523
I       6623     15524
I       2004     15525
I      15880     15526
I      14869     15527
I       2830     15528
I       8157     15529
I       1474     15530
I      10399     15531
I       7309     15532
I        105     15533
I       6842     15534
I       3452     15535
I       8984     15536
I       5613     15537
I      14027     15538
I      13270     15539
I      14468     15540
I        400     15541
I      15822     15542
I       3393     15543
I       9747     15544
I       6025     15545
I       4803     15546
I      11421     15547
I       2314     15548
I      12854     15549
I       9856     15550
I      13162     15551
I       9244     15552
I      14839     15553
I      13235     15554
I       6792     15555
I      11460     15556
I       3811     15557
I       2264     15558
I       5295     15559
I      12340     15560
I      16342     15561
I       6656     15562
I       7633     15563
I        747     15564
I       8927     15565
I      16091     15566
I      14696     15567
I      14893     15568
I      14153     15569
I       9684     15570
I      13825     15571
I       3903     15572
I      11379     15573
I       5275     15574
I       5538     15575
I      12212     15576
I      14979     15577
I       7547     15578
I       1685     15579
I       9062     15580
I       6229     15581
I       2829     15582
I       9888     15583
I      10698     15584
I       9863     15585
I         44     15586
I       9039     15587
I       2381     15588
I       8799     15589
I       4876     15590
I      13864     15591
I      14414     15592
I      13496     15593
I       8092     15594
I      14037     15595
I       1728     15596
I       6105     15597
I      11290     15598
I      16137     15599
I       5305     15600
I      10348     15601
I       6095     15602
I       9374     15603
I       4721     15604
I       8200     15605
I      12091     15606
I        819     15607
I      10182     15608
I      14004     15609
I       9057     15610
I       8779     15611
I      15027     15612
I       7623     15613
I      14458     15614
I      16179     15615
I       1070     15616
I      11460     15617
I       1450     15618
I        639     15619
I       1622     15620
I       7785     15621
I      14580     15622
I       8665     15623
I       8919     15624
I      15122     15625
I      10287     15626
I       7438     15627
I        364     15628
I       3182     15629
I       1126     15630
I      10250     15631
I      13060     15632
I       8277     15633
I      10060     15634
I      13028     15635
I      10968     15636
I       8299     15637
I       5677     15638
I       3847     15639
I       3935     15640
I      14418     15641
I       8301     15642
I      11779     15643
I       3752     15644
I       4609     15645
I       3206     15646
I      16224     15647
I      13343     15648
I      11954     15649
I      10503     15650
I       8948     15651
I       5353     15652
I       3120     15653
I       1539     15654
I       6615     15655
I      16006     15656
I       1870     15657
I      10250     15658
I      10858     15659
I      11625     15660
I      10408     15661
I       3590     15662
I      13748     15663
I       5010     15664
I        113     15665
I       5188     15666
I      12751     15667
I       4558     15668
I      13917     15669
I       5421     15670
I       9813     15671
I       1097     15672
I      16136     15673
I       8288     15674
I      13626     15675
I       9464     15676
I       7639     15677
I       2939     15678
I      14713     15679
I        285     15680
I       7652     15681
I      12166     15682
I      14125     15683
I       9490     15684
I      10367     15685
I      14178     15686
I        942     15687
I       1826     15688
I      11882     15689
I      14759     15690
I      15396     15691
I      10811     15692
I      13583     15693
I      10484     15694
I      10144     15695
I       2989     15696
I       1020     15697
I       3793     15698
I       6925     15699
I       3060     15700
I      10733     15701
I       1971     15702
I      16019     15703
I      16031     15704
I       9422     15705
I       2099     15706
I       8207     15707
I       6711     15708
I       5318     15709
I      13592     15710
I      15907     15711
I       7067     15712
I      10969     15713
I       9449     15714
I      12704     15715
I      11957     15716
I       6299     15717
I       4257     15718
I       1738     15719
I       3646     15720
I       1088     15721
I       5692     15722
I      12758     15723
I      11830     15724
I       7141     15725
I      13373     15726
I       3570     15727
I       8797     15728
I       7771     15729
I      15936     15730
I       4613     15731
I       2186     15732
I      11389     15733
I       2312     15734
I      14111     15735
I      14425     15736
I      14448     15737
I       6132     15738
I       1377     15739
I       6445     15740
I       3211     15741
I      15144     15742
I       9566     15743
I       8354     15744
I       6413     15745
I      16164     15746
I       1125     15747
I      11296     15748
I      13548     15749
I       5480     15750
I       7999     15751
I       9450     15752
I      12003     15753
I       4518     15754
I      15132     15755
I        101     15756
I       7072     15757
I      13244     15758
I      12006     15759
I       2194     15760
I        791     15761
I       2539     15762
I       3397     15763
I       9434     15764
I       6454     15765
I       9861     15766
I       7608     15767
I       5641     15768
I      14360     15769
I      11582     15770
I      13009     15771
I       3532     15772
I       1126     15773
I       3140     15774
I      14488     15775
I      15088     15776
I        909     15777
I       1326     15778
I      11689     15779
I      10163     15780
I      11018     15781
I       6462     15782
I      13472     15783
I       7247     15784
I       9769     15785
I      12582     15786
I      16040     15787
I      12337     15788
I      11800     15789
I      14492     15790
I        395     15791
I      13635     15792
I       7927     15793
I       4842     15794
I        173     15795
I       9882     15796
I      14390     15797
I      10314     15798
I       5092     15799
I       5855     15800
I      16108     15801
I       9495     15802
I       5945     15803
I       6017     15804
I      15613     15805
I      14323     15806
I      11003     15807
I       9064     15808
I       8128     15809
I      14203     15810
I      11480     15811
I       6691     15812
I       2006     15813
I        753     15814
I      12829     15815
I      11767     15816
I      15110     15817
I      14200     15818
I       6535     15819
I       5471     15820
I       6886     15821
I      10818     15822
I      15405     15823
I      10940     15824
I      10886     15825
I       2716     15826
I       5205     15827
I       3891     15828
I      13919     15829
I      12138     15830
I       3724     15831
I      13321     15832
I       8955     15833
I       2762     15834
I       8258     15835
I       9566     15836
I       8339     15837
I      15801     15838
I      13237     15839
I       7290     15840
I       3881     15841
I      11197     15842
I        482     15843
I       8279     15844
I       4507     15845
I       5040     15846
I       8308     15847
I      10334     15848
I       1491     15849
I      10222     15850
I      10815     15851
I      14430     15852
I       2952     15853
I       3695     15854
I       6405     15855
I       5404     15856
I      11178     15857
I      12207     15858
I       4803     15859
I      15341     15860
I      10467     15861
I       3036     15862
I      14295     15863
I      13430     15864
I       3079     15865
I      15524     15866
I      13732     15867
I      13848     15868
I       9750     15869
I      13572     15870
I      12736     15871
I      10475     15872
I      12937     15873
I       3401     15874
I      12504     15875
I      14664     15876
I       1721     15877
I       7976     15878
I       4805     15879
I       2193     15880
I      12389     15881
I       5032     15882
I       6950     15883
I       8073     15884
I      15391     15885
I      12706     15886
I      13912     15887
I      10975     15888
I        803     15889
I       5685     15890
I        607     15891
I       3327     15892
I       7523     15893
I       4334     15894
I       9670     15895
I       4184     15896
I      13386     15897
I       4552     15898
I       3075     15899
I      16325     15900
I       5083     15901
I       8985     15902
I       9066     15903
I       4675     15904
I        627     15905
I       2421     15906
I       4805     15907
I        788     15908
I      13535     15909
I      13270     15910
I       2628     15911
I      12758     15912
I       4192     15913
I       3134     15914
I      10486     15915
I        947     15916
I       1246     15917
I      11434     15918
I       9869     15919
I      14289     15920
I      15113     15921
I      15965     15922
I        396     15923
I      13640     15924
I       8806     15925
I      13385     15926
I      16287     15927
I       2728     15928
I       9033     15929
I       7678     15930
I       4092     15931
I       6232     15932
I       7336     15933
I      14208     15934
I       6421     15935
I      10812     15936
I       8259     15937
I       2378     15938
I      13411     15939
I        708     15940
I       3244     15941
I      12936     15942
I      16076     15943
I      10087     15944
I        898     15945
I       7443     15946
I       9735     15947
I        971     15948
I       1283     15949
I       6947     15950
I      15712     15951
I         13     15952
I      11619     15953
I       7384     15954
I      10131     15955
I      13793     15956
I       9055     15957
I       6629     15958
I       6174     15959
I        663     15960
I      11314     15961
I       7396     15962
I      14391     15963
I       9257     15964
I      13168     15965
I      13697     15966
I       2182     15967
I       6856     15968
I      15469     15969
I      10233     15970
I        704     15971
I       5995     15972
I       5782     15973
I       6751     15974
I       3364     15975
I       6675     15976
I       2937     15977
I      15560     15978
I       8662     15979
I       5098     15980
I       2221     15981
I      13530     15982
I       5398     15983
I       7450     15984
I      11570     15985
I      13916     15986
I       3323     15987
I      10625     15988
I      11008     15989
I       8079     15990
I        713     15991
I       3151     15992
I       6055     15993
I      12498     15994
I      12830     15995
I       3387     15996
I      11445     15997
I       1163     15998
I       9041     15999
I       8131     16000
I      16343     16001
I       6255     16002
I       9615     16003
I       4523     16004
I       1501     16005
I      11124     16006
I       8485     16007
I       1397     16008
I       4007     16009
I      16367     16010
I      12918     16011
I      14704     16012
I       6999     16013
I        717     16014
I        804     16015
I       8631     16016
I       9574     16017
I        574     16018
I       1708     16019
I      10349     16020
I       3121     16021
I        289     16022
I       7578     16023
I       9353     16024
I       6068     16025
I      12031     16026
I      15080     16027
I       9999     16028
I      12178     16029
I       1968     16030
I      11974     16031
I      13643     16032
I      15337     16033
I       9454     16034
I      15971     16035
I       9547     16036
I      10494     16037
I       4275     16038
I       7835     16039
I      14615     16040
I       9869     16041
I      15689     16042
I       9034     16043
I       6761     16044
I       4124     16045
I       3683     16046
I       8607     16047
I      10987     16048
I       6900     16049
I       6590     16050
I       6025     16051
I       9268     16052
I       1566     16053
I       3937     16054
I         18     16055
I      15466     16056
I       9416     16057
I       5489     16058
I       6643     16059
I       3025     16060
I       7660     16061
I      15814     16062
I       6283     16063
I      12794     16064
I      14696     16065
I      15072     16066
I       5759     16067
I       7038     16068
I        279     16069
I       1066     16070
I       8708     16071
I       5936     16072
I       2171     16073
I      13043     16074
I      11301     16075
I       2861     16076
I       4443     16077
I       7402     16078
I      15468     16079
I      14941     16080
I       9742     16081
I       2934     16082
I      10595     16083
I      12975     16084
I       4429     16085
I       6598     16086
I        947     16087
I      15422     16088
I       9138     16089
I      15507     16090
I      13184     16091
I       4729     16092
I       2460     16093
I       7719     16094
I       1923     16095
I       4904     16096
I       7189     16097
I      10273     16098
I       9857     16099
I       7084     16100
I        497     16101
I       9102     16102
I       4668     16103
I      10517     16104
I       9858     16105
I       2856     16106
I       4536     16107
I        194     16108
I       5972     16109
I       5999     16110
I       5383     16111
I      14017     16112
I      15964     16113
I       3160     16114
I       8643     16115
I       6746     16116
I      10864     16117
I       8494     16118
I       2487     16119
I      11363     16120
I       9372     16121
I       2716     16122
I      11180     16123
I      16113     16124
I      15673     16125
I       3594     16126
I       8383     16127
I      11624     16128
I       3202     16129
I      10926     16130
I      15405     16131
I      12546     16132
I       6021     16133
I       1944     16134
I       8162     16135
I       3925     16136
I       9185     16137
I      14268     16138
I       2546     16139
I       7004     16140
I      13383     16141
I      16382     16142
I       9252     16143
I       5831     16144
I       7109     16145
I       9824     16146
I       4031     16147
I       1354     16148
I       6622     16149
I      13625     16150
I      11682     16151
I      11466     16152
I      16310     16153
I       5289     16154
I       8842     16155
I      15167     16156
I       6975     16157
I      12785     16158
I       3550     16159
I      14553     16160
I      14081     16161
I       9920     16162
I       1096     16163
I       9735     16164
I      11369     16165
I       6548     16166
I      12275     16167
I      14496     16168
I       5779     16169
I      13452     16170
I       7784     16171
I       4772     16172
I      10728     16173
I       3405     16174
I      14515     16175
I       5630     16176
I       3193     16177
I        367     16178
I      10109     16179
I      13737     16180
I       4570     16181
I       8406     16182
I       3902     16183
I      11808     16184
I      11478     16185
I      15458     16186
I      14794     16187
I      15777     16188
I      15961     16189
I        226     16190
I         87     16191
I      13587     16192
I       2733     16193
I      13369     16194
I      15198     16195
I      12654     16196
I      12442     16197
I       1716     16198
I      10322     16199
I       2578     16200
I       3174     16201
I       4308     16202
I       4329     16203
I      14056     16204
I      13937     16205
I       2362     16206
I      14580     16207
I       6244     16208
I       2924     16209
I      10339     16210
I       9046     16211
I      14135     16212
I      15851     16213
I       8907     16214
I       4917     16215
I      11349     16216
I       7431     16217
I       1334     16218
I       5067     16219
I      16216     16220
I      10734     16221
I       6764     16222
I       5432     16223
I      10718     16224
I      11286     16225
I      15935     16226
I      14880     16227
I       8982     16228
I        816     16229
I       5169     16230
I       8701     16231
I      11781     16232
I       4516     16233
I      10808     16234
I      13104     16235
I      15618     16236
I       3076     16237
I       1195     16238
I       1206     16239
I      11367     16240
I       7771     16241
I       8115     16242
I       5722     16243
I       1845     16244
I       5119     16245
I       9419     16246
I       7829     16247
I       6471     16248
I      11000     16249
I      11861     16250
I       7256     16251
I       3446     16252
I       5712     16253
I      10127     16254
I      13502     16255
I      12871     16256
I      15063     16257
I       8738     16258
I       8914     16259
I       5213     16260
I       3576     16261
I       6517     16262
I       4953     16263
I      15155     16264
I       9982     16265
I      15245     16266
I      11215     16267
I       4746     16268
I       4546     16269
I      11866     16270
I      11838     16271
I      12082     16272
I       1296     16273
I       2290     16274
I       2736     16275
I       3222     16276
I       1958     16277
I       1099     16278
I      12234     16279
I       4747     16280
I      12207     16281
I       9637     16282
I       2560     16283
I       3029     16284
I      10580     16285
I      14124     16286
I      12997     16287
I      12781     16288
I      15592     16289
I       1871     16290
I      15345     16291
I       7102     16292
I       9440     16293
I       6226     16294
I       2395     16295
I       6471     16296
I       6628     16297
I       5384     16298
I      13857     16299
I      15480     16300
I      14672     16301
I      13800     16302
I      11843     16303
I       2886     16304
I        542     16305
I       7814     16306
I       4653     16307
I      13349     16308
I        728     16309
I       9111     16310
I       5878     16311
I       5544     16312
I      11523     16313
I      15839     16314
I      10218     16315
I      10750     16316
I      13697     16317
I       6861     16318
I       4122     16319
I      13332     16320
I       6144     16321
I      15446     16322
I      11690     16323
I      16029     16324
I       3861     16325
I       9372     16326
I      12082     16327
I      12964     16328
I       3517     16329
I      10257     16330
I       7754     16331
I      15904     16332
I       7864     16333
I       9505     16334
I       2214     16335
I      15582     16336
I      16298     16337
I       1985     16338
I      15202     16339
I       5423     16340
I      12996     16341
I       1658     16342
I       8624     16343
I      11056     16344
I      11347     16345
I      10500     16346
I      15862     16347
I       8920     16348
I       9627     16349
I        591     16350
I       4172     16351
I      15324     16352
I      10165     16353
I      15075     16354
I      11743     16355
I      15995     16356
I       5818     16357
I       5844     16358
I      11878     16359
I       5187     16360
I       6520     16361
I       2599     16362
I       5053     16363
I       1557     16364
I      15108     16365
I       9607     16366
I      15619     16367
I       5112     16368
I       5056     16369
I       1783     16370
I      12949     16371
I       6057     16372
I      14438     16373
I       9211     16374
I       7059     16375
I       9423     16376
I      12571     16377
I       4706     16378
I      10319     16379
I       4939     16380
I       3248     16381
I      10791     16382
I      14124     16383
E
E
E
E
E
E
E
E
E
E
E
E
E
E
E
E
E
E
E
E
E
E
E
E
E
E
E
E
E
E
E
E
E
E
E
E
E
E
E
E
E
E
E
E
E
E
E
E
E
E
E
E
E
E
E
E
E
E
E
E
E
E
E
E
E
E
E
E
E
E
E
E
E
E
E
E
E
E
E
E
E
E
E
E
E
E
E
E
E
E
E
E
E
E
E
E
E
E
E
E
E
E
E
E
E
E
E
E
E
E
E
E
E
E
E
E
E
E
E
E
E
E
E
E
E
E
E
E
E
E
E
E
E
E
E
E
E
E
E
E
E
E
E
E
E
E
E
E
E
E
E
E
E
E
E
E
E
E
E
E
E
E
E
E
E
E
E
E
E
E
E
E
E
E
E
E
E
E
E
E
E
E
E
E
E
E
E
E
E
E
E
E
E
E
E
E
E
E
E
E
E
E
E
E
E
E
E
E
E
E
E
E
E
E
E
E
E
E
E
E
E
E
E
E
E
E
E
E
E
E
E
E
E
E
E
E
E
E
E
E
E
E
E
E
E
E
E
E
E
E
E
E
E
E
E
E
E
E
E
E
E
E
E
E
E
E
E
E
E
E
E
E
E
E
E
E
E
E
E
E
E
E
E
E
E
E
E
E
E
E
E
E
E
E
E
E
E
E
E
E
E
E
E
E
E
E
E
E
E
E
E
E
E
E
E
E
E
E
E
E
E
E
E
E
E
E
E
E
E
E
E
E
E
E
E
E
E
E
E
E
E
E
E
E
E
E
E
E
E
E
E
E
E
E
E
E
E
E
E
E
E
E
E
E
E
E
E
E
E
E
E
E
E
E
E
E
E
E
E
E
E
E
E
E
E
E
E
E
E
E
E
E
E
E
E
E
E
E
E
E
E
E
E
E
E
E
E
E
E
E
E
E
E
E
E
E
E
E
E
E
E
E
E
E
E
E
E
E
E
E
E
E
E
E
E
E
E
E
E
E
E
E
E
E
E
E
E
E
E
E
E
E
E
E
E
E
E
E
E
E
E
E
E
E
E
E
E
E
E
E
E
E
E
E
E
E
E
E
E
E
E
E
E
E
E
E
E
E
E
E
E
E
E
E
E
E
E
E
E
E
E
E
E
E
E
E
E
E
E
E
E
E
E
E
E
E
E
E
E
E
E
E
E
E
E
E
E
E
E
E
E
E
E
E
E
E
E
E
E
E
E
E
E
E
E
E
E
E
E
E
E
E
E
E
E
E
E
E
E
E
E
E
E
E
E
E
E
E
E
E
E
E
E
E
E
E
E
E
E
E
E
E
E
E
E
E
E
E
E
E
E
E
E
E
E
E
E
E
E
E
E
E
E
E
E
E
E
E
E
E
E
E
E
E
E
E
E
E
E
E
E
E
E
E
E
E
E
E
E
E
E
E
E
E
E
E
E
E
E
E
E
E
E
E
E
E
E
E
E
E
E
E
E
E
E
E
E
E
E
E
E
E
E
E
E
E
E
E
E
E
E
E
E
E
E
E
E
E
E
E
E
E
E
E
E
E
E
E
E
E
E
E
E
E
E
E
E
E
E
E
E
E
E
E
E
E
E
E
E
E
E
E
E
E
E
E
E
E
E
E
E
E
E
E
E
E
E
E
E
E
E
E
E
E
E
E
E
E
E
E
E
E
E
E
E
E
E
E
E
E
E
E
E
E
E
E
E
E
E
E
E
E
E
E
E
E
E
E
E
E
E
E
E
E
E
E
E
E
E
E
E
E
E
E
E
E
E
E
E
E
E
E
E
E
E
E
E
E
E
E
E
E
E
E
E
E
E
E
E
E
E
E
E
E
E
E
E
E
E
E
E
E
E
E
E
E
E
E
E
E
E
E
E
E
E
E
E
E
E
E
E
E
E
E
E
E
E
E
E
E
E
E
E
E
E
E
E
E
E
E
E
E
E
E
E
E
E
E
E
E
E
E
E
E
E
E
E
E
E
E
E
E
E
E
E
E
E
E
E
E
E
E
E
E
E
E
E
E
E
E
E
E
E
E
E
E
E
E
E
E
E
E
E
E
E
E
E
E
E
E
E
E
E
E
E
E
E
E
E
E
E
E
E
E
E
E
E
E
E
E
E
E
E
E
E
E
E
E
E
E
E
E
E
E
E
E
E
E
E
E
E
E
E
E
E
E
E
E
E
E
E
E
E
E
E
E
E
E
E
E
E
E
E
E
E
E
E
E
E
E
E
E
E
E
E
E
E
E
E
E
E
E
E
E
E
E
E
E
E
E
E
E
E
E
E
E
E
E
E
E
E
E
E
E
E
E
E
E
E
E
E
E
E
E
E
E
E
E
E
E
E
E
E
E
E
E
E
E
E
E
E
E
E
E
E
E
E
E
E
E
E
E
E
E
E
E
E
E
E
E
E
E
E
E
E
E
E
E
E
E
E
E
E
E
E
E
E
E
E
E
E
E
E
E
E
E
E
E
E
E
E
E
E
E
E
E
E
E
E
E
E
E
E
E
E
E
E
E
E
E
E
E
E
E
E
E
E
E
E
E
E
E
E
E
E
E
E
E
E
E
E
E
E
E
E
E
E
E
E
E
E
E
E
E
E
E
E
E
E
E
E
E
E
E
E
E
E
E
E
E
E
E
E
E
E
E
E
E
E
E
E
E
E
E
E
E
E
E
E
E
E
E
E
E
E
E
E
E
E
E
E
E
E
E
E
E
E
E
E
E
E
E
E
E
E
E
E
E
E
E
E
E
E
E
E
E
E
E
E
E
E
E
E
E
E
E
E
E
E
E
E
E
E
E
E
E
E
E
E
E
E
E
E
E
E
E
E
E
E
E
E
E
E
E
E
E
E
E
E
E
E
E
E
E
E
E
E
E
E
E
E
E
E
E
E
E
E
E
E
E
E
E
E
E
E
E
E
E
E
E
E
E
E
E
E
E
E
E
E
E
E
E
E
E
E
E
E
E
E
E
E
E
E
E
E
E
E
E
E
E
E
E
E
E
E
E
E
E
E
E
E
E
E
E
E
E
E
E
E
E
E
E
E
E
E
E
E
E
E
E
E
E
E
E
E
E
E
E
E
E
E
E
E
E
E
E
E
E
E
E
E
E
E
E
E
E
E
E
E
E
E
E
E
E
E
E
E
E
E
E
E
E
E
E
E
E
E
E
E
E
E
E
E
E
E
E
E
E
E
E
E
E
E
E
E
E
E
E
E
E
E
E
E
E
E
E
E
E
E
E
E
E
E
E
E
E
E
E
E
E
E
E
E
E
E
E
E
E
E
E
E
E
E
E
E
E
E
E
E
E
E
E
E
E
E
E
E
E
E
E
E
E
E
E
E
E
E
E
E
E
E
E
E
E
E
E
E
E
E
E
E
E
E
E
E
E
E
E
E
E
E
E
E
E
E
E
E
E
E
E
E
E
E
E
E
E
E
E
E
E
E
E
E
E
E
E
E
E
E
E
E
E
E
E
E
E
E
E
E
E
E
E
E
E
E
E
E
E
E
E
E
E
E
E
E
E
E
E
E
E
E
E
E
E
E
E
E
E
E
E
E
E
E
E
E
E
E
E
E
E
E
E
E
E
E
E
E
E
E
E
E
E
E
E
E
E
E
E
E
E
E
E
E
E
E
E
E
E
E
E
E
E
E
E
E
E
E
E
E
E
E
E
E
E
E
E
E
E
E
E
E
E
E
E
E
E
E
E
E
E
E
E
E
E
E
E
E
E
E
E
E
E
E
E
E
E
E
E
E
E
E
E
E
E
E
E
E
E
E
E
E
E
E
E
E
E
E
E
E
E
E
E
E
E
E
E
E
E
E
E
E
E
E
E
E
E
E
E
E
E
E
E
E
E
E
E
E
E
E
E
E
E
E
E
E
E
E
E
E
E
E
E
E
E
E
E
E
E
E
E
E
E
E
E
E
E
E
E
E
E
E
E
E
E
E
E
E
E
E
E
E
E
E
E
E
E
E
E
E
E
E
E
E
E
E
E
E
E
E
E
E
E
E
E
E
E
E
E
E
E
E
E
E
E
E
E
E
E
E
E
E
E
E
E
E
E
E
E
E
E
E
E
E
E
E
E
E
E
E
E
E
E
E
E
E
E
E
E
E
E
E
E
E
E
E
E
E
E
E
E
E
E
E
E
E
E
E
E
E
E
E
E
E
E
E
E
E
E
E
E
E
E
E
E
E
E
E
E
E
E
E
E
E
E
E
E
E
E
E
E
E
E
E
E
E
E
E
E
E
E
E
E
E
E
E
E
E
E
E
E
E
E
E
E
E
E
E
E
E
E
E
E
E
E
E
E
E
E
E
E
E
E
E
E
E
E
E
E
E
E
E
E
E
E
E
E
E
E
E
E
E
E
E
E
E
E
E
E
E
E
E
E
E
E
E
E
E
E
E
E
E
E
E
E
E
E
E
E
E
E
E
E
E
E
E
E
E
E
E
E
E
E
E
E
E
E
E
E
E
E
E
E
E
E
E
E
E
E
E
E
E
E
E
E
E
E
E
E
E
E
E
E
E
E
E
E
E
E
E
E
E
E
E
E
E
E
E
E
E
E
E
E
E
E
E
E
E
E
E
E
E
E
E
E
E
E
E
E
E
E
E
E
E
E
E
E
E
E
E
E
E
E
E
E
E
E
E
E
E
E
E
E
E
E
E
E
E
E
E
E
E
E
E
E
E
E
E
E
E
E
E
E
E
E
E
E
E
E
E
E
E
E
E
E
E
E
E
E
E
E
E
E
E
E
E
E
E
E
E
E
E
E
E
E
E
E
E
E
E
E
E
E
E
E
E
E
E
E
E
E
E
E
E
E
E
E
E
E
E
E
E
E
E
E
E
E
E
E
E
E
E
E
E
E
E
E
E
E
E
E
E
E
E
E
E
E
E
E
E
E
E
E
E
E
E
E
E
E
E
E
E
E
E
E
E
E
E
E
E
E
E
E
E
E
E
E
E
E
E
E
E
E
E
E
E
E
E
E
E
E
E
E
E
E
E
E
E
E
E
E
E
E
E
E
E
E
E
E
E
E
E
E
E
E
E
E
E
E
E
E
E
E
E
E
E
E
E
E
E
E
E
E
E
E
E
E
E
E
E
E
E
E
E
E
E
E
E
E
E
E
E
E
E
E
E
E
E
E
E
E
E
E
E
E
E
E
E
E
E
E
E
E
E
E
E
E
E
E
E
E
E
E
E
E
E
E
E
E
E
E
E
E
E
E
E
E
E
E
E
E
E
E
E
E
E
E
E
E
E
E
E
E
E
E
E
E
E
E
E
E
E
E
E
E
E
E
E
E
E
E
E
E
E
E
E
E
E
E
E
E
E
E
E
E
E
E
E
E
E
E
E
E
E
E
E
E
E
E
E
E
E
E
E
E
E
E
E
E
E
E
E
E
E
E
E
E
E
E
E
E
E
E
E
E
E
E
E
E
E
E
E
E
E
E
E
E
E
E
E
E
E
E
E
E
E
E
E
E
E
E
E
E
E
E
E
E
E
E
E
E
E
E
E
E
E
E
E
E
E
E
E
E
E
E
E
E
E
E
E
E
E
E
E
E
E
E
E
E
E
E
E
E
E
E
E
E
E
E
E
E
E
E
E
E
E
E
E
E
E
E
E
E
E
E
E
E
E
E
E
E
E
E
E
E
E
E
E
E
E
E
E
E
E
E
E
E
E
E
E
E
E
E
E
E
E
E
E
E
E
E
E
E
E
E
E
E
E
E
E
E
E
E
E
E
E
E
E
E
E
E
E
E
E
E
E
E
E
E
E
E
E
E
E
E
E
E
E
E
E
E
E
E
E
E
E
E
E
E
E
E
E
E
E
E
E
E
E
E
E
E
E
E
E
E
E
E
E
E
E
E
E
E
E
E
E
E
E
E
E
E
E
E
E
E
E
E
E
E
E
E
E
E
E
E
E
E
E
E
E
E
E
E
E
E
E
E
E
E
E
E
E
E
E
E
E
E
E
E
E
E
E
E
E
E
E
E
E
E
E
E
E
E
E
E
E
E
E
E
E
E
E
E
E
E
E
E
E
E
E
E
E
E
E
E
E
E
E
E
E
E
E
E
E
E
E
E
E
E
E
E
E
E
E
E
E
E
E
E
E
E
E
E
E
E
E
E
E
E
E
E
E
E
E
E
E
E
E
E
E
E
E
E
E
E
E
E
E
E
E
E
E
E
E
E
E
E
E
E
E
E
E
E
E
E
E
E
E
E
E
E
E
E
E
E
E
E
E
E
E
E
E
E
E
E
E
E
E
E
E
E
E
E
E
E
E
E
E
E
E
E
E
E
E
E
E
E
E
E
E
E
E
E
E
E
E
E
E
E
E
E
E
E
E
E
E
E
E
E
E
E
E
E
E
E
E
E
E
E
E
E
E
E
E
E
E
E
E
E
E
E
E
E
E
E
E
E
E
E
E
E
E
E
E
E
E
E
E
E
E
E
E
E
E
E
E
E
E
E
E
E
E
E
E
E
E
E
E
E
E
E
E
E
E
E
E
E
E
E
E
E
E
E
E
E
E
E
E
E
E
E
E
E
E
E
E
E
E
E
E
E
E
E
E
E
E
E
E
E
E
E
E
E
E
E
E
E
E
E
E
E
E
E
E
E
E
E
E
E
E
E
E
E
E
E
E
E
E
E
E
E
E
E
E
E
E
E
E
E
E
E
E
E
E
E
E
E
E
E
E
E
E
E
E
E
E
E
E
E
E
E
E
E
E
E
E
E
E
E
E
E
E
E
E
E
E
E
E
E
E
E
E
E
E
E
E
E
E
E
E
E
E
E
E
E
E
E
E
E
E
E
E
E
E
E
E
E
E
E
E
E
E
E
E
E
E
E
E
E
E
E
E
E
E
E
E
E
E
E
E
E
E
E
E
E
E
E
E
E
E
E
E
E
E
E
E
E
E
E
E
E
E
E
E
E
E
E
E
E
E
E
E
E
E
E
E
E
E
E
E
E
E
E
E
E
E
E
E
E
E
E
E
E
E
E
E
E
E
E
E
E
E
E
E
E
E
E
E
E
E
E
E
E
E
E
E
E
E
E
E
E
E
E
E
E
E
E
E
E
E
E
E
E
E
E
E
E
E
E
E
E
E
E
E
E
E
E
E
E
E
E
E
E
E
E
E
E
E
E
E
E
E
E
E
E
E
E
E
E
E
E
E
E
E
E
E
E
E
E
E
E
E
E
E
E
E
E
E
E
E
E
E
E
E
E
E
E
E
E
E
E
E
E
E
E
E
E
E
E
E
E
E
E
E
E
E
E
E
E
E
E
E
E
E
E
E
E
E
E
E
E
E
E
E
E
E
E
E
E
E
E
E
E
E
E
E
E
E
E
E
E
E
E
E
E
E
E
E
E
E
E
E
E
E
E
E
E
E
E
E
E
E
E
E
E
E
E
E
E
E
E
E
E
E
E
E
E
E
E
E
E
E
E
E
E
E
E
E
E
E
E
E
E
E
E
E
E
E
E
E
E
E
E
E
E
E
E
E
E
E
E
E
E
E
E
E
E
E
E
E
E
E
E
E
E
E
E
E
E
E
E
E
E
E
E
E
E
E
E
E
E
E
E
E
E
E
E
E
E
E
E
E
E
E
E
E
E
E
E
E
E
E
E
E
E
E
E
E
E
E
E
E
E
E
E
E
E
E
E
E
E
E
E
E
E
E
E
E
E
E
E
E
E
E
E
E
E
E
E
E
E
E
E
E
E
E
E
E
E
E
E
E
E
E
E
E
E
E
E
E
E
E
E
E
E
E
E
E
E
E
E
E
E
E
E
E
E
E
E
E
E
E
E
E
E
E
E
E
E
E
E
E
E
E
E
E
E
E
E
E
E
E
E
E
E
E
E
E
E
E
E
E
E
E
E
E
E
E
E
E
E
E
E
E
E
E
E
E
E
E
E
E
E
E
E
E
E
E
E
E
E
E
E
E
E
E
E
E
E
E
E
E
E
E
E
E
E
E
E
E
E
E
E
E
E
E
E
E
E
E
E
E
E
E
E
E
E
E
E
E
E
E
E
E
E
E
E
E
E
E
E
E
E
E
E
E
E
E
E
E
E
E
E
E
E
E
E
E
E
E
E
E
E
E
E
E
E
E
E
E
E
E
E
E
E
E
E
E
E
E
E
E
E
E
E
E
E
E
E
E
E
E
E
E
E
E
E
E
E
E
E
E
E
E
E
E
E
E
E
E
E
E
E
E
E
E
E
E
E
E
E
E
E
E
E
E
E
E
E
E
E
E
E
E
E
E
E
E
E
E
E
E
E
E
E
E
E
E
E
E
E
E
E
E
E
E
E
E
E
E
E
E
E
E
E
E
E
E
E
E
E
E
E
E
E
E
E
E
E
E
E
E
E
E
E
E
E
E
E
E
E
E
E
E
E
E
E
E
E
E
E
E
E
E
E
E
E
E
E
E
E
E
E
E
E
E
E
E
E
E
E
E
E
E
E
E
E
E
E
E
E
E
E
E
E
E
E
E
E
E
E
E
E
E
E
E
E
E
E
E
E
E
E
E
E
E
E
E
E
E
E
E
E
E
E
E
E
E
E
E
E
E
E
E
E
E
E
E
E
E
E
E
E
E
E
E
E
E
E
E
E
E
E
E
E
E
E
E
E
E
E
E
E
E
E
E
E
E
E
E
E
E
E
E
E
E
E
E
E
E
E
E
E
E
E
E
E
E
E
E
E
E
E
E
E
E
E
E
E
E
E
E
E
E
E
E
E
E
E
E
E
E
E
E
E
E
E
E
E
E
E
E
E
E
E
E
E
E
E
E
E
E
E
E
E
E
E
E
E
E
E
E
E
E
E
E
E
E
E
E
E
E
E
E
E
E
E
E
E
E
E
E
E
E
E
E
E
E
E
E
E
E
E
E
E
E
E
E
E
E
E
E
E
E
E
E
E
E
E
E
E
E
E
E
E
E
E
E
E
E
E
E
E
E
E
E
E
E
E
E
E
E
E
E
E
E
E
E
E
E
E
E
E
E
E
E
E
E
E
E
E
E
E
E
E
E
E
E
E
E
E
E
E
E
E
E
E
E
E
E
E
E
E
E
E
E
E
E
E
E
E
E
E
E
E
E
E
E
E
E
E
E
E
E
E
E
E
E
E
E
E
E
E
E
E
E
E
E
E
E
E
E
E
E
E
E
E
E
E
E
E
E
E
E
E
E
E
E
E
E
E
E
E
E
E
E
E
E
E
E
E
E
E
E
E
E
E
E
E
E
E
E
E
E
E
E
E
E
E
E
E
E
E
E
E
E
E
E
E
E
E
E
E
E
E
E
E
E
E
E
E
E
E
E
E
E
E
E
E
E
E
E
E
E
E
E
E
E
E
E
E
E
E
E
E
E
E
E
E
E
E
E
E
E
E
E
E
E
E
E
E
E
E
E
E
E
E
E
E
E
E
E
E
E
E
E
E
E
E
E
E
E
E
E
E
E
E
E
E
E
E
E
E
E
E
E
E
E
E
E
E
E
E
E
E
E
E
E
E
E
E
E
E
E
E
E
E
E
E
E
E
E
E
E
E
E
E
E
E
E
E
E
E
E
E
E
E
E
E
E
E
E
E
E
E
E
E
E
E
E
E
E
E
E
E
E
E
E
E
E
E
E
E
E
E
E
E
E
E
E
E
E
E
E
E
E
E
E
E
E
E
E
E
E
E
E
E
E
E
E
E
E
E
E
E
E
E
E
E
E
E
E
E
E
E
E
E
E
E
E
E
E
E
E
E
E
E
E
E
E
E
E
E
E
E
E
E
E
E
E
E
E
E
E
E
E
E
E
E
E
E
E
E
E
E
E
E
E
E
E
E
E
E
E
E
E
E
E
E
E
E
E
E
E
E
E
E
E
E
E
E
E
E
E
E
E
E
E
E
E
E
E
E
E
E
E
E
E
E
E
E
E
E
E
E
E
E
E
E
E
E
E
E
E
E
E
E
E
E
E
E
E
E
E
E
E
E
E
E
E
E
E
E
E
E
E
E
E
E
E
E
E
E
E
E
E
E
E
E
E
E
E
E
E
E
E
E
E
E
E
E
E
E
E
E
E
E
E
E
E
E
E
E
E
E
E
E
E
E
E
E
E
E
E
E
E
E
E
E
E
E
E
E
E
E
E
E
E
E
E
E
E
E
E
E
E
E
E
E
E
E
E
E
E
E
E
E
E
E
E
E
E
E
E
E
E
E
E
E
E
E
E
E
E
E
E
E
E
E
E
E
E
E
E
E
E
E
E
E
E
E
E
E
E
E
E
E
E
E
E
E
E
E
E
E
E
E
E
E
E
E
E
E
E
E
E
E
E
E
E
E
E
E
E
E
E
E
E
E
E
E
E
E
E
E
E
E
E
E
E
E
E
E
E
E
E
E
E
E
E
E
E
E
E
E
E
E
E
E
E
E
E
E
E
E
E
E
E
E
E
E
E
E
E
E
E
E
E
E
E
E
E
E
E
E
E
E
E
E
E
E
E
E
E
E
E
E
E
E
E
E
E
E
E
E
E
E
E
E
E
E
E
E
E
E
E
E
E
E
E
E
E
E
E
E
E
E
E
E
E
E
E
E
E
E
E
E
E
E
E
E
E
E
E
E
E
E
E
E
E
E
E
E
E
E
E
E
E
E
E
E
E
E
E
E
E
E
E
E
E
E
E
E
E
E
E
E
E
E
E
E
E
E
E
E
E
E
E
E
E
E
E
E
E
E
E
E
E
E
E
E
E
E
E
E
E
E
E
E
E
E
E
E
E
E
E
E
E
E
E
E
E
E
E
E
E
E
E
E
E
E
E
E
E
E
E
E
E
E
E
E
E
E
E
E
E
E
E
E
E
E
E
E
E
E
E
E
E
E
E
E
E
E
E
E
E
E
E
E
E
E
E
E
E
E
E
E
E
E
E
E
E
E
E
E
E
E
E
E
E
E
E
E
E
E
E
E
E
E
E
E
E
E
E
E
E
E
E
E
E
E
E
E
E
E
E
E
E
E
E
E
E
E
E
E
E
E
E
E
E
E
E
E
E
E
E
E
E
E
E
E
E
E
E
E
E
E
E
E
E
E
E
E
E
E
E
E
E
E
E
E
E
E
E
E
E
E
E
E
E
E
E
E
E
E
E
E
E
E
E
E
E
E
E
E
E
E
E
E
E
E
E
E
E
E
E
E
E
E
E
E
E
E
E
E
E
E
E
E
E
E
E
E
E
E
E
E
E
E
E
E
E
E
E
E
E
E
E
E
E
E
E
E
E
E
E
E
E
E
E
E
E
E
E
E
E
E
E
E
E
E
E
E
E
E
E
E
E
E
E
E
E
E
E
E
E
E
E
E
E
E
E
E
E
E
E
E
E
E
E
E
E
E
E
E
E
E
E
E
E
E
E
E
E
E
E
E
E
E
E
E
E
E
E
E
E
E
E
E
E
E
E
E
E
E
E
E
E
E
E
E
E
E
E
E
E
E
E
E
E
E
E
E
E
E
E
E
E
E
E
E
E
E
E
E
E
E
E
E
E
E
E
E
E
E
E
E
E
E
E
E
E
E
E
E
E
E
E
E
E
E
E
E
E
E
E
E
E
E
E
E
E
E
E
E
E
E
E
E
E
E
E
E
E
E
E
E
E
E
E
E
E
E
E
E
E
E
E
E
E
E
E
E
E
E
E
E
E
E
E
E
E
E
E
E
E
E
E
E
E
E
E
E
E
E
E
E
E
E
E
E
E
E
E
E
E
E
E
E
E
E
E
E
E
E
E
E
E
E
E
E
E
E
E
E
E
E
E
E
E
E
E
E
E
E
E
E
E
E
E
E
E
E
E
E
E
E
E
E
E
E
E
E
E
E
E
E
E
E
E
E
E
E
E
E
E
E
E
E
E
E
E
E
E
E
E
E
E
E
E
E
E
E
E
E
E
E
E
E
E
E
E
E
E
E
E
E
E
E
E
E
E
E
E
E
E
E
E
E
E
E
E
E
E
E
E
E
E
E
E
E
E
E
E
E
E
E
E
E
E
E
E
E
E
E
E
E
E
E
E
E
E
E
E
E
E
E
E
E
E
E
E
E
E
E
E
E
E
E
E
E
E
E
E
E
E
E
E
E
E
E
E
E
E
E
E
E
E
E
E
E
E
E
E
E
E
E
E
E
E
E
E
E
E
E
E
E
E
E
E
E
E
E
E
E
E
E
E
E
E
E
E
E
E
E
E
E
E
E
E
E
E
E
E
E
E
E
E
E
E
E
E
E
E
E
E
E
E
E
E
E
E
E
E
E
E
E
E
E
E
E
E
E
E
E
E
E
E
E
E
E
E
E
E
E
E
E
E
E
E
E
E
E
E
E
E
E
E
E
E
E
E
E
E
E
E
E
E
E
E
E
E
E
E
E
E
E
E
E
E
E
E
E
E
E
E
E
E
E
E
E
E
E
E
E
E
E
E
E
E
E
E
E
E
E
E
E
E
E
E
E
E
E
E
E
E
E
E
E
E
E
E
E
E
E
E
E
E
E
E
E
E
E
E
E
E
E
E
E
E
E
E
E
E
E
E
E
E
E
E
E
E
E
E
E
E
E
E
E
E
E
E
E
E
E
E
E
E
E
E
E
E
E
E
E
E
E
E
E
E
E
E
E
E
E
E
E
E
E
E
E
E
E
E
E
E
E
E
E
E
E
E
E
E
E
E
E
E
E
E
E
E
E
E
E
E
E
E
E
E
E
E
E
E
E
E
E
E
E
E
E
E
E
E
E
E
E
E
E
E
E
E
E
E
E
E
E
E
E
E
E
E
E
E
E
E
E
E
E
E
E
E
E
E
E
E
E
E
E
E
E
E
E
E
E
E
E
E
E
E
E
E
E
E
E
E
E
E
E
E
E
E
E
E
E
E
E
E
E
E
E
E
E
E
E
E
E
E
E
E
E
E
E
E
E
E
E
E
E
E
E
E
E
E
E
E
E
E
E
E
E
E
E
E
E
E
E
E
E
E
E
E
E
E
E
E
E
E
E
E
E
E
E
E
E
E
E
E
E
E
E
E
E
E
E
E
E
E
E
E
E
E
E
E
E
E
E
E
E
E
E
E
E
E
E
E
E
E
E
E
E
E
E
E
E
E
E
E
E
E
E
E
E
E
E
E
E
E
E
E
E
E
E
E
E
E
E
E
E
E
E
E
E
E
E
E
E
E
E
E
E
E
E
E
E
E
E
E
E
E
E
E
E
E
E
E
E
E
E
E
E
E
E
E
E
E
E
E
E
E
E
E
E
E
E
E
E
E
E
E
E
E
E
E
E
E
E
E
E
E
E
E
E
E
E
E
E
E
E
E
E
E
E
E
E
E
E
E
E
E
E
E
E
E
E
E
E
E
E
E
E
E
E
E
E
E
E
E
E
E
E
E
E
E
E
E
E
E
E
E
E
E
E
E
E
E
E
E
E
E
E
E
E
E
E
E
E
E
E
E
E
E
E
E
E
E
E
E
E
E
E
E
E
E
E
E
E
E
E
E
E
E
E
E
E
E
E
E
E
E
E
E
E
E
E
E
E
E
E
E
E
E
E
E
E
E
E
E
E
E
E
E
E
E
E
E
E
E
E
E
E
E
E
E
E
E
E
E
E
E
E
E
E
E
E
E
E
E
E
E
E
E
E
E
E
E
E
E
E
E
E
E
E
E
E
E
E
E
E
E
E
E
E
E
E
E
E
E
E
E
E
E
E
E
E
E
E
E
E
E
E
E
E
E
E
E
E
E
E
E
E
E
E
E
E
E
E
E
E
E
E
E
E
E
E
E
E
E
E
E
E
E
E
E
E
E
E
E
E
E
E
E
E
E
E
E
E
E
E
E
E
E
E
E
E
E
E
E
E
E
E
E
E
E
E
E
E
E
E
E
E
E
E
E
E
E
E
E
E
E
E
E
E
E
E
E
E
E
E
E
E
E
E
E
E
E
E
E
E
E
E
E
E
E
E
E
E
E
E
E
E
E
E
E
E
E
E
E
E
E
E
E
E
E
E
E
E
E
E
E
E
E
E
E
E
E
E
E
E
E
E
E
E
E
E
E
E
E
E
E
E
E
E
E
E
E
E
E
E
E
E
E
E
E
E
E
E
E
E
E
E
E
E
E
E
E
E
E
E
E
E
E
E
E
E
E
E
E
E
E
E
E
E
E
E
E
E
E
E
E
E
E
E
E
E
E
E
E
E
E
E
E
E
E
E
E
E
E
E
E
E
E
E
E
E
E
E
E
E
E
E
E
E
E
E
E
E
E
E
E
E
E
E
E
E
E
E
E
E
E
E
E
E
E
E
E
E
E
E
E
E
E
E
E
E
E
E
E
E
E
E
E
E
E
E
E
E
E
E
E
E
E
E
E
E
E
E
E
E
E
E
E
E
E
E
E
E
E
E
E
E
E
E
E
E
E
E
E
E
E
E
E
E
E
E
E
E
E
E
E
E
E
E
E
E
E
E
E
E
E
E
E
E
E
E
E
E
E
E
E
E
E
E
E
E
E
E
E
E
E
E
E
E
E
E
E
E
E
E
E
E
E
E
E
E
E
E
E
E
E
E
E
E
E
E
E
E
E
E
E
E
E
E
E
E
E
E
E
E
E
E
E
E
E
E
E
E
E
E
E
E
E
E
E
E
E
E
E
E
E
E
E
E
E
E
E
E
E
E
E
E
E
E
E
E
E
E
E
E
E
E
E
E
E
E
E
E
E
E
E
E
E
E
E
E
E
E
E
E
E
E
E
E
E
E
E
E
E
E
E
E
E
E
E
E
E
E
E
E
E
E
E
E
E
E
E
E
E
E
E
E
E
E
E
E
E
E
E
E
E
E
E
E
E
E
E
E
E
E
E
E
E
E
E
E
E
E
E
E
E
E
E
E
E
E
E
E
E
E
E
E
E
E
E
E
E
E
E
E
E
E
E
E
E
E
E
E
E
E
E
E
E
E
E
E
E
E
E
E
E
E
E
E
E
E
E
E
E
E
E
E
E
E
E
E
E
E
E
E
E
E
E
E
E
E
E
E
E
E
E
E
E
E
E
E
E
E
E
E
E
E
E
E
E
E
E
E
E
E
E
E
E
E
E
E
E
E
E
E
E
E
E
E
E
E
E
E
E
E
E
E
E
E
E
E
E
E
E
E
E
E
E
E
E
E
E
E
E
E
E
E
E
E
E
E
E
E
E
E
E
E
E
E
E
E
E
E
E
E
E
E
E
E
E
E
E
E
E
E
E
E
E
E
E
E
E
E
E
E
E
E
E
E
E
E
E
E
E
E
E
E
E
E
E
E
E
E
E
E
E
E
E
E
E
E
E
E
E
E
E
E
E
E
E
E
E
E
E
E
E
E
E
E
E
E
E
E
E
E
E
E
E
E
E
E
E
E
E
E
E
E
E
E
E
E
E
E
E
E
E
E
E
E
E
E
E
E
E
E
E
E
E
E
E
E
E
E
E
E
E
E
E
E
E
E
E
E
E
E
E
E
E
E
E
E
E
E
E
E
E
E
E
E
E
E
E
E
E
E
E
E
E
E
E
E
E
E
E
E
E
E
E
E
E
E
E
E
E
E
E
E
E
E
E
E
E
E
E
E
E
E
E
E
E
E
E
E
E
E
E
E
E
E
E
E
E
E
E
E
E
E
E
E
E
E
E
E
E
E
E
E
E
E
E
E
E
E
E
E
E
E
E
E
E
E
E
E
E
E
E
E
E
E
E
E
E
E
E
E
E
E
E
E
E
E
E
E
E
E
E
E
E
E
E
E
E
E
E
E
E
E
E
E
E
E
E
E
E
E
E
E
E
E
E
E
E
E
E
E
E
E
E
E
E
E
E
E
E
E
E
E
E
E
E
E
E
E
E
E
E
E
E
E
E
E
E
E
E
E
E
E
E
E
E
E
E
E
E
E
E
E
E
E
E
E
E
E
E
E
E
E
E
E
E
E
E
E
E
E
E
E
E
E
E
E
E
E
E
E
E
E
E
E
E
E
E
E
E
E
E
E
E
E
E
E
E
E
E
E
E
E
E
E
E
E
E
E
E
E
E
E
E
E
E
E
E
E
E
E
E
E
E
E
E
E
E
E
E
E
E
E
E
E
E
E
E
E
E
E
E
E
E
E
E
E
E
E
E
E
E
E
E
E
E
E
E
E
E
E
E
E
E
E
E
E
E
E
E
E
E
E
E
E
E
E
E
E
E
E
E
E
E
E
E
E
E
E
E
E
E
E
E
E
E
E
E
E
E
E
E
E
E
E
E
E
E
E
E
E
E
E
E
E
E
E
E
E
E
E
E
E
E
E
E
E
E
E
E
E
E
E
E
E
E
E
E
E
E
E
E
E
E
E
E
E
E
E
E
E
E
E
E
E
E
E
E
E
E
E
E
E
E
E
E
E
E
E
E
E
E
E
E
E
E
E
E
E
E
E
E
E
E
E
E
E
E
E
E
E
E
E
E
E
E
E
E
E
E
E
E
E
E
E
E
E
E
E
E
E
E
E
E
E
E
E
E
E
E
E
E
E
E
E
E
E
E
E
E
E
E
E
E
E
E
E
E
E
E
E
E
E
E
E
E
E
E
E
E
E
E
E
E
E
E
E
E
E
E
E
E
E
E
E
E
E
E
E
E
E
E
E
E
E
E
E
E
E
E
E
E
E
E
E
E
E
E
E
E
E
E
E
E
E
E
E
E
E
E
E
E
E
E
E
E
E
E
E
E
E
E
E
E
E
E
E
E
E
E
E
E
E
E
E
E
E
E
E
E
E
E
E
E
E
E
E
E
E
E
E
E
E
E
E
E
E
E
E
E
E
E
E
E
E
E
E
E
E
E
E
E
E
E
E
E
E
E
E
E
E
E
E
E
E
E
E
E
E
E
E
E
E
E
E
E
E
E
E
E
E
E
E
E
E
E
E
E
E
E
E
E
E
E
E
E
E
E
E
E
E
E
E
E
E
E
E
E
E
E
E
E
E
E
E
E
E
E
E
E
E
E
E
E
E
E
E
E
E
E
E
E
E
E
E
E
E
E
E
E
E
E
E
E
E
E
E
E
E
E
E
E
E
E
E
E
E
E
E
E
E
E
E
E
E
E
E
E
E
E
E
E
E
E
E
E
E
E
E
E
E
E
E
E
E
E
E
E
E
E
E
E
E
E
E
E
E
E
E
E
E
E
E
E
E
E
E
E
E
E
E
E
E
E
E
E
E
E
E
E
E
E
E
E
E
E
E
E
E
E
E
E
E
E
E
E
E
E
E
E
E
E
E
E
E
E
E
E
E
E
E
E
E
E
E
E
E
E
E
E
E
E
E
E
E
E
E
E
E
E
E
E
E
E
E
E
E
E
E
E
E
E
E
E
E
E
E
E
E
E
E
E
E
E
E
E
E
E
E
E
E
E
E
E
E
E
E
E
E
E
E
E
E
E
E
E
E
E
E
E
E
E
E
E
E
E
E
E
E
E
E
E
E
E
E
E
E
E
E
E
E
E
E
E
E
E
E
E
E
E
E
E
E
E
E
E
E
E
E
E
E
E
E
E
E
E
E
E
E
E
E
E
E
E
E
E
E
E
E
E
E
E
E
E
E
E
E
E
E
E
E
E
E
E
E
E
E
E
E
E
E
E
E
E
E
E
E
E
E
E
E
E
E
E
E
E
E
E
E
E
E
E
E
E
E
E
E
E
E
E
E
E
E
E
E
E
E
E
E
E
E
E
E
E
E
E
E
E
E
E
E
E
E
E
E
E
E
E
E
E
E
E
E
E
E
E
E
E
E
E
E
E
E
E
E
E
E
E
E
E
E
E
E
E
E
E
E
E
E
E
E
E
E
E
E
E
E
E
E
E
E
E
E
E
E
E
E
E
E
E
E
E
E
E
E
E
E
E
E
E
E
E
E
E
E
E
E
E
E
E
E
E
E
E
E
E
E
E
E
E
E
E
E
E
E
E
E
E
E
E
E
E
E
E
E
E
E
E
E
E
E
E
E
E
E
E
E
E
E
E
E
E
E
E
E
E
E
E
E
E
E
E
E
E
E
E
E
E
E
E
E
E
E
E
E
E
E
E
E
E
E
E
E
E
E
E
E
E
E
E
E
E
E
E
E
E
E
E
E
E
E
E
E
E
E
E
E
E
E
E
E
E
E
E
E
E
E
E
E
E
E
E
E
E
E
E
E
E
E
E
E
E
E
E
E
E
E
E
E
E
E
E
E
E
E
E
E
E
E
E
E
E
E
E
E
E
E
E
E
E
E
E
E
E
E
E
E
E
E
E
E
E
E
E
E
E
E
E
E
E
E
E
E
E
E
E
E
E
E
E
E
E
E
E
E
E
E
E
E
E
E
E
E
E
E
E
E
E
E
E
E
E
E
E
E
E
E
E
E
E
E
E
E
E
E
E
E
E
E
E
E
E
E
E
E
E
E
E
E
E
E
E
E
E
E
E
E
E
E
E
E
E
E
E
E
E
E
E
E
E
E
E
E
E
E
E
E
E
E
E
E
E
E
E
E
E
E
E
E
E
E
E
E
E
E
E
E
E
E
E
E
E
E
E
E
E
E
E
E
E
E
E
E
E
E
E
E
E
E
E
E
E
E
E
E
E
E
E
E
E
E
E
E
E
E
E
E
E
E
E
E
E
E
E
E
E
E
E
E
E
E
E
E
E
E
E
E
E
E
E
E
E
E
E
E
E
E
E
E
E
E
E
E
E
E
E
E
E
E
E
E
E
E
E
E
E
E
E
E
E
E
E
E
E
E
E
E
E
E
E
E
E
E
E
E
E
E
E
E
E
E
E
E
E
E
E
E
E
E
E
E
E
E
E
E
E
E
E
E
E
E
E
E
E
E
E
E
E
E
E
E
E
E
E
E
E
E
E
E
E
E
E
E
E
E
E
E
E
E
E
E
E
E
E
E
E
E
E
E
E
E
E
E
E
E
E
E
E
E
E
E
E
E
E
E
E
E
E
E
E
E
E
E
E
E
E
E
E
E
E
E
E
E
E
E
E
E
E
E
E
E
E
E
E
E
E
E
E
E
E
E
E
E
E
E
E
E
E
E
E
E
E
E
E
E
E
E
E
E
E
E
E
E
E
E
E
E
E
E
E
E
E
E
E
E
E
E
E
E
E
E
E
E
E
E
E
E
E
E
E
E
E
E
E
E
E
E
E
E
E
E
E
E
E
E
E
E
E
E
E
E
E
E
E
E
E
E
E
E
E
E
E
E
E
E
E
E
E
E
E
E
E
E
E
E
E
E
E
E
E
E
E
E
E
E
E
E
E
E
E
E
E
E
E
E
E
E
E
E
E
E
E
E
E
E
E
E
E
E
E
E
E
E
E
E
E
E
E
E
E
E
E
E
E
E
E
E
E
E
E
E
E
E
E
E
E
E
E
E
E
E
E
E
E
E
E
E
E
E
E
E
E
E
E
E
E
E
E
E
E
E
E
E
E
E
E
E
E
E
E
E
E
E
E
E
E
E
E
E
E
E
E
E
E
E
E
E
E
E
E
E
E
E
E
E
E
E
E
E
E
E
E
E
E
E
E
E
E
E
E
E
E
E
E
E
E
E
E
E
E
E
E
E
E
E
E
E
E
E
E
E
E
E
E
E
E
E
E
E
E
E
E
E
E
E
E
E
E
E
E
E
E
E
E
E
E
E
E
E
E
E
E
E
E
E
E
E
E
E
E
E
E
E
E
E
E
E
E
E
E
E
E
E
E
E
E
E
E
E
E
E
E
E
E
E
E
E
E
E
E
E
E
E
E
E
E
E
E
E
E
E
E
E
E
E
E
E
E
E
E
E
E
E
E
E
E
E
E
E
E
E
E
E
E
E
E
E
E
E
E
E
E
E
E
E
E
E
E
E
E
E
E
E
E
E
E
E
E
E
E
E
E
E
E
E
E
E
E
E
E
E
E
E
E
E
E
E
E
E
E
E
E
E
E
E
E
E
E
E
E
E
E
E
E
E
E
E
E
E
E
E
E
E
E
E
E
E
E
E
E
E
E
E
E
E
E
E
E
E
E
E
E
E
E
E
E
E
E
E
E
E
E
E
E
E
E
E
E
E
E
E
E
E
E
E
E
E
E
E
E
E
E
E
E
E
E
E
E
E
E
E
E
E
E
E
E
E
E
E
E
E
E
E
E
E
E
E
E
E
E
E
E
E
E
E
E
E
E
E
E
E
E
E
E
E
E
E
E
E
E
E
E
E
E
E
E
E
E
E
E
E
E
E
E
E
E
E
E
E
E
E
E
E
E
E
E
E
E
E
E
E
E
E
E
E
E
E
E
E
E
E
E
E
E
E
E
E
E
E
E
E
E
E
E
E
E
E
E
E
E
E
E
E
E
E
E
E
E
E
E
E
E
E
E
E
E
E
E
E
E
E
E
E
E
E
E
E
E
E
E
E
E
E
E
E
E
E
E
E
E
E
E
E
E
E
E
E
E
E
E
E
E
E
E
E
E
E
E
E
E
E
E
E
E
E
E
E
E
E
E
E
E
E
E
E
E
E
E
E
E
E
E
E
E
E
E
E
E
E
E
E
E
E
E
E
E
E
E
E
E
E
E
E
E
E
E
E
E
E
E
E
E
E
E
E
E
E
E
E
E
E
E
E
E
E
E
E
E
E
E
E
E
E
E
E
E
E
E
E
E
E
E
E
E
E
E
E
E
E
E
E
E
E
E
E
E
E
E
E
E
E
E
E
E
E
E
E
E
E
E
E
E
E
E
E
E
E
E
E
E
E
E
E
E
E
E
E
E
E
E
E
E
E
E
E
E
E
E
E
E
E
E
E
E
E
E
E
E
E
E
E
E
E
E
E
E
E
E
E
E
E
E
E
E
E
E
E
E
E
E
E
E
E
E
E
E
E
E
E
E
E
E
E
E
E
E
E
E
E
E
E
E
E
E
E
E
E
E
E
E
E
E
E
E
E
E
E
E
E
E
E
E
E
E
E
E
E
E
E
E
E
E
E
E
E
E
E
E
E
E
E
E
E
E
E
E
E
E
E
E
E
E
E
E
E
E
E
E
E
E
E
E
E
E
E
E
E
E
E
E
E
E
E
E
E
E
E
E
E
E
E
E
E
E
E
E
E
E
E
E
E
E
E
E
E
E
E
E
E
E
E
E
E
E
E
E
E
E
E
E
E
E
E
E
E
E
E
E
E
E
E
E
E
E
E
E
E
E
E
E
E
E
E
E
E
E
E
E
E
E
E
E
E
E
E
E
E
E
E
E
E
E
E
E
E
E
E
E
E
E
E
E
E
E
E
E
E
E
E
E
E
E
E
E
E
E
E
E
E
E
E
E
E
E
E
E
E
E
E
E
E
E
E
E
E
E
E
E
E
E
E
E
E
E
E
E
E
E
E
E
E
E
E
E
E
E
E
E
E
E
E
E
E
E
E
E
E
E
E
E
E
E
E
E
E
E
E
E
E
E
E
E
E
E
E
E
E
E
E
E
E
E
E
E
E
E
E
E
E
E
E
E
E
E
E
E
E
E
E
E
E
E
E
E
E
E
E
E
E
E
E
E
E
E
E
E
E
E
E
E
E
E
E
E
E
E
E
E
E
E
E
E
E
E
E
E
E
E
E
E
E
E
E
E
E
E
E
E
E
E
E
E
E
E
E
E
E
E
E
E
E
E
E
E
E
E
E
E
E
E
E
E
E
E
E
E
E
E
E
E
E
E
E
E
E
E
E
E
E
E
E
E
E
E
E
E
E
E
E
E
E
E
E
E
E
E
E
E
E
E
E
E
E
E
E
E
E
E
E
E
E
E
E
E
E
E
E
E
E
E
E
E
E
E
E
E
E
E
E
E
E
E
E
E
E
E
E
E
E
E
E
E
E
E
E
E
E
E
E
E
E
E
E
E
E
E
E
E
E
E
E
E
E
E
E
E
E
E
E
E
E
E
E
E
E
E
E
E
E
E
E
E
E
E
E
E
E
E
E
E
E
E
E
E
E
E
E
E
E
E
E
E
E
E
E
E
E
E
E
E
E
E
E
E
E
E
E
E
E
E
E
E
E
E
E
E
E
E
E
E
E
E
E
E
E
E
E
E
E
E
E
E
E
E
E
E
E
E
E
E
E
E
E
E
E
E
E
E
E
E
E
E
E
E
E
E
E
E
E
E
E
E
E
E
E
E
E
E
E
E
E
E
E
E
E
E
E
E
E
E
E
E
E
E
E
E
E
E
E
E
E
E
E
E
E
E
E
E
E
E
E
E
E
E
E
E
E
E
E
E
E
E
E
E
E
E
E
E
E
E
E
E
E
E
E
E
E
E
E
E
E
E
E
E
E
E
E
E
E
E
E
E
E
E
E
E
E
E
E
E
E
E
E
E
E
E
E
E
E
E
E
E
E
E
E
E
E
E
E
E
E
E
E
E
E
E
E
E
E
E
E
E
E
E
E
E
E
E
E
E
E
E
E
E
E
E
E
E
E
E
E
E
E
E
E
E
E
E
E
E
E
E
E
E
E
E
E
E
E
E
E
E
E
E
E
E
E
E
E
E
E
E
E
E
E
E
E
E
E
E
E
E
E
E
E
E
E
E
E
E
E
E
E
E
E
E
E
E
E
E
E
E
E
E
E
E
E
E
E
E
E
E
E
E
E
E
E
E
E
E
E
E
E
E
E
E
E
E
E
E
E
E
E
E
E
E
E
E
E
E
E
E
E
E
E
E
E
E
E
E
E
E
E
E
E
E
E
E
E
E
E
E
E
E
E
E
E
E
E
E
E
E
E
E
E
E
E
E
E
E
E
E
E
E
E
E
E
E
E
E
E
E
E
E
E
E
E
E
E
E
E
E
E
E
E
E
E
E
E
E
E
E
E
E
E
E
E
E
E
E
E
E
E
E
E
E
E
E
E
E
E
E
E
E
E
E
E
E
E
E
E
E
E
E
E
E
E
E
E
E
E
E
E
E
E
E
E
E
E
E
E
E
E
E
E
E
E
E
E
E
E
E
E
E
E
E
E
E
E
E
E
E
E
E
E
E
E
E
E
E
E
E
E
E
E
E
E
E
E
E
E
E
E
E
E
E
E
E
E
E
E
E
E
E
E
E
E
E
E
E
E
E
E
E
E
E
E
E
E
E
E
E
E
E
E
E
E
E
E
E
E
E
E
E
E
E
E
E
E
E
E
E
E
E
E
E
E
E
E
E
E
E
E
E
E
E
E
E
E
E
E
E
E
E
E
E
E
E
E
E
E
E
E
E
E
E
E
E
E
E
E
E
E
E
E
E
E
E
E
E
E
E
E
E
E
E
E
E
E
E
E
E
E
E
E
E
E
E
E
E
E
E
E
E
E
E
E
E
E
E
E
E
E
E
E
E
E
E
E
E
E
E
E
E
E
E
E
E
E
E
E
E
E
E
E
E
E
E
E
E
E
E
E
E
E
E
E
E
E
E
E
E
E
E
E
E
E
E
E
E
E
E
E
E
E
E
E
E
E
E
E
E
E
E
E
E
E
E
E
E
E
E
E
E
E
E
E
E
E
E
E
E
E
E
E
E
E
E
E
E
E
E
E
E
E
E
E
E
E
E
E
E
E
E
E
E
E
E
E
E
E
E
E
E
E
E
E
E
E
E
E
E
E
E
E
E
E
E
E
E
E
E
E
E
E
E
E
E
E
E
E
E
E
E
E
E
E
E
E
E
E
E
E
E
E
E
E
E
E
E
E
E
E
E
E
E
E
E
E
E
E
E
E
E
E
E
E
E
E
E
E
E
E
E
E
E
E
E
E
E
E
E
E
E
E
E
E
E
E
E
E
E
E
E
E
E
E
E
E
E
E
E
E
E
E
E
E
E
E
E
E
E
E
E
E
E
E
E
E
E
E
E
E
E
E
E
E
E
E
E
E
E
E
E
E
E
E
E
E
E
E
E
E
E
E
E
E
E
E
E
E
E
E
E
E
E
E
E
E
E
E
E
E
E
E
E
E
E
E
E
E
E
E
E
E
E
E
E
E
E
E
E
E
E
E
E
E
E
E
E
E
E
E
E
E
E
E
E
E
E
E
E
E
E
E
E
E
E
E
E
E
E
E
E
E
E
E
E
E
E
E
E
E
E
E
E
E
E
E
E
E
E
E
E
E
E
E
E
E
E
E
E
E
E
E
E
E
E
E
E
E
E
E
E
E
E
E
E
E
E
E
E
E
E
E
E
E
E
E
E
E
E
E
E
E
E
E
E
E
E
E
E
E
E
E
E
E
E
E
E
E
E
E
E
E
E
E
E
E
E
E
E
E
E
E
E
E
E
E
E
E
E
E
E
E
E
E
E
E
E
E
E
E
E
E
E
E
E
E
E
E
E
E
E
E
E
E
E
E
E
E
E
E
E
E
E
E
E
E
E
E
E
E
E
E
E
E
E
E
E
E
E
E
E
E
E
E
E
E
E
E
E
E
E
E
E
E
E
E
E
E
E
E
E
E
E
E
E
E
E
E
E
E
E
E
E
E
E
E
E
E
E
E
E
E
E
E
E
E
E
E
E
E
E
E
E
E
E
E
E
E
E
E
E
E
E
E
E
E
E
E
E
E
E
E
E
E
E
E
E
E
E
E
E
E
E
E
E
E
E
E
E
E
E
E
E
E
E
E
E
E
E
E
E
E
E
E
E
E
E
E
E
E
E
E
E
E
E
E
E
E
E
E
E
E
E
E
E
E
E
E
E
E
E
E
E
E
E
E
E
E
E
E
E
E
E
E
E
E
E
E
E
E
E
E
E
E
E
E
E
E
E
E
E
E
E
E
E
E
E
E
E
E
E
E
E
E
E
E
E
E
E
E
E
E
E
E
E
E
E
E
E
E
E
E
E
E
E
E
E
E
E
E
E
E
E
E
E
E
E
E
E
E
E
E
E
E
E
E
E
E
E
E
E
E
E
E
E
E
E
E
E
E
E
E
E
E
E
E
E
E
E
E
E
E
E
E
E
E
E
E
E
E
E
E
E
E
E
E
E
E
E
E
E
E
E
E
E
E
E
E
E
E
E
E
E
E
E
E
E
E
E
E
E
E
E
E
E
E
E
E
E
E
E
E
E
E
E
E
E
E
E
E
E
E
E
E
E
E
E
E
E
E
E
E
E
E
E
E
E
E
E
E
E
E
E
E
E
E
E
E
E
E
E
E
E
E
E
E
E
E
E
E
E
E
E
E
E
E
E
E
E
E
E
E
E
E
E
E
E
E
E
E
E
E
E
E
E
E
E
E
E
E
E
E
E
E
E
E
E
E
E
E
E
E
E
E
E
E
E
E
E
E
E
E
E
E
E
E
E
E
E
E
E
E
E
E
E
E
E
E
E
E
E
E
E
E
E
E
E
E
E
E
E
E
E
E
E
E
E
E
E
E
E
E
E
E
E
E
E
E
E
E
E
E
E
E
E
E
E
E
E
E
E
E
E
E
E
E
E
E
E
E
E
E
E
E
E
E
E
E
E
E
E
E
E
E
E
E
E
E
E
E
E
E
E
E
E
E
E
E
E
E
E
E
E
E
E
E
E
E
E
E
E
E
E
E
E
E
E
E
E
E
E
E
E
E
E
E
E
E
E
E
E
E
E
E
E
E
E
E
E
E
E
E
E
E
E
E
E
E
E
E
E
E
E
E
E
E
E
E
E
E
E
E
E
E
E
E
E
E
E
E
E
E
E
E
E
E
E
E
E
E
E
E
E
E
E
E
E
E
E
E
E
E
E
E
E
E
E
E
E
E
E
E
E
E
E
E
E
E
E
E
E
E
E
E
E
E
E
E
E
E
E
E
E
E
E
E
E
E
E
E
E
E
E
E
E
E
E
E
E
E
E
E
E
E
E
E
E
E
E
E
E
E
E
E
E
E
E
E
E
E
E
E
E
E
E
E
E
E
E
E
E
E
E
E
E
E
E
E
E
E
E
E
E
E
E
E
E
E
E
E
E
E
E
E
E
E
E
E
E
E
E
E
E
E
E
E
E
E
E
E
E
E
E
E
E
E
E
E
E
E
E
E
E
E
E
E
E
E
E
E
E
E
E
E
E
E
E
E
E
E
E
E
E
E
E
E
E
E
E
E
E
E
E
E
E
E
E
E
E
E
E
E
E
E
E
E
E
E
E
E
E
E
E
E
E
E
E
E
E
E
E
E
E
E
E
E
E
E
E
E
E
E
E
E
E
E
E
E
E
E
E
E
E
E
E
E
E
E
E
E
E
E
E
E
E
E
E
E
E
E
E
E
E
E
E
E
E
E
E
E
E
E
E
E
E
E
E
E
E
E
E
E
E
E
E
E
E
E
E
E
E
E
E
E
E
E
E
E
E
E
E
E
E
E
E
E
E
E
E
E
E
E
E
E
E
E
E
E
E
E
E
E
E
E
E
E
E
E
E
E
E
E
E
E
E
E
E
E
E
E
E
E
E
E
E
E
E
E
E
E
E
E
E
E
E
E
E
E
E
E
E
E
E
E
E
E
E
E
E
E
E
E
E
E
E
E
E
E
E
E
E
E
E
E
E
E
E
E
E
E
E
E
E
E
E
E
E
E
E
E
E
E
E
E
E
E
E
E
E
E
E
E
E
E
E
E
E
E
E
E
E
E
E
E
E
E
E
E
E
E
E
E
E
E
E
E
E
E
E
E
E
E
E
E
E
E
E
E
E
E
E
E
E
E
E
E
E
E
E
E
E
E
E
E
E
E
E
E
E
E
E
E
E
E
E
E
E
E
E
E
E
E
E
E
E
E
E
E
E
E
E
E
E
E
E
E
E
E
E
E
E
E
E
E
E
E
E
E
E
E
E
E
E
E
E
E
E
E
E
E
E
E
E
E
E
E
E
E
E
E
E
E
E
E
E
E
E
E
E
E
E
E
E
E
E
E
E
E
E
E
E
E
E
E
E
E
E
E
E
E
E
E
E
E
E
E
E
E
E
E
E
E
E
E
E
E
E
E
E
E
E
E
E
E
E
E
E
E
E
E
E
E
E
E
E
E
E
E
E
E
E
E
E
E
E
E
E
E
E
E
E
E
E
E
E
E
E
E
E
E
E
E
E
E
E
E
E
E
E
E
E
E
E
E
E
E
E
E
E
E
E
E
E
E
E
E
E
E
E
E
E
E
E
E
E
E
E
E
E
E
E
E
E
E
E
E
E
E
E
E
E
E
E
E
E
E
E
E
E
E
E
E
E
E
E
E
E
E
E
E
E
E
E
E
E
E
E
E
E
E
E
E
E
E
E
E
E
E
E
E
E
E
E
E
E
E
E
E
E
E
E
E
E
E
E
E
E
E
E
E
E
E
E
E
E
E
E
E
E
E
E
E
E
E
E
E
E
E
E
E
E
E
E
E
E
E
E
E
E
E
E
E
E
E
E
E
E
E
E
E
E
E
E
E
E
E
E
E
E
E
E
E
E
E
E
E
E
E
E
E
E
E
E
E
E
E
E
E
E
E
E
E
E
E
E
E
E
E
E
E
E
E
E
E
E
E
E
E
E
E
E
E
E
E
E
E
E
E
E
E
E
E
E
E
E
E
E
E
E
E
E
E
E
E
E
E
E
E
E
E
E
E
E
E
E
E
E
E
E
E
E
E
E
E
E
E
E
E
E
E
E
E
E
E
E
E
E
E
E
E
E
E
E
E
E
E
E
E
E
E
E
E
E
E
E
E
E
E
E
E
E
E
E
E
E
E
E
E
E
E
E
E
E
E
E
E
E
E
E
E
E
E
E
E
E
E
E
E
E
E
E
E
E
E
E
E
E
E
E
E
E
E
E
E
E
E
E
E
E
E
E
E
E
E
E
E
E
E
E
E
E
E
E
E
E
E
E
E
E
E
E
E
E
E
E
E
E
E
E
E
E
E
E
E
E
E
E
E
E
E
E
E
E
E
E
E
E
E
E
E
E
E
E
E
E
E
E
E
E
E
E
E
E
E
E
E
E
E
E
E
E
E
E
E
E
E
E
E
E
E
E
E
E
E
E
E
E
E
E
E
E
E
E
E
E
E
E
E
E
E
E
E
E
E
E
E
E
E
E
E
E
E
E
E
E
E
E
E
E
E
E
E
E
E
E
E
E
E
E
E
E
E
E
E
E
E
E
E
E
E
E
E
E
E
E
E
E
E
E
E
E
E
E
E
E
E
E
E
E
E
E
E
E
E
E
E
E
E
E
E
E
E
E
E
E
E
E
E
E
E
E
E
E
E
E
E
E
E
E
E
E
E
E
E
E
E
E
E
E
E
E
E
E
E
E
E
E
E
E
E
E
E
E
E
E
E
E
E
E
E
E
E
E
E
E
E
E
E
E
E
E
E
E
E
E
E
E
E
E
E
E
E
E
E
E
E
E
E
E
E
E
E
E
E
E
E
E
E
E
E
E
E
E
E
E
E
E
E
E
E
E
E
E
E
E
E
E
E
E
E
E
E
E
E
E
E
E
E
E
E
E
E
E
E
E
E
E
E
E
E
E
E
E
E
E
E
E
E
E
E
E
E
E
E
E
E
E
E
E
E
E
E
E
E
E
E
E
E
E
E
E
E
E
E
E
E
E
E
E
E
E
E
E
E
E
E
E
E
E
E
E
E
E
E
E
E
E
E
E
E
E
E
E
E
E
E
E
E
E
E
E
E
E
E
E
E
E
E
E
E
E
E
E
E
E
E
E
E
E
E
E
E
E
E
E
E
E
E
E
E
E
E
E
E
E
E
E
E
E
E
E
E
E
E
E
E
E
E
E
E
E
E
E
E
E
E
E
E
E
E
E
E
E
E
E
E
E
E
E
E
E
E
E
E
E
E
E
E
E
E
E
E
E
E
E
E
E
E
E
E
E
E
E
E
E
E
E
E
E
E
E
E
E
E
E
E
E
E
E
E
E
E
E
E
E
E
E
E
E
E
E
E
E
E
E
E
E
E
E
E
E
E
E
E
E
E
E
E
E
E
E
E
E
E
E
E
E
E
E
E
E
E
E
E
E
E
E
E
E
E
E
E
E
E
E
E
E
E
E
E
E
E
E
E
E
E
E
E
E
E
E
E
E
E
E
E
E
E
E
E
E
E
E
E
E
E
E
E
E
E
E
E
E
E
E
E
E
E
E
E
E
E
E
E
E
E
E
E
E
E
E
E
E
E
E
E
E
E
E
E
E
E
E
E
E
E
E
E
E
E
E
E
E
E
E
E
E
E
E
E
E
E
E
E
E
E
E
E
E
E
E
E
E
E
E
E
E
E
E
E
E
E
E
E
E
E
E
E
E
E
E
E
E
E
E
E
E
E
E
E
E
E
E
E
E
E
E
E
E
E
E
E
E
E
E
E
E
E
E
E
E
E
E
E
E
E
E
E
E
E
E
E
E
E
E
E
E
E
E
E
E
E
E
E
E
E
E
E
E
E
E
E
E
E
E
E
E
E
E
E
E
E
E
E
E
E
E
E
E
E
E
E
E
E
E
E
E
E
E
E
E
E
E
E
E
E
E
E
E
E
E
E
E
E
E
E
E
E
E
E
E
E
E
E
E
E
E
E
E
E
E
E
E
E
E
E
E
E
E
E
E
E
E
E
E
E
E
E
E
E
E
E
E
E
E
E
E
E
E
E
E
E
E
E
E
E
E
E
E
E
E
E
E
E
E
E
E
E
E
E
E
E
E
E
E
E
E
E
E
E
E
E
E
E
E
E
E
E
E
E
E
E
E
E
E
E
E
E
E
E
E
E
E
E
E
E
E
E
E
E
E
E
E
E
E
E
E
E
E
E
E
E
E
E
E
E
E
E
E
E
E
E
E
E
E
E
E
E
E
E
E
E
E
E
E
E
E
E
E
E
E
E
E
E
E
E
E
E
E
E
E
E
E
E
E
E
E
E
E
E
E
E
E
E
E
E
E
E
E
E
E
E
E
E
E
E
E
E
E
E
E
E
E
E
E
E
E
E
E
E
E
E
E
E
E
E
E
E
E
E
E
E
E
E
E
E
E
E
E
E
E
E
E
E
E
E
E
E
E
E
E
E
E
E
E
E
E
E
E
E
E
E
E
E
E
E
E
E
E
E
E
E
E
E
E
E
E
E
E
E
E
E
E
E
E
E
E
E
E
E
E
E
E
E
E
E
E
E
E
E
E
E
E
E
E
E
E
E
E
E
E
E
E
E
E
E
E
E
E
E
E
E
E
E
E
E
E
E
E
E
E
E
E
E
E
E
E
E
E
E
E
E
E
E
E
E
E
E
E
E
E
E
E
E
E
E
E
E
E
E
E
E
E
E
E
E
E
E
E
E
E
E
E
E
E
E
E
E
E
E
E
E
E
E
E
E
E
E
E
E
E
E
E
E
E
E
E
E
E
E
E
E
E
E
E
E
E
E
E
E
E
E
E
E
E
E
E
E
E
E
E
E
E
E
E
E
E
E
E
E
E
E
E
E
E
E
E
E
E
E
E
E
E
E
E
E
E
E
E
E
E
E
E
E
E
E
E
E
E
E
E
E
E
E
E
E
E
E
E
E
E
E
E
E
E
E
E
E
E
E
E
E
E
E
E
E
E
E
E
E
E
E
E
E
E
E
E
E
E
E
E
E
E
E
E
E
E
E
E
E
E
E
E
E
E
E
E
E
E
E
E
E
E
E
E
E
E
E
E
E
E
E
E
E
E
E
E
E
E
E
E
E
E
E
E
E
E
E
E
E
E
E
E
E
E
E
E
E
E
E
E
E
E
E
E
E
E
E
E
E
E
E
E
E
E
E
E
E
E
E
E
E
E
E
E
E
E
E
E
E
E
E
E
E
E
E
E
E
E
E
E
E
E
E
E
E
E
E
E
E
E
E
E
E
E
E
E
E
E
E
E
E
E
E
E
E
E
E
E
E
E
E
E
E
E
E
E
E
E
E
E
E
E
E
E
E
E
E
E
E
E
E
E
E
E
E
E
E
E
E
E
E
E
E
E
E
E
E
E
E
E
E
E
E
E
E
E
E
E
E
E
E
E
E
E
E
E
E
E
E
E
E
E
E
E
E
E
E
E
E
E
E
E
E
E
E
E
E
E
E
E
E
E
E
E
E
E
E
E
E
E
E
E
E
E
E
E
E
E
E
E
E
E
E
E
E
E
E
E
E
E
E
E
E
E
E
E
E
E
E
E
E
E
E
E
E
E
E
E
E
E
E
E
E
E
E
E
E
E
E
E
E
E
E
E
E
E
E
E
E
E
E
E
E
E
E
E
E
E
E
E
E
E
E
E
E
E
E
E
E
E
E
E
E
E
E
E
E
E
E
E
E
E
E
E
E
E
E
E
E
E
E
E
E
E
E
E
E
E
E
E
E
E
E
E
E
E
E
E
E
E
E
E
E
E
E
E
E
E
E
E
E
E
E
E
E
E
E
E
E
E
E
E
E
E
E
E
E
E
E
E
E
E
E
E
E
E
E
E
E
E
E
E
E
E
E
E
E
E
E
E
E
E
E
E
E
E
E
E
E
E
E
E
E
E
E
E
E
E
E
E
E
E
E
E
E
E
E
E
E
E
E
E
E
E
E
E
E
E
E
E
E
E
E
E
E
E
E
E
E
E
E
E
E
E
E
E
E
E
E
E
E
E
E
E
E
E
E
E
E
E
E
E
E
E
E
E
E
E
E
E
E
E
E
E
E
E
E
E
E
E
E
E
E
E
E
E
E
E
E
E
E
E
E
E
E
E
E
E
E
E
E
E
E
E
E
E
E
E
E
E
E
E
E
E
E
E
E
E
E
E
E
E
E
E
E
E
E
E
E
E
E
E
E
E
E
E
E
E
E
E
E
E
E
E
E
E
E
E
E
E
E
E
E
E
E
E
E
E
E
E
E
E
E
E
E
E
E
E
E
E
E
E
E
E
E
E
E
E
E
E
E
E
E
E
E
E
E
E
E
E
E
E
E
E
E
E
E
E
E
E
E
E
E
E
E
E
E
E
E
E
E
E
E
E
E
E
E
E
E
E
E
E
E
E
E
E
E
E
E
E
E
E
E
E
E
E
E
E
E
E
E
E
E
E
E
E
E
E
E
E
E
E
E
E
E
E
E
E
E
E
E
E
E
E
E
E
E
E
E
E
E
E
E
E
E
E
E
E
E
E
E
E
E
E
E
E
E
E
E
E
E
E
E
E
E
E
E
E
E
E
E
E
E
E
E
E
E
E
E
E
E
E
E
E
E
E
E
E
E
E
E
E
E
E
E
E
E
E
E
E
E
E
E
E
E
E
E
E
E
E
E
E
E
E
E
E
E
E
E
E
E
E
E
E
E
E
E
E
E
E
E
E
E
E
E
E
E
E
E
E
E
E
E
E
E
E
E
E
E
E
E
E
E
E
E
E
E
E
E
E
E
E
E
E
E
E
E
E
E
E
E
E
E
E
E
E
E
E
E
E
E
E
E
E
E
E
E
E
E
E
E
E
E
E
E
E
E
E
E
E
E
E
E
E
E
E
E
E
E
E
E
E
E
E
E
E
E
E
E
E
E
E
E
E
E
E
E
E
E
E
E
E
E
E
E
E
E
E
E
E
E
E
E
E
E
E
E
E
E
E
E
E
E
E
E
E
E
E
E
E
E
E
E
E
E
E
E
E
E
E
E
E
E
E
E
E
E
E
E
E
E
E
E
E
E
E
E
E
E
E
E
E
E
E
E
E
E
E
E
E
E
E
E
E
E
E
E
E
E
E
E
E
E
E
E
E
E
E
E
E
E
E
E
E
E
E
E
E
E
E
E
E
E
E
E
E
E
E
E
E
E
E
E
E
E
E
E
E
E
E
E
E
E
E
E
E
E
E
E
E
E
E
E
E
E
E
E
E
E
E
E
E
E
E
E
E
E
E
E
E
E
E
E
E
E
E
E
E
E
E
E
E
E
E
E
E
E
E
E
E
E
E
E
E
E
E
E
E
E
E
E
E
E
E
E
E
E
E
E
E
E
E
E
E
E
E
E
E
E
E
E
E
E
E
E
E
E
E
E
E
E
E
E
E
E
E
E
E
E
E
E
E
E
E
E
E
E
E
E
E
E
E
E
E
E
E
E
E
E
E
E
E
E
E
E
E
E
E
E
E
E
E
E
E
E
E
E
E
E
E
E
E
E
E
E
E
E
E
E
E
E
E
E
E
E
E
E
E
E
E
E
E
E
E
E
E
E
E
E
E
E
E
E
E
E
E
E
E
E
E
E
E
E
E
E
E
E
E
E
E
E
E
E
E
E
E
E
E
E
E
E
E
E
E
E
E
E
E
E
E
E
E
E
E
E
E
E
E
E
E
E
E
E
E
E
E
E
E
E
E
E
E
E
E
E
E
E
E
E
E
E
E
E
E
E
E
E
E
E
E
E
E
E
E
E
E
E
E
E
E
E
E
E
E
E
E
E
E
E
E
E
E
E
E
E
E
E
E
E
E
E
E
E
E
E
E
E
E
E
E
E
E
E
E
E
E
E
E
E
E
E
E
E
E
E
E
E
E
E
E
E
E
E
E
E
E
E
E
E
E
E
E
E
E
E
E
E
E
E
E
E
E
E
E
E
E
E
E
E
E
E
E
E
E
E
E
E
E
E
E
E
E
E
E
E
E
E
E
E
E
E
E
E
E
E
E
E
E
E
E
E
E
E
E
E
E
E
E
E
E
E
E
E
E
E
E
E
E
E
E
E
E
E
E
E
E
E
E
E
E
E
E
E
E
E
E
E
E
E
E
E
E
E
E
E
E
E
E
E
E
E
E
E
E
E
E
E
E
E
E
E
E
E
E
E
E
E
E
E
E
E
E
E
E
E
E
E
E
E
E
E
E
E
E
E
E
E
E
E
E
E
E
E
E
E
E
E
E
E
E
E
E
E
E
E
E
E
E
E
E
E
E
E
E
E
E
E
E
E
E
E
E
E
E
E
E
E
E
E
E
E
E
E
E
E
E
E
E
E
E
E
E
E
E
E
E
E
E
E
E
E
E
E
E
E
E
E
E
E
E
E
E
E
E
E
E
E
E
E
E
E
E
E
E
E
E
E
E
E
E
E
E
E
E
E
E
E
E
E
E
E
E
E
E
E
E
E
E
E
E
E
E
E
E
E
E
E
E
E
E
E
E
E
E
E
E
E
E
E
E
E
E
E
E
E
E
E
E
E
E
E
E
E
E
E
E
E
E
E
E
E
E
E
E
E
E
E
E
E
E
E
E
E
E
E
E
E
E
E
E
E
E
E
E
E
E
E
E
E
E
E
E
E
E
E
E
E
E
E
E
E
E
E
E
E
E
E
E
E
E
E
E
E
E
E
E
E
E
E
E
E
E
E
E
E
E
E
E
E
E
E
E
E
E
E
E
E
E
E
E
E
E
E
E
E
E
E
E
E
E
E
E
E
E
E
E
E
E
E
E
E
E
E
E
E
E
E
E
E
E
E
E
E
E
E
E
E
E
E
E
E
E
E
E
E
E
E
E
E
E
E
E
E
E
E
E
E
E
E
E
E
E
E
E
E
E
E
E
E
E
E
E
E
E
E
E
E
E
E
E
E
E
E
E
E
E
E
E
E
E
E
E
E
E
E
E
E
E
E
E
E
E
E
E
E
E
E
E
E
E
E
E
E
E
E
E
E
E
E
E
E
E
E
E
E
E
E
E
E
E
E
E
E
E
E
E
E
E
E
E
E
E
E
E
E
E
E
E
E
E
E
E
E
E
E
E
E
E
E
E
E
E
E
E
E
E
E
E
E
E
E
E
E
E
E
E
E
E
E
E
E
E
E
E
E
E
E
E
E
E
E
E
E
E
E
E
E
E
E
E
E
E
E
E
E
E
E
E
E
E
E
E
E
E
E
E
E
E
E
E
E
E
E
E
E
E
E
E
E
E
E
E
E
E
E
E
E
E
E
E
E
E
E
E
E
E
E
E
E
E
E
E
E
E
E
E
E
E
E
E
E
E
E
E
E
E
E
E
E
E
E
E
E
E
E
E
E
E
E
E
E
E
E
E
E
E
E
E
E
E
E
E
E
E
E
E
E
E
E
E
E
E
E
E
E
E
E
E
E
E
E
E
E
E
E
E
E
E
E
E
E
E
E
E
E
E
E
E
E
E
E
E
E
E
E
E
E
E
E
E
E
E
E
E
E
E
E
E
E
E
E
E
E
E
E
E
E
E
E
E
E
E
E
E
E
E
E
E
E
E
E
E
E
E
E
E
E
E
E
E
E
E
E
E
E
E
E
E
E
E
E
E
E
E
E
E
E
E
E
E
E
E
E
E
E
E
E
E
E
E
E
E
E
E
E
E
E
E
E
E
E
E
E
E
E
E
E
E
E
E
E
E
E
E
E
E
E
E
E
E
E
E
E
E
E
E
E
E
E
E
E
E
E
E
E
E
E
E
E
E
E
E
E
E
E
E
E
E
E
E
E
E
E
E
E
E
E
E
E
E
E
E
E
E
E
E
E
E
E
E
E
E
E
E
E
E
E
E
E
E
E
E
E
E
E
E
E
E
E
E
E
E
E
E
E
E
E
E
E
E
E
E
E
E
E
E
E
E
E
E
E
E
E
E
E
E
E
E
E
E
E
E
E
E
E
E
E
E
E
E
E
E
E
E
E
E
E
E
E
E
E
E
E
E
E
E
E
E
E
E
E
E
E
E
E
E
E
E
E
E
E
E
E
E
E
E
E
E
E
E
E
E
E
E
E
E
E
E
E
E
E
E
E
E
E
E
E
E
E
E
E
E
E
E
E
E
E
E
E
E
E
E
E
E
E
E
E
E
E
E
E
E
E
E
E
E
E
E
E
E
E
E
E
E
E
E
E
E
E
E
E
E
E
E
E
E
E
E
E
E
E
E
E
E
E
E
E
E
E
E
E
E
E
E
E
E
E
E
E
E
E
E
E
E
E
E
E
E
E
E
E
E
E
E
E
E
E
E
E
E
E
E
E
E
E
E
E
E
E
E
E
E
E
E
E
E
E
E
E
E
E
E
E
E
E
E
E
E
E
E
E
E
E
E
E
E
E
E
E
E
E
E
E
E
E
E
E
E
E
E
E
E
E
E
E
E
E
E
E
E
E
E
E
E
E
E
E
E
E
E
E
E
E
E
E
E
E
E
E
E
E
E
E
E
E
E
E
E
E
E
E
E
E
E
E
E
E
E
E
E
E
E
E
E
E
E
E
E
E
E
E
E
E
E
E
E
E
E
E
E
E
E
E
E
E
E
E
E
E
E
E
E
E
E
E
E
E
E
E
E
E
E
E
E
E
E
E
E
E
E
E
E
E
E
E
E
E
E
E
E
E
E
E
E
E
E
E
E
E
E
E
E
E
E
E
E
E
E
E
E
E
E
E
E
E
E
E
E
E
E
E
E
E
E
E
E
E
E
E
E
E
E
E
E
E
E
E
E
E
E
E
E
E
E
E
E
E
E
E
E
E
E
E
E
E
E
E
E
E
E
E
E
E
E
E
E
E
E
E
E
E
E
E
E
E
E
E
E
E
E
E
E
E
E
E
E
E
E
E
E
E
E
E
E
E
E
E
E
E
E
E
E
E
E
E
E
E
E
E
E
E
E
E
E
E
E
E
E
E
E
E
E
E
E
E
E
E
E
E
E
E
E
E
E
E
E
E
E
E
E
E
E
E
E
E
E
E
E
E
E
E
E
E
E
E
E
E
E
E
E
E
E
E
E
E
E
E
E
E
E
E
E
E
E
E
E
E
E
E
E
E
E
E
E
E
E
E
E
E
E
E
E
E
E
E
E
E
E
E
E
E
E
E
E
E
E
E
E
E
E
E
E
E
E
E
E
E
E
E
E
E
E
E
E
E
E
E
E
E
E
E
E
E
E
E
E
E
E
E
E
E
E
E
E
E
E
E
E
E
E
E
E
E
E
E
E
E
E
E
E
E
E
E
E
E
E
E
E
E
E
E
E
E
