batch_then_drain 8192 23
I       7028         0
I       6157         1
I       6056         2
I       3950         3
I       3600         4
I       3405         5
I       1686         6
I        116         7
I       4348         8
I       2509         9
I        666        10
I         12        11
I       7003        12
I       4063        13
I       6560        14
I       3022        15
I       5293        16
I       2333        17
I       6596        18
I        199        19
I         54        20
I       6190        21
I       5860        22
I       6414        23
I       3135        24
I         43        25
I       3923        26
I        796        27
I       2358        28
I       6167        29
I       7425        30
I       3996        31
I       3819        32
I       3716        33
I       6692        34
I       4916        35
I       2448        36
I       2901        37
I       7321        38
I       6045        39
I       1866        40
I       3089        41
I       6046        42
I       7583        43
I       3982        44
I       5772        45
I       6988        46
I       8034        47
I       5389        48
I       6682        49
I       7533        50
I       4131        51
I       4046        52
I        122        53
I       2489        54
I        561        55
I       3438        56
I       6444        57
I       1366        58
I       3225        59
I       4935        60
I       5413        61
I        797        62
I       6862        63
I       6944        64
I       7989        65
I        485        66
I       3257        67
I       5532        68
I       7828        69
I       2137        70
I       1793        71
I       3057        72
I       5081        73
I       2271        74
I       7208        75
I        236        76
I       1734        77
I       5138        78
I       7715        79
I       1700        80
I       6916        81
I       3909        82
I       7703        83
I       3112        84
I        735        85
I       7638        86
I       3476        87
I       5143        88
I       4610        89
I       1999        90
I       1897        91
I       7470        92
I       6843        93
I       5925        94
I       5028        95
I       2975        96
I        464        97
I       5460        98
I       5953        99
I       4830       100
I       1420       101
I       8052       102
I       5178       103
I       1882       104
I       4088       105
I       7066       106
I       5629       107
I       1801       108
I       3144       109
I       3738       110
I       3679       111
I       7069       112
I       4186       113
I       1208       114
I       7257       115
I       7477       116
I       1022       117
I       6504       118
I       2413       119
I       7191       120
I       4483       121
I       3466       122
I       1601       123
I       5999       124
I       7855       125
I        229       126
I       7392       127
I       7598       128
I       3021       129
I       6895       130
I        210       131
I        142       132
I       5243       133
I        867       134
I       5991       135
I       7512       136
I       2386       137
I       3330       138
I        418       139
I       3860       140
I        619       141
I       4078       142
I       4082       143
I        430       144
I       3159       145
I       7337       146
I       3512       147
I       1058       148
I          7       149
I       6009       150
I       4790       151
I       6947       152
I       6355       153
I       7731       154
I       1480       155
I       4145       156
I       1864       157
I        270       158
I       6200       159
I        178       160
I       5548       161
I       3951       162
I        334       163
I       4981       164
I       2461       165
I       7737       166
I       6397       167
I       7731       168
I       3613       169
I       4717       170
I       3326       171
I       6397       172
I        701       173
I       5439       174
I       5915       175
I        644       176
I       3806       177
I       1340       178
I       4623       179
I       1220       180
I       6922       181
I       5352       182
I        565       183
I       5414       184
I       7524       185
I       2394       186
I       1044       187
I       5495       188
I       5255       189
I       5474       190
I       7894       191
I       7909       192
I        603       193
I       6264       194
I       4603       195
I        757       196
I       2671       197
I       2876       198
I       3905       199
I       4643       200
I       5228       201
I       2996       202
I       5619       203
I       3579       204
I       3125       205
I       3056       206
I       5571       207
I       7368       208
I       6033       209
I       3163       210
I       6031       211
I       5379       212
I       2962       213
I       2594       214
I       8131       215
I       1041       216
I       7619       217
I       4447       218
I       5681       219
I       4159       220
I       5559       221
I        936       222
I       1424       223
I       4898       224
I       6405       225
I       7705       226
I        200       227
I       7299       228
I       7570       229
I       1728       230
I       2914       231
I       1077       232
I       6586       233
I       4818       234
I        651       235
I       4487       236
I       6239       237
I       7388       238
I       1553       239
I       5243       240
I       1168       241
I       6227       242
I       3995       243
I       4463       244
I       5453       245
I       4287       246
I       2479       247
I       4947       248
I       7525       249
I       2838       250
I       7289       251
I       1858       252
I       1235       253
I       3459       254
I       6083       255
I       2024       256
I       4695       257
I       1615       258
I       5090       259
I       2170       260
I       7160       261
I       4467       262
I       1202       263
I       3751       264
I       1263       265
I       3333       266
I       2644       267
I       2119       268
I        519       269
I        434       270
I       3759       271
I        558       272
I       3548       273
I       2446       274
I       1925       275
I       7945       276
I       6116       277
I        841       278
I        128       279
I       7089       280
I        783       281
I       6340       282
I       8104       283
I       5515       284
I        639       285
I       3954       286
I       3299       287
I       6430       288
I        830       289
I       2530       290
I       3174       291
I       2262       292
I       4074       293
I       1021       294
I        188       295
I       7849       296
I       1732       297
I       4835       298
I       8107       299
I       8184       300
I       1274       301
I       2056       302
I       2801       303
I       3144       304
I       1361       305
I       5616       306
I       3755       307
I        439       308
I       1129       309
I       1926       310
I       6775       311
I       1081       312
I        546       313
I       7664       314
I         48       315
I       1960       316
I       7136       317
I        804       318
I       1461       319
I       4934       320
I       3596       321
I       5676       322
I       6647       323
I       6652       324
I       7214       325
I       7549       326
I       3725       327
I       4365       328
I       2305       329
I       1886       330
I       3046       331
I       7254       332
I       8152       333
I       6874       334
I       5374       335
I       4047       336
I       4262       337
I       2283       338
I       1857       339
I       2648       340
I       3481       341
I       7949       342
I       7653       343
I       6306       344
I       6674       345
I       5621       346
I       3425       347
I       5236       348
I       7148       349
I       5420       350
I       1696       351
I       6804       352
I       6879       353
I       7284       354
I       7258       355
I       3500       356
I       5931       357
I        813       358
I        573       359
I       7614       360
I       1224       361
I       4248       362
I       2153       363
I       3147       364
I       5055       365
I       6957       366
I       7116       367
I       7779       368
I       3824       369
I       7297       370
I       6242       371
I       5934       372
I       5702       373
I       2931       374
I       5022       375
I       4667       376
I       5014       377
I       4704       378
I        616       379
I       1507       380
I       4803       381
I       4218       382
I       1596       383
I       3628       384
I       4487       385
I       3610       386
I       3381       387
I       1526       388
I       4849       389
I       6503       390
I       1091       391
I       1615       392
I       1499       393
I       6517       394
I       1463       395
I       6914       396
I       4877       397
I       7675       398
I        798       399
I       1865       400
I       7614       401
I       2559       402
I       3224       403
I       7187       404
I       4207       405
I       4526       406
I       6074       407
I        145       408
I       2039       409
I       6539       410
I       2065       411
I       8153       412
I       4045       413
I        376       414
I       1881       415
I        575       416
I       4276       417
I        227       418
I       4198       419
I       8093       420
I        780       421
I       3598       422
I          4       423
I       1239       424
I       3459       425
I       3250       426
I       2226       427
I       2866       428
I       2597       429
I       3950       430
I       1174       431
I       5718       432
I       2150       433
I       5390       434
I       2688       435
I       5970       436
I        319       437
I       6136       438
I       2604       439
I       4072       440
I       5560       441
I       3492       442
I       2282       443
I       5041       444
I       5840       445
I       5830       446
I       6118       447
I       2742       448
I       1515       449
I       3776       450
I        382       451
I       6550       452
I       6683       453
I       1269       454
I       5408       455
I         19       456
I       1436       457
I       3440       458
I       2058       459
I       5518       460
I       5803       461
I       7832       462
I       1749       463
I       4423       464
I       1499       465
I       3603       466
I       1412       467
I       6407       468
I       4231       469
I        507       470
I       4607       471
I       7453       472
I       2447       473
I       2685       474
I       6038       475
I       1460       476
I       1429       477
I       6528       478
I         64       479
I       3792       480
I       2208       481
I       3773       482
I       5679       483
I       3296       484
I       7782       485
I       1745       486
I        338       487
I       6199       488
I       3586       489
I       4680       490
I       4152       491
I       3782       492
I       4948       493
I        275       494
I       7316       495
I       6621       496
I       3130       497
I       1747       498
I       7005       499
I        183       500
I       5229       501
I       4584       502
I       4786       503
I       5603       504
I       7388       505
I       3404       506
I       3797       507
I       2796       508
I       5608       509
I       7700       510
I       1925       511
I       8078       512
I       3838       513
I       5336       514
I       5308       515
I       1867       516
I       2808       517
I       3013       518
I       6122       519
I       4654       520
I       3511       521
I       4088       522
I       2552       523
I       4643       524
I       4336       525
I       2883       526
I       2964       527
I       1683       528
I       6109       529
I       7014       530
I       2583       531
I       7909       532
I        129       533
I       2828       534
I       7488       535
I       4164       536
I       8114       537
I       1929       538
I       2299       539
I       7787       540
I       3796       541
I         97       542
I       2598       543
I       7858       544
I       3100       545
I        751       546
I       7617       547
I       1836       548
I       4789       549
I       3117       550
I       7773       551
I       6862       552
I       1632       553
I       3565       554
I       6954       555
I       2635       556
I       5364       557
I       2930       558
I       5858       559
I       4740       560
I       5204       561
I       7172       562
I       5951       563
I       1597       564
I       5894       565
I        153       566
I       3873       567
I       7616       568
I         84       569
I       2285       570
I       3529       571
I       3125       572
I       2276       573
I       6006       574
I       6116       575
I        280       576
I       2724       577
I       3018       578
I       5403       579
I       2824       580
I       7604       581
I        923       582
I       4850       583
I       6129       584
I       3331       585
I       6216       586
I       4678       587
I       3836       588
I       7124       589
I       5097       590
I       6009       591
I       8165       592
I       4547       593
I       1136       594
I        350       595
I       1176       596
I       1746       597
I       5344       598
I        516       599
I       4345       600
I       2348       601
I       1765       602
I       7951       603
I       3501       604
I       5536       605
I       7075       606
I       7705       607
I       2256       608
I       5859       609
I       6075       610
I       6424       611
I       5282       612
I       1426       613
I       3688       614
I       4023       615
I       1408       616
I       4238       617
I       3648       618
I       4387       619
I        657       620
I        144       621
I       2981       622
I       8031       623
I       7219       624
I       5163       625
I       5006       626
I       1545       627
I       7090       628
I       5153       629
I       2625       630
I       3197       631
I       3064       632
I        201       633
I       5817       634
I       4768       635
I       6161       636
I       1454       637
I       6485       638
I       6860       639
I       7301       640
I       3803       641
I       3179       642
I       2432       643
I       4407       644
I       2295       645
I       7195       646
I       5118       647
I       6380       648
I       3115       649
I       6234       650
I       2575       651
I       6410       652
I       1831       653
I       7259       654
I       6877       655
I         95       656
I       3883       657
I       5081       658
I       7931       659
I       4715       660
I       1342       661
I       4126       662
I       2306       663
I       7919       664
I       3838       665
I       3167       666
I       2301       667
I       2495       668
I       8068       669
I       5866       670
I       4709       671
I       5446       672
I       2660       673
I       5705       674
I       2434       675
I       5400       676
I       6989       677
I       5670       678
I       5910       679
I         57       680
I       2712       681
I       8144       682
I       6387       683
I        335       684
I       7209       685
I       5692       686
I       2047       687
I       1445       688
I       3454       689
I       3285       690
I       5767       691
I       6269       692
I       5744       693
I       5761       694
I       4360       695
I       2477       696
I       2759       697
I       4718       698
I       1151       699
I       7984       700
I       2980       701
I       2640       702
I       6501       703
I       4390       704
I       7318       705
I       1913       706
I        142       707
I       5025       708
I       2989       709
I       1935       710
I       2015       711
I       6979       712
I       2799       713
I       7259       714
I        407       715
I        976       716
I       6016       717
I       3662       718
I       1790       719
I       7143       720
I       3648       721
I       2626       722
I       4945       723
I       3617       724
I       7345       725
I       2914       726
I       7709       727
I       6764       728
I       4803       729
I       7141       730
I       5321       731
I       5910       732
I       5414       733
I       7692       734
I       5445       735
I        302       736
I       6735       737
I       1908       738
I       3869       739
I       6867       740
I       2478       741
I       6523       742
I       6006       743
I       4828       744
I       4315       745
I       5479       746
I          9       747
I       7844       748
I       1581       749
I       6581       750
I       7379       751
I       3384       752
I       5447       753
I       2830       754
I       2234       755
I       6336       756
I       5437       757
I       1125       758
I       5657       759
I       5241       760
I       2833       761
I       7122       762
I        918       763
I       3000       764
I       1635       765
I       5588       766
I       5621       767
I       3639       768
I       1311       769
I       2577       770
I       3547       771
I       2363       772
I       2206       773
I       7988       774
I       6425       775
I        933       776
I       3482       777
I       3145       778
I       3346       779
I       2417       780
I       3859       781
I        962       782
I         71       783
I       3969       784
I       5647       785
I       4350       786
I       1062       787
I        360       788
I       4522       789
I       8041       790
I       6999       791
I       2781       792
I       3041       793
I       7012       794
I       5039       795
I       2021       796
I       2071       797
I       5089       798
I       6592       799
I       4298       800
I       7905       801
I       4058       802
I       4522       803
I         71       804
I       6385       805
I       3107       806
I       7183       807
I       7736       808
I       3476       809
I        442       810
I       1017       811
I        280       812
I       2428       813
I       4806       814
I       6035       815
I       1256       816
I       8156       817
I        598       818
I       7746       819
I       5918       820
I       4600       821
I       7533       822
I       5708       823
I       7687       824
I       6717       825
I       3288       826
I        554       827
I       1317       828
I       1164       829
I       5146       830
I       2439       831
I       3273       832
I       3328       833
I       5725       834
I        577       835
I        936       836
I        450       837
I       1578       838
I       3533       839
I       2464       840
I       7928       841
I       7010       842
I       1091       843
I       1524       844
I       1892       845
I       7271       846
I       5316       847
I       1422       848
I       3284       849
I        945       850
I       4313       851
I        757       852
I       3908       853
I       1516       854
I       2935       855
I       1426       856
I       1625       857
I         26       858
I       1945       859
I        381       860
I       3183       861
I       7370       862
I       3024       863
I       2949       864
I       2951       865
I       4478       866
I       5916       867
I       3133       868
I       6680       869
I       3948       870
I       7214       871
I       4233       872
I       2840       873
I       6514       874
I       6436       875
I       3260       876
I       2519       877
I       4482       878
I       7468       879
I        317       880
I       6775       881
I       4554       882
I       7449       883
I        325       884
I       7468       885
I       4633       886
I       2170       887
I       6396       888
I       2329       889
I       2965       890
I       2319       891
I       1591       892
I       5283       893
I       5674       894
I       2786       895
I       2221       896
I       2984       897
I       2017       898
I        350       899
I       2621       900
I        993       901
I        796       902
I       3801       903
I       6988       904
I       2616       905
I        299       906
I       7584       907
I       1575       908
I       1242       909
I       1444       910
I        271       911
I       1126       912
I       6355       913
I       1875       914
I       4854       915
I       7626       916
I       1809       917
I       2785       918
I       5953       919
I       5342       920
I       3669       921
I       7591       922
I       4220       923
I       3677       924
I       7714       925
I       4517       926
I       2097       927
I       4909       928
I       4378       929
I       2728       930
I       1544       931
I       4452       932
I       5475       933
I       3031       934
I       7526       935
I        304       936
I       7548       937
I       2343       938
I       2598       939
I       3986       940
I        217       941
I       3682       942
I       3105       943
I       1502       944
I       1131       945
I       5629       946
I       5207       947
I       5805       948
I       2274       949
I       2569       950
I       3128       951
I       2468       952
I       4921       953
I       3434       954
I        912       955
I       4005       956
I       1212       957
I       4803       958
I       1189       959
I       6010       960
I       6206       961
I       3055       962
I       6859       963
I       1975       964
I       6732       965
I       1986       966
I       4853       967
I       4789       968
I       6610       969
I       5345       970
I       2077       971
I        404       972
I       1634       973
I       6097       974
I       7279       975
I       7870       976
I       3733       977
I       5261       978
I       8072       979
I       2545       980
I       5206       981
I       5242       982
I       2983       983
I       1033       984
I       7378       985
I       3556       986
I       3345       987
I       1749       988
I       8091       989
I       2017       990
I       2262       991
I       1140       992
I       2537       993
I       6516       994
I       3082       995
I       5110       996
I       4567       997
I       6889       998
I       6988       999
I       6210      1000
I       3635      1001
I       2275      1002
I       6572      1003
I       3015      1004
I        765      1005
I       7065      1006
I        873      1007
I       4771      1008
I       7390      1009
I       7751      1010
I       3843      1011
I       3182      1012
I       2423      1013
I       4554      1014
I       4588      1015
I       7196      1016
I       5234      1017
I       4583      1018
I        212      1019
I       5623      1020
I       4986      1021
I       1378      1022
I       5044      1023
I        835      1024
I        761      1025
I       2161      1026
I        920      1027
I       7595      1028
I       4626      1029
I       7736      1030
I       2054      1031
I       6268      1032
I       3838      1033
I       7377      1034
I       4433      1035
I       7109      1036
I       1672      1037
I       7025      1038
I       5095      1039
I       6004      1040
I        945      1041
I       1757      1042
I       5644      1043
I       4659      1044
I        447      1045
I       1338      1046
I       3512      1047
I       4626      1048
I       7036      1049
I       6716      1050
I          1      1051
I        578      1052
I       4989      1053
I       3312      1054
I       2559      1055
I       2414      1056
I       1654      1057
I       7361      1058
I       5362      1059
I       4824      1060
I       2322      1061
I       1777      1062
I       3920      1063
I       5852      1064
I       7227      1065
I       7587      1066
I       7148      1067
I       7832      1068
I       3405      1069
I       7781      1070
I       7955      1071
I       4890      1072
I       1639      1073
I       1815      1074
I       1647      1075
I       7240      1076
I       2894      1077
I       5182      1078
I       8042      1079
I       4666      1080
I       4189      1081
I       7836      1082
I       6848      1083
I       1624      1084
I       4424      1085
I       3428      1086
I       1365      1087
I       7368      1088
I       6370      1089
I       6382      1090
I        875      1091
I       5398      1092
I       4662      1093
I       1993      1094
I       7635      1095
I       7712      1096
I       1492      1097
I         71      1098
I        639      1099
I       1768      1100
I       4146      1101
I         11      1102
I       6338      1103
I       7413      1104
I       6491      1105
I       4735      1106
I       6893      1107
I        159      1108
I       3675      1109
I        911      1110
I       1137      1111
I       6759      1112
I       6085      1113
I        650      1114
I       4894      1115
I       7684      1116
I       7213      1117
I       8063      1118
I       5991      1119
I       7789      1120
I       6141      1121
I       2473      1122
I       4055      1123
I       2371      1124
I       5350      1125
I       6333      1126
I       2586      1127
I       7544      1128
I       5709      1129
I        172      1130
I       5311      1131
I       4779      1132
I        914      1133
I       6319      1134
I       5561      1135
I       4104      1136
I       1341      1137
I       4354      1138
I       3103      1139
I       1132      1140
I       3373      1141
I       4327      1142
I       7825      1143
I       2813      1144
I       5483      1145
I       5954      1146
I       7080      1147
I        549      1148
I       7179      1149
I       1126      1150
I       3916      1151
I       1865      1152
I       5504      1153
I        219      1154
I       1633      1155
I       4903      1156
I         11      1157
I       5802      1158
I       5826      1159
I       6204      1160
I        735      1161
I       1430      1162
I       6557      1163
I       1644      1164
I        679      1165
I       4865      1166
I       7199      1167
I       2074      1168
I       6031      1169
I       7351      1170
I       3140      1171
I       4991      1172
I       2433      1173
I       6684      1174
I       2388      1175
I       5739      1176
I       1485      1177
I       1757      1178
I       5746      1179
I       4693      1180
I       4732      1181
I       6633      1182
I       5331      1183
I        711      1184
I       7348      1185
I       7332      1186
I       1065      1187
I       8099      1188
I       4955      1189
I       6596      1190
I       4501      1191
I       5430      1192
I        981      1193
I       3838      1194
I       1012      1195
I       4142      1196
I       2170      1197
I       3915      1198
I       5248      1199
I        421      1200
I       2117      1201
I       1250      1202
I       5817      1203
I       2339      1204
I       1531      1205
I       8108      1206
I       7424      1207
I       7515      1208
I       1454      1209
I        380      1210
I       7809      1211
I       3383      1212
I       1937      1213
I       3971      1214
I       7587      1215
I       5305      1216
I         71      1217
I       3292      1218
I       4985      1219
I       6559      1220
I       4699      1221
I       4288      1222
I         91      1223
I       5463      1224
I       2463      1225
I       4838      1226
I       3371      1227
I       1063      1228
I       1991      1229
I       2138      1230
I       2843      1231
I       1745      1232
I       6588      1233
I        218      1234
I        622      1235
I       2447      1236
I       7387      1237
I       6728      1238
I       5340      1239
I       2278      1240
I       1793      1241
I       3290      1242
I        594      1243
I       4763      1244
I       5918      1245
I       5130      1246
I       3522      1247
I       3212      1248
I       3727      1249
I        904      1250
I       1383      1251
I       4456      1252
I       5051      1253
I        566      1254
I         33      1255
I       6441      1256
I       1849      1257
I       1830      1258
I        604      1259
I       6941      1260
I        873      1261
I       8084      1262
I       2948      1263
I       2994      1264
I       7723      1265
I       6902      1266
I       7044      1267
I       4808      1268
I       6674      1269
I       3318      1270
I       7511      1271
I       4501      1272
I       6777      1273
I       1136      1274
I       1773      1275
I       3487      1276
I       2936      1277
I       3733      1278
I       3845      1279
I       5582      1280
I       7366      1281
I       6684      1282
I       4288      1283
I       5808      1284
I       3715      1285
I       2115      1286
I       6858      1287
I        756      1288
I       4712      1289
I       2795      1290
I       5205      1291
I       8123      1292
I       4174      1293
I       3954      1294
I       3127      1295
I        423      1296
I       6453      1297
I        933      1298
I       1323      1299
I       4128      1300
I       5272      1301
I       1765      1302
I       6836      1303
I       6595      1304
I       6855      1305
I       1573      1306
I       2953      1307
I        892      1308
I        963      1309
I       3624      1310
I       6787      1311
I       5854      1312
I       4286      1313
I       2859      1314
I       2701      1315
I       5103      1316
I       8178      1317
I       7154      1318
I       6766      1319
I       7259      1320
I       2620      1321
I       7031      1322
I       3729      1323
I       7208      1324
I        885      1325
I       7441      1326
I       1984      1327
I       7624      1328
I       5537      1329
I       6515      1330
I       1741      1331
I       5129      1332
I       4688      1333
I       4842      1334
I       2079      1335
I       3880      1336
I       1585      1337
I       4726      1338
I       7813      1339
I       6343      1340
I       2555      1341
I       5879      1342
I        306      1343
I       6488      1344
I       2624      1345
I       3656      1346
I       4809      1347
I       8054      1348
I       1797      1349
I       3489      1350
I       1297      1351
I        810      1352
I        585      1353
I       1314      1354
I       6365      1355
I       2052      1356
I       3111      1357
I       1229      1358
I       3759      1359
I       5644      1360
I       7670      1361
I       4777      1362
I       4273      1363
I       3702      1364
I       5269      1365
I       6997      1366
I       7188      1367
I       3930      1368
I       6566      1369
I       1717      1370
I        392      1371
I        367      1372
I       3286      1373
I       7707      1374
I       4987      1375
I       5750      1376
I       3176      1377
I       4880      1378
I       4836      1379
I       1544      1380
I       1727      1381
I       1697      1382
I       3320      1383
I       4931      1384
I       5340      1385
I       5687      1386
I       2574      1387
I       7050      1388
I       1983      1389
I        923      1390
I       7895      1391
I       2216      1392
I       7109      1393
I       1586      1394
I       6988      1395
I       4239      1396
I       5201      1397
I       7743      1398
I       6812      1399
I       2589      1400
I       1273      1401
I       4483      1402
I       4160      1403
I        891      1404
I       4509      1405
I       7508      1406
I       7877      1407
I        513      1408
I       4622      1409
I        691      1410
I       6171      1411
I       1178      1412
I       2524      1413
I       7007      1414
I       7888      1415
I       1404      1416
I       3535      1417
I        843      1418
I       4473      1419
I       1606      1420
I       8050      1421
I        431      1422
I        654      1423
I        477      1424
I       1166      1425
I       5720      1426
I       8184      1427
I       2328      1428
I       6994      1429
I       2784      1430
I       6387      1431
I       5464      1432
I       2017      1433
I       6408      1434
I       1862      1435
I       8157      1436
I       7884      1437
I       4183      1438
I       7893      1439
I       7905      1440
I       1925      1441
I       6468      1442
I       2864      1443
I       1151      1444
I       4836      1445
I       3029      1446
I       1832      1447
I       7925      1448
I        870      1449
I       4858      1450
I       6911      1451
I       6262      1452
I       1224      1453
I       1377      1454
I       7350      1455
I       2737      1456
I       5494      1457
I       1279      1458
I        173      1459
I       7203      1460
I       1988      1461
I       3790      1462
I       6887      1463
I       2490      1464
I       7550      1465
I       6036      1466
I       1366      1467
I        777      1468
I       6231      1469
I       3232      1470
I       2782      1471
I        723      1472
I       2913      1473
I       7235      1474
I       1411      1475
I       6354      1476
I        447      1477
I       5223      1478
I       2356      1479
I       4540      1480
I       7087      1481
I       6940      1482
I       7198      1483
I        197      1484
I       1252      1485
I        984      1486
I       1394      1487
I       3309      1488
I       6128      1489
I       4578      1490
I       1637      1491
I       3172      1492
I       7317      1493
I       5258      1494
I       1702      1495
I       6769      1496
I       6419      1497
I       1610      1498
I         28      1499
I        201      1500
I       4065      1501
I       2026      1502
I       6452      1503
I       5104      1504
I       7837      1505
I       4130      1506
I       7716      1507
I       5356      1508
I       3783      1509
I       1516      1510
I       1064      1511
I       6324      1512
I       1230      1513
I        817      1514
I        805      1515
I       6370      1516
I        294      1517
I       2563      1518
I       5694      1519
I       3661      1520
I       1147      1521
I       1507      1522
I       2657      1523
I       7385      1524
I       7480      1525
I       3720      1526
I       2203      1527
I       4321      1528
I       5011      1529
I        618      1530
I       6061      1531
I       8170      1532
I       7963      1533
I       7979      1534
I         74      1535
I       5894      1536
I       6655      1537
I       4183      1538
I       8089      1539
I       7428      1540
I       3291      1541
I       6146      1542
I       4601      1543
I       4968      1544
I       5626      1545
I        166      1546
I       7958      1547
I       3022      1548
I       2637      1549
I       7459      1550
I       1345      1551
I       2895      1552
I       5579      1553
I       7220      1554
I        329      1555
I       4428      1556
I       8007      1557
I       7526      1558
I       2040      1559
I       6587      1560
I        174      1561
I       5654      1562
I       6283      1563
I       2697      1564
I        560      1565
I       7105      1566
I       7790      1567
I       6550      1568
I       7727      1569
I       4660      1570
I       7900      1571
I        482      1572
I       4299      1573
I       1455      1574
I       6978      1575
I       5681      1576
I       4814      1577
I       8038      1578
I       7553      1579
I       1912      1580
I        422      1581
I       4906      1582
I       7664      1583
I        389      1584
I       5362      1585
I       3902      1586
I       6849      1587
I       5318      1588
I       3238      1589
I       2187      1590
I       6800      1591
I       2456      1592
I       4345      1593
I       4302      1594
I       7110      1595
I       7604      1596
I       6823      1597
I       5822      1598
I       6136      1599
I       6968      1600
I       7101      1601
I       4320      1602
I       1327      1603
I       3309      1604
I       1746      1605
I       5039      1606
I       7549      1607
I       7888      1608
I       1710      1609
I       1345      1610
I       1544      1611
I       7955      1612
I       6104      1613
I       6523      1614
I       2320      1615
I       7205      1616
I       7638      1617
I       4149      1618
I       7389      1619
I       3104      1620
I        454      1621
I       1015      1622
I       8171      1623
I       5030      1624
I       1494      1625
I        990      1626
I       7923      1627
I       8174      1628
I       3776      1629
I       3568      1630
I         27      1631
I       1441      1632
I       1837      1633
I       3914      1634
I       3373      1635
I       2021      1636
I       6492      1637
I       1356      1638
I       4468      1639
I        777      1640
I       3255      1641
I       6959      1642
I       3669      1643
I       6997      1644
I       1997      1645
I       5642      1646
I       7111      1647
I        928      1648
I        421      1649
I       2514      1650
I        697      1651
I       2145      1652
I       1689      1653
I        910      1654
I       7936      1655
I       7511      1656
I       4079      1657
I       3752      1658
I       1438      1659
I       5754      1660
I       1920      1661
I       3020      1662
I        298      1663
I       6390      1664
I       8000      1665
I       5070      1666
I        659      1667
I        628      1668
I        205      1669
I       6195      1670
I       4289      1671
I        388      1672
I       3228      1673
I       4217      1674
I       1676      1675
I       2548      1676
I       4467      1677
I       3159      1678
I       6536      1679
I       5127      1680
I        753      1681
I       1300      1682
I       2081      1683
I       4191      1684
I        787      1685
I       3969      1686
I       5630      1687
I       6573      1688
I       1292      1689
I       7698      1690
I       1928      1691
I       4194      1692
I       3415      1693
I       5596      1694
I       5201      1695
I       1397      1696
I       6128      1697
I       1651      1698
I       3973      1699
I       1171      1700
I       3822      1701
I       1624      1702
I       5633      1703
I       1330      1704
I       4411      1705
I       5113      1706
I       1837      1707
I       3691      1708
I       2865      1709
I       5688      1710
I       5754      1711
I       7999      1712
I       2709      1713
I       6081      1714
I          7      1715
I       1777      1716
I       6575      1717
I       6341      1718
I       5089      1719
I       5607      1720
I       6578      1721
I       5968      1722
I        969      1723
I       3039      1724
I       1637      1725
I       6643      1726
I       2828      1727
I       3794      1728
I         43      1729
I       1434      1730
I       4453      1731
I       7223      1732
I       3497      1733
I        365      1734
I       1271      1735
I       6598      1736
I        357      1737
I       4765      1738
I       2905      1739
I       7130      1740
I        786      1741
I       6335      1742
I       2078      1743
I       4349      1744
I       2988      1745
I        553      1746
I        914      1747
I       6307      1748
I       1982      1749
I       5344      1750
I       7008      1751
I       2852      1752
I       7137      1753
I       4168      1754
I       4511      1755
I       1036      1756
I       2008      1757
I        857      1758
I       1769      1759
I       1438      1760
I       3368      1761
I        256      1762
I       1657      1763
I        810      1764
I       5899      1765
I        629      1766
I        817      1767
I       5034      1768
I       6793      1769
I       2666      1770
I       4601      1771
I       6156      1772
I       5353      1773
I       1645      1774
I       4579      1775
I       3174      1776
I       3579      1777
I       7206      1778
I       1612      1779
I       6577      1780
I       7788      1781
I       2944      1782
I       5337      1783
I       1779      1784
I       4618      1785
I       4120      1786
I       1025      1787
I       1003      1788
I       4859      1789
I       1794      1790
I       6462      1791
I       4677      1792
I       5732      1793
I       7369      1794
I       5322      1795
I       2404      1796
I       2610      1797
I       5891      1798
I       4790      1799
I       7734      1800
I       3606      1801
I       1696      1802
I       3355      1803
I       2595      1804
I       7675      1805
I       5102      1806
I       3612      1807
I       4762      1808
I       6844      1809
I       7107      1810
I       6980      1811
I       1210      1812
I       4887      1813
I       6337      1814
I       2866      1815
I         94      1816
I       2220      1817
I       4835      1818
I       3250      1819
I       8155      1820
I        581      1821
I       7117      1822
I        647      1823
I       1709      1824
I       2882      1825
I       3852      1826
I       5530      1827
I       2764      1828
I       2689      1829
I       2513      1830
I       3556      1831
I       3838      1832
I       1095      1833
I       5742      1834
I       4343      1835
I       7334      1836
I       1347      1837
I        789      1838
I       6848      1839
I        141      1840
I       8083      1841
I       7789      1842
I       5827      1843
I       2518      1844
I       5614      1845
I       6284      1846
I       3861      1847
I       6410      1848
I       1469      1849
I       3031      1850
I       5602      1851
I       4393      1852
I       1786      1853
I        836      1854
I       7343      1855
I       2958      1856
I       1588      1857
I       4823      1858
I        102      1859
I       5553      1860
I       3588      1861
I       6578      1862
I       4698      1863
I       6588      1864
I       3772      1865
I       3806      1866
I       3456      1867
I        533      1868
I       4951      1869
I       6426      1870
I       2592      1871
I       6198      1872
I       7036      1873
I       1355      1874
I       2233      1875
I        153      1876
I       4692      1877
I         60      1878
I       3907      1879
I         22      1880
I        315      1881
I        463      1882
I       7386      1883
I       6109      1884
I       2350      1885
I       4783      1886
I       5939      1887
I        580      1888
I       6359      1889
I       3635      1890
I       5140      1891
I       3710      1892
I       5039      1893
I       6182      1894
I       2270      1895
I       1221      1896
I       6052      1897
I       1393      1898
I        522      1899
I        312      1900
I       7237      1901
I       7229      1902
I       5266      1903
I       8064      1904
I       2995      1905
I       1408      1906
I       3372      1907
I       4243      1908
I       1444      1909
I       7442      1910
I       5197      1911
I       7745      1912
I       6197      1913
I       2103      1914
I       3640      1915
I       3144      1916
I       4966      1917
I       2269      1918
I       6292      1919
I       7582      1920
I       7497      1921
I        246      1922
I       6171      1923
I       1738      1924
I       8073      1925
I       5808      1926
I        663      1927
I       2963      1928
I       2047      1929
I       1480      1930
I       5006      1931
I       3372      1932
I       2243      1933
I       3075      1934
I       6388      1935
I       7038      1936
I       1289      1937
I       5600      1938
I        296      1939
I       1353      1940
I       1167      1941
I        987      1942
I       7508      1943
I       7474      1944
I       5355      1945
I       2118      1946
I       3669      1947
I       5213      1948
I       8179      1949
I       5733      1950
I       3840      1951
I       2934      1952
I        853      1953
I       2105      1954
I       2330      1955
I       3059      1956
I       7380      1957
I        730      1958
I        287      1959
I       6827      1960
I       1938      1961
I       3759      1962
I       7976      1963
I       7255      1964
I       6821      1965
I       4029      1966
I       7388      1967
I       8142      1968
I       7950      1969
I       7029      1970
I       8111      1971
I       6740      1972
I       1961      1973
I       7047      1974
I       4747      1975
I       8135      1976
I       3723      1977
I        418      1978
I       2683      1979
I       3109      1980
I       6116      1981
I       4785      1982
I       7921      1983
I       6918      1984
I       5886      1985
I        898      1986
I       2016      1987
I       5317      1988
I       7550      1989
I        414      1990
I       4991      1991
I       1807      1992
I       4196      1993
I       6457      1994
I       4337      1995
I       7286      1996
I       6531      1997
I       2191      1998
I       2154      1999
I       1024      2000
I       6172      2001
I       1028      2002
I       3200      2003
I       2767      2004
I       7178      2005
I       1494      2006
I       5821      2007
I       6621      2008
I       8066      2009
I       4686      2010
I       5557      2011
I         13      2012
I       1704      2013
I       1132      2014
I       5807      2015
I       6249      2016
I       7164      2017
I       5384      2018
I       3978      2019
I       7016      2020
I       2053      2021
I       8094      2022
I       5701      2023
I       7913      2024
I       1848      2025
I       1921      2026
I       3375      2027
I       5690      2028
I        406      2029
I       8050      2030
I       2418      2031
I        660      2032
I       7733      2033
I       3285      2034
I       2055      2035
I       6643      2036
I       7612      2037
I       1727      2038
I       6694      2039
I       2232      2040
I        574      2041
I       2732      2042
I        379      2043
I       5860      2044
I       5405      2045
I       7842      2046
I       5715      2047
I       5941      2048
I       4361      2049
I       5408      2050
I       1092      2051
I       1526      2052
I       2529      2053
I       1985      2054
I       3359      2055
I       5942      2056
I       3928      2057
I       5353      2058
I       4626      2059
I       6979      2060
I       7198      2061
I       4088      2062
I       6784      2063
I       6396      2064
I       3705      2065
I       4260      2066
I       5241      2067
I       7280      2068
I       5981      2069
I        175      2070
I       1551      2071
I       3723      2072
I       6008      2073
I        331      2074
I       1221      2075
I       5913      2076
I       6591      2077
I       2301      2078
I       6886      2079
I       7889      2080
I       1676      2081
I       2571      2082
I       7593      2083
I       2739      2084
I       2884      2085
I       1846      2086
I       2066      2087
I       7307      2088
I       6682      2089
I       5496      2090
I       7824      2091
I         75      2092
I       3288      2093
I       7128      2094
I       3241      2095
I       5411      2096
I       1234      2097
I       4620      2098
I       1415      2099
I       4082      2100
I        884      2101
I       4521      2102
I        463      2103
I       6744      2104
I       6184      2105
I       2819      2106
I       5159      2107
I       4048      2108
I       4155      2109
I       3976      2110
I       3173      2111
I       7641      2112
I       5388      2113
I       6577      2114
I       2911      2115
I       7223      2116
I       5681      2117
I       2662      2118
I       5511      2119
I       7400      2120
I       3656      2121
I       5015      2122
I       7694      2123
I       3171      2124
I       5954      2125
I       2475      2126
I       2466      2127
I       3039      2128
I       7250      2129
I        424      2130
I       2780      2131
I       3425      2132
I       2848      2133
I       7009      2134
I       1746      2135
I        375      2136
I       3995      2137
I       5810      2138
I         79      2139
I        351      2140
I       5355      2141
I       5993      2142
I       5297      2143
I       2310      2144
I       2904      2145
I       4229      2146
I       6463      2147
I        162      2148
I       4430      2149
I       1009      2150
I        351      2151
I        767      2152
I        526      2153
I       3325      2154
I       7867      2155
I       2904      2156
I       5051      2157
I       8187      2158
I       2371      2159
I       2254      2160
I        981      2161
I       1927      2162
I       3072      2163
I       3840      2164
I       4481      2165
I       7708      2166
I       2834      2167
I       6657      2168
I       7420      2169
I       6739      2170
I       5382      2171
I       6722      2172
I       4160      2173
I       3593      2174
I       1183      2175
I        875      2176
I       6524      2177
I       6658      2178
I       6880      2179
I       4504      2180
I       5474      2181
I       3073      2182
I       4359      2183
I       7965      2184
I       3600      2185
I        118      2186
I       6977      2187
I       2290      2188
I       2991      2189
I       2618      2190
I         38      2191
I        293      2192
I       6814      2193
I       4436      2194
I       7426      2195
I       7581      2196
I       7478      2197
I       2130      2198
I       7436      2199
I       1616      2200
I       6676      2201
I       7136      2202
I       7842      2203
I       7383      2204
I       4755      2205
I       2421      2206
I       7613      2207
I       6102      2208
I       4838      2209
I       3499      2210
I        876      2211
I       7217      2212
I       4015      2213
I       5671      2214
I       5726      2215
I       3254      2216
I       4592      2217
I       5655      2218
I       3425      2219
I       3103      2220
I       1758      2221
I       5846      2222
I       6958      2223
I       5957      2224
I       2448      2225
I       1006      2226
I        627      2227
I       5118      2228
I        955      2229
I       3426      2230
I       6835      2231
I       7966      2232
I       1852      2233
I       6952      2234
I        221      2235
I       6033      2236
I       4321      2237
I        355      2238
I       3883      2239
I       3909      2240
I       4124      2241
I       4274      2242
I       6094      2243
I       7613      2244
I       3437      2245
I       7254      2246
I       7833      2247
I       6233      2248
I       7676      2249
I       3955      2250
I       8012      2251
I       4996      2252
I        737      2253
I       1613      2254
I       6637      2255
I       5357      2256
I       6808      2257
I       8132      2258
I       5120      2259
I       4585      2260
I         91      2261
I       7200      2262
I        304      2263
I       2054      2264
I       4447      2265
I       3184      2266
I       2924      2267
I       6125      2268
I       3591      2269
I       5877      2270
I       5990      2271
I       2034      2272
I       2951      2273
I       7751      2274
I       1246      2275
I       3326      2276
I       4651      2277
I       5472      2278
I       7039      2279
I       5244      2280
I       2525      2281
I       1728      2282
I       3882      2283
I       6687      2284
I       6249      2285
I       6449      2286
I       4493      2287
I       5541      2288
I       7168      2289
I       6136      2290
I       2888      2291
I        673      2292
I       2793      2293
I       7508      2294
I       3399      2295
I       1895      2296
I       2409      2297
I       6160      2298
I       4135      2299
I       6524      2300
I       4812      2301
I       6422      2302
I       7984      2303
I       7736      2304
I       1987      2305
I       7752      2306
I       3133      2307
I       4493      2308
I       3617      2309
I        542      2310
I       3940      2311
I       2230      2312
I       6635      2313
I       5369      2314
I       7660      2315
I       2508      2316
I       2986      2317
I       3952      2318
I       1198      2319
I       5890      2320
I        970      2321
I       5570      2322
I       8187      2323
I       7194      2324
I       3576      2325
I       2162      2326
I       2669      2327
I       5445      2328
I       5254      2329
I       4795      2330
I       5372      2331
I       1181      2332
I       2771      2333
I       4050      2334
I        448      2335
I       5119      2336
I       5055      2337
I       4508      2338
I       2997      2339
I       6678      2340
I        675      2341
I       6201      2342
I       7209      2343
I       6760      2344
I       3764      2345
I       5331      2346
I       6631      2347
I       6833      2348
I        198      2349
I         96      2350
I       3082      2351
I       6481      2352
I       2129      2353
I       8119      2354
I       5913      2355
I       5540      2356
I       7970      2357
I       3535      2358
I       4192      2359
I       5416      2360
I       2085      2361
I       3118      2362
I       2390      2363
I       4650      2364
I        410      2365
I       2196      2366
I       3869      2367
I       7569      2368
I       1848      2369
I       6493      2370
I       1820      2371
I       6242      2372
I       5148      2373
I       5810      2374
I        504      2375
I       4841      2376
I       3621      2377
I       4976      2378
I       5901      2379
I       6223      2380
I       3802      2381
I       6944      2382
I       5672      2383
I       6898      2384
I       3734      2385
I        592      2386
I       4230      2387
I       6634      2388
I       6655      2389
I       3208      2390
I       3313      2391
I       4881      2392
I       4063      2393
I       4347      2394
I       6385      2395
I       5974      2396
I       2127      2397
I       2770      2398
I       2722      2399
I       7940      2400
I       7184      2401
I       7397      2402
I       4637      2403
I       4953      2404
I       3492      2405
I       5360      2406
I       6388      2407
I       3204      2408
I        103      2409
I       5902      2410
I       2759      2411
I       5548      2412
I       3188      2413
I       6589      2414
I       1799      2415
I       4761      2416
I       7807      2417
I       3187      2418
I       3336      2419
I       8085      2420
I       7101      2421
I       3797      2422
I       7056      2423
I       1327      2424
I       6192      2425
I       6017      2426
I       1199      2427
I       7987      2428
I       6910      2429
I       5988      2430
I       2794      2431
I       5237      2432
I       1045      2433
I        563      2434
I       3737      2435
I       7511      2436
I       7487      2437
I       3064      2438
I       2685      2439
I        359      2440
I       7309      2441
I       2388      2442
I        937      2443
I       2205      2444
I       5966      2445
I       6524      2446
I        846      2447
I       4186      2448
I        135      2449
I       4391      2450
I        584      2451
I        276      2452
I        878      2453
I       7196      2454
I       7604      2455
I       3191      2456
I       3622      2457
I       5488      2458
I       3485      2459
I       2335      2460
I       1240      2461
I       5842      2462
I       6811      2463
I       7590      2464
I       3842      2465
I       3871      2466
I       4184      2467
I       3406      2468
I       6030      2469
I       7118      2470
I       3423      2471
I       4088      2472
I       1082      2473
I       5824      2474
I       3764      2475
I       3014      2476
I       2222      2477
I         40      2478
I        367      2479
I       1604      2480
I       5119      2481
I       6531      2482
I       6878      2483
I       3538      2484
I       1303      2485
I        667      2486
I        817      2487
I        135      2488
I         87      2489
I       6738      2490
I       5868      2491
I       5886      2492
I       3675      2493
I       3833      2494
I       7179      2495
I       1506      2496
I       1281      2497
I       4168      2498
I        473      2499
I       1415      2500
I       7462      2501
I       7195      2502
I       1336      2503
I       3053      2504
I       2691      2505
I       5192      2506
I       7630      2507
I       1983      2508
I       3618      2509
I        373      2510
I       5410      2511
I        706      2512
I       2543      2513
I       4015      2514
I       7746      2515
I       5163      2516
I       1209      2517
I       5267      2518
I       1359      2519
I       5357      2520
I       4696      2521
I       3468      2522
I       3775      2523
I       1694      2524
I        653      2525
I       2798      2526
I       6113      2527
I        766      2528
I       6647      2529
I       6599      2530
I       6018      2531
I       1415      2532
I       1963      2533
I       6019      2534
I       5248      2535
I       3413      2536
I       1258      2537
I       6123      2538
I       2831      2539
I        753      2540
I       8002      2541
I       4441      2542
I       4322      2543
I       8011      2544
I       2233      2545
I       3184      2546
I       4774      2547
I       2783      2548
I       7869      2549
I       2117      2550
I       3590      2551
I       1864      2552
I       7333      2553
I       3676      2554
I       4654      2555
I       2008      2556
I       6161      2557
I       1403      2558
I       1906      2559
I       2331      2560
I       3046      2561
I       3150      2562
I       3376      2563
I       3797      2564
I       6035      2565
I       6746      2566
I       6476      2567
I       7657      2568
I       5382      2569
I       7064      2570
I       7499      2571
I       3287      2572
I       7224      2573
I       6104      2574
I       3032      2575
I       1320      2576
I       1890      2577
I       3375      2578
I       6240      2579
I         97      2580
I       4840      2581
I       5856      2582
I       1925      2583
I       6072      2584
I       1561      2585
I       2445      2586
I       5225      2587
I       4758      2588
I       3499      2589
I       5665      2590
I       6924      2591
I       5340      2592
I       5446      2593
I       4077      2594
I       7992      2595
I       4798      2596
I       1926      2597
I       6703      2598
I       1742      2599
I       6062      2600
I       2674      2601
I       1384      2602
I       6064      2603
I       7516      2604
I       4612      2605
I       3217      2606
I       1195      2607
I        935      2608
I        265      2609
I       3053      2610
I       1890      2611
I       6612      2612
I       5014      2613
I       6085      2614
I       1301      2615
I       3712      2616
I       4595      2617
I       3946      2618
I       3805      2619
I       2940      2620
I       2357      2621
I       7803      2622
I       6935      2623
I       1767      2624
I       6388      2625
I        269      2626
I       6214      2627
I       3493      2628
I       5770      2629
I       1007      2630
I       1482      2631
I        611      2632
I       7573      2633
I       3864      2634
I       2801      2635
I       4646      2636
I       1401      2637
I       6228      2638
I       1817      2639
I       4199      2640
I       4800      2641
I        395      2642
I       2306      2643
I       7280      2644
I       4313      2645
I        846      2646
I        978      2647
I       1340      2648
I        696      2649
I       3886      2650
I       2373      2651
I       6744      2652
I       6211      2653
I       6300      2654
I       5356      2655
I       1840      2656
I       2130      2657
I       3638      2658
I       6371      2659
I       4066      2660
I       2515      2661
I        229      2662
I       4655      2663
I       4306      2664
I       1416      2665
I       3070      2666
I       5925      2667
I       6513      2668
I       5269      2669
I       3234      2670
I       4780      2671
I       4928      2672
I       6250      2673
I       1814      2674
I       6366      2675
I       3641      2676
I        970      2677
I        645      2678
I       5529      2679
I       1088      2680
I       3670      2681
I       3246      2682
I       8001      2683
I       7820      2684
I       2241      2685
I       1936      2686
I        389      2687
I       5241      2688
I       1808      2689
I       7079      2690
I       3475      2691
I       5384      2692
I       2259      2693
I       7873      2694
I       3763      2695
I       4420      2696
I       2679      2697
I       4216      2698
I       7182      2699
I        615      2700
I       2176      2701
I       6766      2702
I       5304      2703
I       4763      2704
I       8051      2705
I       6470      2706
I       2667      2707
I       1446      2708
I        998      2709
I       5115      2710
I       6165      2711
I       6875      2712
I       2042      2713
I       7423      2714
I       1497      2715
I       2190      2716
I       1983      2717
I       5571      2718
I       5583      2719
I       6444      2720
I       3811      2721
I       4042      2722
I       3724      2723
I       4268      2724
I       1817      2725
I        481      2726
I       8155      2727
I       5224      2728
I       7970      2729
I       1976      2730
I        848      2731
I       5849      2732
I       1251      2733
I       6902      2734
I       7690      2735
I        773      2736
I       6774      2737
I       3968      2738
I       6485      2739
I        541      2740
I         81      2741
I       1167      2742
I       1312      2743
I       5409      2744
I       7467      2745
I        947      2746
I       4176      2747
I        462      2748
I       8020      2749
I       1186      2750
I       1995      2751
I        326      2752
I       5797      2753
I       1596      2754
I       8108      2755
I       3161      2756
I        756      2757
I       2929      2758
I       4081      2759
I       4921      2760
I       1134      2761
I       5390      2762
I       4912      2763
I       4411      2764
I       1223      2765
I        350      2766
I       7796      2767
I        215      2768
I       3233      2769
I       5184      2770
I       4471      2771
I       3831      2772
I       6052      2773
I       2349      2774
I       6433      2775
I       5070      2776
I       3588      2777
I       2893      2778
I       3284      2779
I       3330      2780
I       6305      2781
I       6639      2782
I       3951      2783
I        402      2784
I       1415      2785
I       2462      2786
I       5479      2787
I       6649      2788
I       6643      2789
I       2827      2790
I       1100      2791
I       4845      2792
I        705      2793
I       5669      2794
I       5259      2795
I       7303      2796
I       1672      2797
I       3334      2798
I       8140      2799
I       7160      2800
I       5899      2801
I       5968      2802
I       2620      2803
I       4297      2804
I       2509      2805
I       3623      2806
I       2944      2807
I        659      2808
I       1438      2809
I       7917      2810
I       3663      2811
I       6123      2812
I       4181      2813
I       5384      2814
I       2466      2815
I       3576      2816
I       6257      2817
I       2484      2818
I       3017      2819
I       7040      2820
I       3065      2821
I       5979      2822
I       1061      2823
I       4201      2824
I       4295      2825
I       5647      2826
I       2965      2827
I       7007      2828
I       2998      2829
I       8091      2830
I       8170      2831
I       5739      2832
I       1985      2833
I       1420      2834
I       5590      2835
I       2540      2836
I       6812      2837
I       1185      2838
I       5246      2839
I       3013      2840
I       1916      2841
I       1565      2842
I       1359      2843
I       7865      2844
I       2191      2845
I       6240      2846
I        190      2847
I       4485      2848
I       1946      2849
I       2475      2850
I       1742      2851
I       6877      2852
I       6800      2853
I       7498      2854
I       2012      2855
I       8113      2856
I       2314      2857
I        145      2858
I       7703      2859
I       6380      2860
I       3723      2861
I       7930      2862
I       1278      2863
I       4231      2864
I       7910      2865
I       2223      2866
I       7654      2867
I       5855      2868
I       6832      2869
I       2257      2870
I       5919      2871
I       6224      2872
I       3196      2873
I       6104      2874
I        963      2875
I       6200      2876
I       7709      2877
I       7657      2878
I        828      2879
I       7769      2880
I       5920      2881
I         28      2882
I       5460      2883
I       7489      2884
I       8152      2885
I       6620      2886
I       2192      2887
I       3076      2888
I       3828      2889
I       1971      2890
I       6921      2891
I       4549      2892
I       1328      2893
I        582      2894
I        436      2895
I       4416      2896
I       7720      2897
I        206      2898
I        440      2899
I       7632      2900
I       3753      2901
I       4755      2902
I       7608      2903
I       2691      2904
I       5932      2905
I       6155      2906
I       2693      2907
I       6094      2908
I       4277      2909
I       4477      2910
I       7446      2911
I       6673      2912
I       1628      2913
I       6999      2914
I       7154      2915
I       2113      2916
I       4049      2917
I       2881      2918
I       4125      2919
I       6579      2920
I       4837      2921
I       7969      2922
I       3570      2923
I       2601      2924
I       2753      2925
I       3538      2926
I       2467      2927
I       7027      2928
I       2595      2929
I       3700      2930
I        799      2931
I       4133      2932
I       6204      2933
I        946      2934
I       1687      2935
I       3776      2936
I        325      2937
I        216      2938
I       7915      2939
I       7943      2940
I       2814      2941
I       3919      2942
I       3412      2943
I       2087      2944
I       4891      2945
I       5208      2946
I       6749      2947
I       4283      2948
I       5234      2949
I        645      2950
I       4311      2951
I       6650      2952
I       1320      2953
I       4585      2954
I       2901      2955
I       6079      2956
I       2640      2957
I       7885      2958
I       4712      2959
I       1920      2960
I       4787      2961
I       3815      2962
I       3452      2963
I        962      2964
I       7457      2965
I       6030      2966
I       7894      2967
I       4965      2968
I       4809      2969
I       3001      2970
I       1318      2971
I       6421      2972
I       6869      2973
I       3180      2974
I       3930      2975
I       6268      2976
I       1477      2977
I       1779      2978
I       6965      2979
I       1383      2980
I        242      2981
I       1089      2982
I       7079      2983
I       3360      2984
I       2822      2985
I       5079      2986
I       4329      2987
I       5266      2988
I       1409      2989
I        715      2990
I       5536      2991
I       3082      2992
I       7112      2993
I       2078      2994
I       1852      2995
I        475      2996
I        399      2997
I       3571      2998
I       1073      2999
I       5022      3000
I        165      3001
I       7337      3002
I       6477      3003
I       3439      3004
I        425      3005
I        728      3006
I       5922      3007
I       4684      3008
I       3994      3009
I       1082      3010
I       3787      3011
I       3133      3012
I       7541      3013
I       4166      3014
I       1592      3015
I       2311      3016
I       3472      3017
I       6484      3018
I       5585      3019
I       2438      3020
I        804      3021
I       6439      3022
I       7099      3023
I       1272      3024
I       8109      3025
I       1389      3026
I       2673      3027
I        895      3028
I       1556      3029
I       7852      3030
I        489      3031
I       1975      3032
I       7096      3033
I       5669      3034
I       7078      3035
I       7455      3036
I       5167      3037
I       7361      3038
I       2171      3039
I        722      3040
I       1584      3041
I       3806      3042
I       3650      3043
I       4009      3044
I       2190      3045
I        375      3046
I       1011      3047
I       1507      3048
I       1470      3049
I       3359      3050
I       2798      3051
I       1744      3052
I       1088      3053
I       2079      3054
I       1581      3055
I       1113      3056
I       7858      3057
I       3457      3058
I       1072      3059
I       3650      3060
I       2521      3061
I       6349      3062
I       2148      3063
I        739      3064
I       8171      3065
I        136      3066
I       6454      3067
I        953      3068
I       2652      3069
I       5662      3070
I        633      3071
I       6420      3072
I       2072      3073
I       3713      3074
I       2083      3075
I       1687      3076
I       5192      3077
I       4134      3078
I       6540      3079
I       4718      3080
I       1847      3081
I       4693      3082
I       1743      3083
I       1613      3084
I       7176      3085
I       6788      3086
I       5666      3087
I       4131      3088
I       1337      3089
I        553      3090
I       2404      3091
I       1285      3092
I       1237      3093
I       6892      3094
I       6460      3095
I       4154      3096
I       4991      3097
I       2663      3098
I        285      3099
I        337      3100
I        634      3101
I       4375      3102
I       8063      3103
I       3533      3104
I       4353      3105
I         81      3106
I       4337      3107
I       2179      3108
I       1006      3109
I       4448      3110
I       8182      3111
I       4886      3112
I        784      3113
I       7606      3114
I       6242      3115
I       2654      3116
I       1211      3117
I       1012      3118
I       1880      3119
I       4519      3120
I       6204      3121
I        769      3122
I       4532      3123
I       3427      3124
I       5932      3125
I       7452      3126
I       5924      3127
I       1207      3128
I       1096      3129
I       5997      3130
I       5497      3131
I       3556      3132
I       5588      3133
I       3926      3134
I       1633      3135
I       7887      3136
I       7317      3137
I       7878      3138
I       2237      3139
I       7197      3140
I       7545      3141
I       2227      3142
I       7683      3143
I       5549      3144
I       7238      3145
I       1451      3146
I       6131      3147
I       2445      3148
I        613      3149
I       5211      3150
I       3377      3151
I       3225      3152
I       2596      3153
I       4422      3154
I       6774      3155
I       3147      3156
I       2547      3157
I       5928      3158
I       4987      3159
I        821      3160
I       6932      3161
I       4904      3162
I       1961      3163
I       5500      3164
I       7393      3165
I       4662      3166
I        102      3167
I        930      3168
I       1668      3169
I         15      3170
I       3124      3171
I       6986      3172
I       6153      3173
I       6956      3174
I       3471      3175
I       5657      3176
I       6433      3177
I        380      3178
I       4018      3179
I       2093      3180
I       6931      3181
I       1120      3182
I       5380      3183
I       7993      3184
I       5769      3185
I       5989      3186
I        783      3187
I        130      3188
I       3091      3189
I       2625      3190
I       5868      3191
I       3859      3192
I       5484      3193
I       7188      3194
I       1350      3195
I       2364      3196
I       5272      3197
I       7344      3198
I       3593      3199
I       1689      3200
I       7936      3201
I       4131      3202
I       3869      3203
I        238      3204
I       6124      3205
I        442      3206
I       8002      3207
I        927      3208
I       1048      3209
I       5307      3210
I       1712      3211
I       3726      3212
I        709      3213
I       8187      3214
I       1998      3215
I       5731      3216
I       6180      3217
I       3992      3218
I       4608      3219
I       2006      3220
I       4450      3221
I       8064      3222
I       7502      3223
I       2263      3224
I       6726      3225
I       3790      3226
I       6121      3227
I       1727      3228
I        311      3229
I       1664      3230
I       5608      3231
I        817      3232
I       2650      3233
I       3657      3234
I       4510      3235
I       5233      3236
I       5616      3237
I       4524      3238
I       4928      3239
I       3442      3240
I       5178      3241
I       6718      3242
I       2661      3243
I       6032      3244
I       5961      3245
I       6205      3246
I       4618      3247
I        453      3248
I       4221      3249
I       1679      3250
I       3125      3251
I       4753      3252
I       2542      3253
I       6484      3254
I       7090      3255
I       5527      3256
I        522      3257
I       4186      3258
I       1919      3259
I       7575      3260
I       2271      3261
I       5561      3262
I       5796      3263
I        675      3264
I       3860      3265
I       5802      3266
I       4625      3267
I       6216      3268
I       5475      3269
I       1450      3270
I       1263      3271
I       4866      3272
I       1069      3273
I       1132      3274
I       6653      3275
I       1539      3276
I       2903      3277
I       6158      3278
I        503      3279
I        738      3280
I       2909      3281
I        689      3282
I       2460      3283
I       6904      3284
I       3418      3285
I       6525      3286
I       1826      3287
I       5681      3288
I       8029      3289
I       1806      3290
I        634      3291
I       3291      3292
I       7621      3293
I       3356      3294
I       4932      3295
I       4187      3296
I       6668      3297
I       4518      3298
I       6522      3299
I       3463      3300
I       5728      3301
I       3579      3302
I       2570      3303
I       7203      3304
I       3109      3305
I       8164      3306
I       3257      3307
I       4685      3308
I       4067      3309
I       2390      3310
I       5278      3311
I       5999      3312
I       6194      3313
I       7971      3314
I       7386      3315
I       4983      3316
I        768      3317
I       5133      3318
I        759      3319
I        773      3320
I        761      3321
I       4491      3322
I       3167      3323
I        142      3324
I       5326      3325
I       1936      3326
I       4507      3327
I       5039      3328
I       1945      3329
I       8133      3330
I       4313      3331
I       1964      3332
I       6690      3333
I       7208      3334
I       1582      3335
I        859      3336
I       1748      3337
I       5578      3338
I       5787      3339
I       5380      3340
I        661      3341
I       5654      3342
I       4556      3343
I       3742      3344
I       2721      3345
I       5221      3346
I       2823      3347
I       1867      3348
I       4254      3349
I       6636      3350
I       6879      3351
I       7084      3352
I       5883      3353
I       7356      3354
I       2757      3355
I       2420      3356
I        751      3357
I        765      3358
I       4529      3359
I       1131      3360
I       2495      3361
I       5967      3362
I       5232      3363
I       4692      3364
I       7169      3365
I       5327      3366
I       8020      3367
I       7182      3368
I       4158      3369
I       6526      3370
I       6770      3371
I       6167      3372
I       1677      3373
I       3250      3374
I        898      3375
I       2251      3376
I       7097      3377
I       3901      3378
I        312      3379
I       5585      3380
I       2204      3381
I       7758      3382
I       6996      3383
I       4782      3384
I       7679      3385
I       3709      3386
I       5619      3387
I        709      3388
I       3900      3389
I       2514      3390
I       1809      3391
I       2051      3392
I       6529      3393
I       5846      3394
I       6858      3395
I       2823      3396
I       3825      3397
I       5639      3398
I       7213      3399
I       5920      3400
I       4855      3401
I       3009      3402
I       5616      3403
I        274      3404
I       6974      3405
I         83      3406
I       3702      3407
I        783      3408
I       2699      3409
I       1474      3410
I       4143      3411
I       1401      3412
I       6248      3413
I       1408      3414
I       3781      3415
I       5167      3416
I       3537      3417
I       8177      3418
I       1236      3419
I       6652      3420
I       7950      3421
I       5965      3422
I       3544      3423
I       2517      3424
I       6529      3425
I       3764      3426
I       8010      3427
I       4031      3428
I       7533      3429
I       3503      3430
I       1718      3431
I       6884      3432
I        216      3433
I       5015      3434
I       4101      3435
I       6185      3436
I       2813      3437
I       6841      3438
I       4244      3439
I       7317      3440
I       6545      3441
I       6823      3442
I       7366      3443
I       2461      3444
I       1791      3445
I       2579      3446
I       5927      3447
I        288      3448
I       1414      3449
I       4312      3450
I       4221      3451
I       1823      3452
I       2099      3453
I       2578      3454
I       1225      3455
I       3374      3456
I       3703      3457
I       1247      3458
I       1610      3459
I       1972      3460
I       1730      3461
I       3400      3462
I       3223      3463
I        203      3464
I       5912      3465
I       4526      3466
I       1511      3467
I        510      3468
I       7888      3469
I       3437      3470
I       2277      3471
I       5658      3472
I       1583      3473
I       6965      3474
I       3822      3475
I       4224      3476
I       1843      3477
I         46      3478
I       7874      3479
I       1187      3480
I       5600      3481
I       5949      3482
I       7090      3483
I       1647      3484
I       7766      3485
I       5732      3486
I        741      3487
I       4285      3488
I       1919      3489
I       8153      3490
I         46      3491
I        334      3492
I       2709      3493
I       5849      3494
I        685      3495
I       5573      3496
I       6796      3497
I        580      3498
I        118      3499
I       7916      3500
I       1785      3501
I       6399      3502
I       1548      3503
I       1957      3504
I       4813      3505
I       2030      3506
I       3632      3507
I        919      3508
I       7210      3509
I       2813      3510
I       6206      3511
I       4205      3512
I       4192      3513
I       3099      3514
I       2258      3515
I       2099      3516
I        758      3517
I        992      3518
I       1077      3519
I       7282      3520
I       1581      3521
I       6161      3522
I       7478      3523
I        231      3524
I       7608      3525
I       1736      3526
I       2426      3527
I       8190      3528
I       2392      3529
I       2295      3530
I       2099      3531
I        202      3532
I       2725      3533
I        381      3534
I       7444      3535
I       7482      3536
I       1437      3537
I       2253      3538
I       3176      3539
I       2298      3540
I       8046      3541
I       2621      3542
I       3046      3543
I        831      3544
I       7136      3545
I       4034      3546
I       1582      3547
I       3517      3548
I        941      3549
I       2624      3550
I       2627      3551
I       1375      3552
I       1940      3553
I       3724      3554
I       6715      3555
I       4923      3556
I       1676      3557
I       6848      3558
I       2164      3559
I       1001      3560
I       3422      3561
I       2849      3562
I       4925      3563
I       7650      3564
I       6305      3565
I       7004      3566
I       8187      3567
I       3709      3568
I       3458      3569
I       5651      3570
I       3217      3571
I       2895      3572
I       3332      3573
I       1281      3574
I       3301      3575
I       4303      3576
I       6279      3577
I       1842      3578
I       5528      3579
I       4203      3580
I       4309      3581
I        834      3582
I       6418      3583
I       5990      3584
I       7454      3585
I       7761      3586
I       6881      3587
I       7665      3588
I       7804      3589
I       4562      3590
I       1830      3591
I       1405      3592
I       1598      3593
I       6330      3594
I       5168      3595
I       3461      3596
I       1574      3597
I       7828      3598
I       6265      3599
I       8134      3600
I       5783      3601
I       7012      3602
I         15      3603
I       6616      3604
I        575      3605
I       7137      3606
I        684      3607
I       7051      3608
I       7906      3609
I       3918      3610
I       3729      3611
I       2980      3612
I       5050      3613
I       4346      3614
I       7751      3615
I       4321      3616
I       1504      3617
I       4387      3618
I       6819      3619
I       7006      3620
I       2915      3621
I       1017      3622
I        166      3623
I       7836      3624
I       1308      3625
I       1982      3626
I       7195      3627
I       4838      3628
I       6875      3629
I       3694      3630
I       7765      3631
I       7663      3632
I         63      3633
I       5568      3634
I       3594      3635
I       4419      3636
I       4735      3637
I       7340      3638
I       3337      3639
I       4974      3640
I       2598      3641
I       2576      3642
I       5053      3643
I       3844      3644
I       4216      3645
I        262      3646
I       6917      3647
I       7793      3648
I       2635      3649
I       6636      3650
I       4710      3651
I       7599      3652
I        500      3653
I       4425      3654
I       5522      3655
I       6411      3656
I       3885      3657
I       3263      3658
I       3398      3659
I       6760      3660
I       1650      3661
I        218      3662
I       1537      3663
I        609      3664
I       5122      3665
I       6659      3666
I       3343      3667
I       2580      3668
I       2313      3669
I       3372      3670
I       1551      3671
I       7070      3672
I       7053      3673
I        530      3674
I       7449      3675
I       1744      3676
I       4474      3677
I       4924      3678
I       5106      3679
I       1613      3680
I       6322      3681
I       6730      3682
I       7271      3683
I       4736      3684
I       1225      3685
I       1559      3686
I        770      3687
I       1343      3688
I       4601      3689
I       7567      3690
I       2051      3691
I       5035      3692
I       5121      3693
I       7896      3694
I       4645      3695
I       4281      3696
I       3701      3697
I       5592      3698
I       4727      3699
I       4695      3700
I        325      3701
I       4371      3702
I       8017      3703
I       8103      3704
I       5037      3705
I       3650      3706
I       1927      3707
I       7759      3708
I       3176      3709
I        227      3710
I        211      3711
I       4058      3712
I       2560      3713
I       6156      3714
I       3439      3715
I        588      3716
I       5108      3717
I       2105      3718
I       1321      3719
I       6401      3720
I       4216      3721
I       4271      3722
I        876      3723
I       2525      3724
I        216      3725
I        847      3726
I       3302      3727
I       2429      3728
I       4128      3729
I       3495      3730
I        469      3731
I       8179      3732
I       3673      3733
I       3110      3734
I        240      3735
I       4733      3736
I       7796      3737
I       4411      3738
I       5189      3739
I       5150      3740
I       4443      3741
I       3425      3742
I       4201      3743
I        255      3744
I       3927      3745
I       5008      3746
I       1702      3747
I       8066      3748
I         28      3749
I       7360      3750
I       6187      3751
I       6345      3752
I       2629      3753
I       3381      3754
I       4681      3755
I       2805      3756
I        774      3757
I       3132      3758
I       1705      3759
I       2033      3760
I       6247      3761
I       4946      3762
I       1076      3763
I       6173      3764
I       6054      3765
I       7961      3766
I       4035      3767
I       4839      3768
I        527      3769
I       5965      3770
I        740      3771
I        876      3772
I       3709      3773
I       3779      3774
I       4217      3775
I       6721      3776
I       2578      3777
I       7708      3778
I       7565      3779
I       3775      3780
I       6887      3781
I       2127      3782
I       6552      3783
I       6448      3784
I       7738      3785
I       6358      3786
I       5656      3787
I       4799      3788
I       5214      3789
I       3180      3790
I       3320      3791
I       1384      3792
I       5894      3793
I         90      3794
I       8186      3795
I        230      3796
I       1180      3797
I        120      3798
I       3084      3799
I       3389      3800
I       1174      3801
I       7223      3802
I       7491      3803
I        265      3804
I       3805      3805
I       4285      3806
I       4788      3807
I       3431      3808
I       4477      3809
I       2369      3810
I        784      3811
I       1606      3812
I       4659      3813
I        154      3814
I        942      3815
I       3226      3816
I       2658      3817
I       1690      3818
I        877      3819
I        110      3820
I       6927      3821
I       6458      3822
I       6042      3823
I       3678      3824
I       1781      3825
I       3941      3826
I       5730      3827
I       1656      3828
I       6024      3829
I       7524      3830
I       5685      3831
I       4124      3832
I       2623      3833
I       7799      3834
I       3793      3835
I       2997      3836
I       2662      3837
I       6872      3838
I       6235      3839
I       3732      3840
I       3111      3841
I       2565      3842
I       5502      3843
I       4042      3844
I        880      3845
I        316      3846
I       3953      3847
I       5155      3848
I       6299      3849
I        278      3850
I       2678      3851
I       6060      3852
I       4410      3853
I       8028      3854
I       7287      3855
I       6041      3856
I        143      3857
I       6192      3858
I       7110      3859
I       7769      3860
I       7994      3861
I       6914      3862
I       6922      3863
I       2217      3864
I       5646      3865
I       5819      3866
I       5390      3867
I       1556      3868
I       3249      3869
I       3492      3870
I       1728      3871
I       2378      3872
I       2314      3873
I        168      3874
I       1062      3875
I       5759      3876
I       1724      3877
I       5530      3878
I       1935      3879
I       2693      3880
I       4965      3881
I       1003      3882
I        117      3883
I       4821      3884
I       1310      3885
I       1517      3886
I       7744      3887
I       7745      3888
I       4032      3889
I       7129      3890
I       7382      3891
I       4359      3892
I       2545      3893
I       7711      3894
I       7376      3895
I       2987      3896
I       7508      3897
I       5808      3898
I       7098      3899
I        515      3900
I       6811      3901
I       1715      3902
I       6446      3903
I       7170      3904
I       3939      3905
I       7899      3906
I       2970      3907
I       3606      3908
I       7782      3909
I       4030      3910
I       5896      3911
I       3529      3912
I        704      3913
I       4367      3914
I        579      3915
I        580      3916
I       3069      3917
I        628      3918
I       2312      3919
I       4618      3920
I       6044      3921
I        423      3922
I       7562      3923
I        377      3924
I       5906      3925
I       6558      3926
I       3460      3927
I       6265      3928
I       5030      3929
I       2261      3930
I       2008      3931
I       3886      3932
I       1146      3933
I       5619      3934
I       8186      3935
I       5526      3936
I       1661      3937
I       8059      3938
I       3571      3939
I       1903      3940
I       5430      3941
I        629      3942
I       1558      3943
I       6053      3944
I        934      3945
I       7276      3946
I       1145      3947
I       1726      3948
I       5497      3949
I       3204      3950
I       7406      3951
I          3      3952
I       1999      3953
I       5955      3954
I       7326      3955
I       7621      3956
I       6875      3957
I       8130      3958
I       1470      3959
I        246      3960
I       2762      3961
I       6289      3962
I       6489      3963
I       7752      3964
I       4049      3965
I       2294      3966
I       1967      3967
I       3463      3968
I       4112      3969
I       7236      3970
I       2886      3971
I       4770      3972
I       6009      3973
I        531      3974
I       4537      3975
I       5014      3976
I       3751      3977
I       4721      3978
I       6836      3979
I       2554      3980
I        448      3981
I       3168      3982
I       6374      3983
I       3896      3984
I       8189      3985
I       6201      3986
I       5198      3987
I       2286      3988
I       6574      3989
I       4379      3990
I        533      3991
I       4087      3992
I       3803      3993
I       7770      3994
I       6241      3995
I       1282      3996
I       3888      3997
I        907      3998
I       2796      3999
I       4935      4000
I       4505      4001
I       3613      4002
I       8009      4003
I       5070      4004
I       3762      4005
I       2324      4006
I       3255      4007
I       5877      4008
I       5553      4009
I       3911      4010
I       1766      4011
I        853      4012
I       5634      4013
I        700      4014
I       4118      4015
I       6611      4016
I        636      4017
I       6552      4018
I       3397      4019
I       1507      4020
I       6016      4021
I       4879      4022
I       1137      4023
I       6130      4024
I       4461      4025
I       5054      4026
I       7612      4027
I       5236      4028
I        318      4029
I       3430      4030
I        689      4031
I       1414      4032
I       2865      4033
I       2389      4034
I       2645      4035
I       1220      4036
I        225      4037
I       7658      4038
I       6057      4039
I       2322      4040
I       1817      4041
I       4306      4042
I       6329      4043
I       4044      4044
I        157      4045
I       7997      4046
I         88      4047
I       2306      4048
I       1366      4049
I       3421      4050
I       5023      4051
I       4274      4052
I       6544      4053
I       2398      4054
I       6753      4055
I       7212      4056
I       7144      4057
I       5635      4058
I       4175      4059
I       4532      4060
I       4542      4061
I       6680      4062
I        847      4063
I        155      4064
I       1959      4065
I        947      4066
I       7404      4067
I       3938      4068
I       6730      4069
I       2745      4070
I       6170      4071
I       7038      4072
I       5328      4073
I       7896      4074
I       5896      4075
I        891      4076
I       1120      4077
I       1428      4078
I       5156      4079
I        807      4080
I        975      4081
I       1186      4082
I       2989      4083
I       6695      4084
I       4569      4085
I       4543      4086
I       2766      4087
I       4812      4088
I       5123      4089
I        405      4090
I       7923      4091
I       7937      4092
I       8118      4093
I       8166      4094
I       3091      4095
I       1047      4096
I       7350      4097
I       1577      4098
I       7860      4099
I       7451      4100
I       4689      4101
I       7065      4102
I         55      4103
I       3593      4104
I       3328      4105
I        328      4106
I       6176      4107
I       3875      4108
I        130      4109
I       1110      4110
I       4854      4111
I       5640      4112
I       2443      4113
I       6416      4114
I       5996      4115
I       4467      4116
I       2514      4117
I       2249      4118
I       8117      4119
I       3355      4120
I       1932      4121
I       3724      4122
I        530      4123
I        321      4124
I       1326      4125
I       2565      4126
I       5845      4127
I       1992      4128
I       3527      4129
I       6169      4130
I       4867      4131
I       3133      4132
I       2075      4133
I       2660      4134
I       3259      4135
I       2132      4136
I       6094      4137
I       8137      4138
I        712      4139
I       4352      4140
I       4434      4141
I        923      4142
I       6563      4143
I       2904      4144
I       7522      4145
I       6400      4146
I        438      4147
I       4811      4148
I       4526      4149
I        533      4150
I       2362      4151
I       5181      4152
I       4957      4153
I       6810      4154
I       4970      4155
I       6072      4156
I       2050      4157
I       5161      4158
I       2872      4159
I       8123      4160
I       7842      4161
I       3260      4162
I       6373      4163
I       2533      4164
I       5316      4165
I       7033      4166
I        710      4167
I       7440      4168
I       7050      4169
I        377      4170
I        331      4171
I       2076      4172
I       4200      4173
I       5593      4174
I       7316      4175
I       3019      4176
I       1880      4177
I       1744      4178
I       2751      4179
I       7858      4180
I       3850      4181
I       4591      4182
I       7348      4183
I       5472      4184
I       1336      4185
I       1309      4186
I       2895      4187
I       8153      4188
I        388      4189
I       4202      4190
I       6577      4191
I        220      4192
I       5162      4193
I       7422      4194
I       5223      4195
I        184      4196
I       5130      4197
I       6660      4198
I       2755      4199
I       4166      4200
I       1520      4201
I       7660      4202
I        354      4203
I         49      4204
I       2865      4205
I       6235      4206
I       1515      4207
I       1110      4208
I       4772      4209
I       5782      4210
I       7261      4211
I       6072      4212
I       1620      4213
I       4410      4214
I       6676      4215
I       4890      4216
I       2066      4217
I       6266      4218
I       4470      4219
I       7786      4220
I       7582      4221
I       4163      4222
I       5673      4223
I       8188      4224
I       6958      4225
I       3549      4226
I       1210      4227
I       2940      4228
I       2971      4229
I       4977      4230
I       6599      4231
I       5553      4232
I       7569      4233
I       5499      4234
I       5991      4235
I       1005      4236
I       5679      4237
I       4111      4238
I        996      4239
I       2133      4240
I       4609      4241
I       7876      4242
I       6178      4243
I       1439      4244
I        383      4245
I       2182      4246
I       1289      4247
I       4171      4248
I        273      4249
I       8098      4250
I       5418      4251
I       1878      4252
I       3089      4253
I       7232      4254
I       5029      4255
I       2968      4256
I       6188      4257
I       6258      4258
I       1115      4259
I       2677      4260
I       1932      4261
I        609      4262
I       1828      4263
I       8177      4264
I       7545      4265
I       5471      4266
I       2902      4267
I       1820      4268
I       2720      4269
I       4989      4270
I        672      4271
I       5735      4272
I       4776      4273
I       7929      4274
I       3437      4275
I       3817      4276
I       7792      4277
I       4743      4278
I       5733      4279
I       5995      4280
I       6898      4281
I        669      4282
I       2771      4283
I       4644      4284
I       1578      4285
I       7904      4286
I       1419      4287
I       4084      4288
I       1099      4289
I        779      4290
I       5238      4291
I        894      4292
I       3494      4293
I       5293      4294
I       2887      4295
I       6013      4296
I       6731      4297
I       3225      4298
I        778      4299
I       4221      4300
I       4531      4301
I       5130      4302
I       6623      4303
I        517      4304
I         68      4305
I       4791      4306
I       4938      4307
I       5632      4308
I       1715      4309
I       1393      4310
I       2089      4311
I       1449      4312
I       5566      4313
I       1561      4314
I       1687      4315
I       5567      4316
I       7283      4317
I       5948      4318
I       5178      4319
I       6083      4320
I       2870      4321
I       4467      4322
I       5140      4323
I       3003      4324
I       8181      4325
I       5990      4326
I       6262      4327
I       7211      4328
I       8034      4329
I        117      4330
I       4468      4331
I       4283      4332
I       5402      4333
I       4419      4334
I        141      4335
I       3594      4336
I       2024      4337
I       2021      4338
I        546      4339
I       2111      4340
I       2100      4341
I        508      4342
I       7640      4343
I       6445      4344
I       7012      4345
I       3666      4346
I       2826      4347
I       3307      4348
I       2908      4349
I       5022      4350
I       3916      4351
I       1279      4352
I        926      4353
I       6929      4354
I       2442      4355
I       1772      4356
I       7865      4357
I        765      4358
I       1460      4359
I       6939      4360
I       7839      4361
I       3089      4362
I       1111      4363
I       4982      4364
I        747      4365
I       1994      4366
I        945      4367
I       6185      4368
I       5867      4369
I       1504      4370
I       1665      4371
I       3117      4372
I       6549      4373
I       3272      4374
I       4831      4375
I       3140      4376
I       2153      4377
I        476      4378
I       6349      4379
I       3073      4380
I       1563      4381
I       3998      4382
I       6369      4383
I       1002      4384
I       7148      4385
I       1589      4386
I         47      4387
I         34      4388
I       8171      4389
I       6841      4390
I       2918      4391
I       1144      4392
I       5614      4393
I        533      4394
I       5077      4395
I       5355      4396
I       4970      4397
I        495      4398
I       6767      4399
I       1739      4400
I       1856      4401
I       5486      4402
I       1032      4403
I       7548      4404
I       7468      4405
I       4619      4406
I       2324      4407
I       8136      4408
I       4300      4409
I       7075      4410
I       4468      4411
I        317      4412
I        251      4413
I       6685      4414
I       5426      4415
I       6119      4416
I        467      4417
I       2659      4418
I       7792      4419
I       1355      4420
I       5375      4421
I       5888      4422
I       4804      4423
I       7530      4424
I        197      4425
I        883      4426
I       1894      4427
I       7318      4428
I       7173      4429
I       6165      4430
I       4595      4431
I       5898      4432
I        278      4433
I        370      4434
I       3873      4435
I         19      4436
I       7423      4437
I       6977      4438
I       5115      4439
I       2914      4440
I       4839      4441
I         61      4442
I       7757      4443
I       5303      4444
I       3720      4445
I       1724      4446
I       1054      4447
I       5793      4448
I       3191      4449
I       1735      4450
I        973      4451
I       2976      4452
I       7917      4453
I        689      4454
I       2835      4455
I       7743      4456
I       2403      4457
I       2319      4458
I       5940      4459
I       1215      4460
I       4388      4461
I       5569      4462
I       5110      4463
I       5998      4464
I       3539      4465
I       7128      4466
I       1904      4467
I       5979      4468
I       6803      4469
I       4270      4470
I       3981      4471
I        809      4472
I       1939      4473
I        544      4474
I       7443      4475
I       4022      4476
I       7966      4477
I       8177      4478
I       6175      4479
I       4587      4480
I       7948      4481
I       5019      4482
I       7940      4483
I       5168      4484
I       2312      4485
I       7366      4486
I       1234      4487
I       8149      4488
I       1277      4489
I       2062      4490
I        897      4491
I       5442      4492
I       1022      4493
I       7823      4494
I       1321      4495
I       2764      4496
I        361      4497
I       4345      4498
I       1308      4499
I       5970      4500
I       2482      4501
I        267      4502
I       8158      4503
I       1723      4504
I        462      4505
I       3815      4506
I       5305      4507
I       1939      4508
I       6696      4509
I       1321      4510
I       5910      4511
I       5567      4512
I       2558      4513
I       3524      4514
I       2790      4515
I         33      4516
I       5910      4517
I       3490      4518
I       1369      4519
I       1611      4520
I       2667      4521
I       5548      4522
I         90      4523
I       5003      4524
I       7100      4525
I       7903      4526
I       5363      4527
I       1640      4528
I       7056      4529
I       4940      4530
I       6595      4531
I       2158      4532
I       7890      4533
I       1377      4534
I       6692      4535
I       5066      4536
I        599      4537
I       1396      4538
I       2556      4539
I       3284      4540
I       5178      4541
I        691      4542
I       3623      4543
I       6264      4544
I       3881      4545
I         98      4546
I       6353      4547
I       3336      4548
I       7673      4549
I       5862      4550
I       1825      4551
I       7121      4552
I       3403      4553
I       5322      4554
I       3124      4555
I       4497      4556
I       1718      4557
I        248      4558
I       4017      4559
I       2309      4560
I        371      4561
I       1284      4562
I       5539      4563
I       4276      4564
I       1590      4565
I       4493      4566
I       1161      4567
I       4830      4568
I       2862      4569
I       6420      4570
I       7504      4571
I       2946      4572
I       4354      4573
I        165      4574
I       4208      4575
I       5342      4576
I       6269      4577
I        230      4578
I       5347      4579
I       2584      4580
I       7331      4581
I       6322      4582
I       4057      4583
I       6442      4584
I       5437      4585
I       1151      4586
I       3688      4587
I       7918      4588
I        838      4589
I       3294      4590
I       5442      4591
I       5661      4592
I       2449      4593
I       1065      4594
I       2026      4595
I        263      4596
I       3859      4597
I       4806      4598
I       7440      4599
I       6647      4600
I       1506      4601
I       1607      4602
I       6856      4603
I        391      4604
I       4300      4605
I       2667      4606
I       6236      4607
I       6569      4608
I       1499      4609
I       5383      4610
I       4605      4611
I        128      4612
I       5574      4613
I       2030      4614
I       6834      4615
I       2994      4616
I       4262      4617
I        251      4618
I       6202      4619
I       4908      4620
I       2884      4621
I       5637      4622
I       7780      4623
I       7975      4624
I       1440      4625
I       1737      4626
I       4034      4627
I       1258      4628
I       7300      4629
I       2507      4630
I        724      4631
I       1835      4632
I       6210      4633
I       7939      4634
I       6084      4635
I       5313      4636
I       2336      4637
I       4225      4638
I       5583      4639
I       1250      4640
I       7643      4641
I        910      4642
I       6660      4643
I       5510      4644
I       6882      4645
I        598      4646
I       3984      4647
I       7773      4648
I       5657      4649
I       5292      4650
I       4321      4651
I       4316      4652
I       1975      4653
I       7169      4654
I       1892      4655
I       5311      4656
I       5378      4657
I       3808      4658
I       7442      4659
I        779      4660
I       7880      4661
I       7908      4662
I       3395      4663
I       7856      4664
I       6324      4665
I       4607      4666
I       6382      4667
I       7476      4668
I       1416      4669
I       2382      4670
I       5924      4671
I       6687      4672
I       3181      4673
I       7094      4674
I       2827      4675
I       6600      4676
I       2425      4677
I       2562      4678
I       2046      4679
I       6768      4680
I       2754      4681
I       4068      4682
I       4087      4683
I        535      4684
I       7894      4685
I       6935      4686
I       1128      4687
I       4633      4688
I       6171      4689
I       5397      4690
I       1194      4691
I       2203      4692
I       6141      4693
I       3073      4694
I       4328      4695
I       5183      4696
I       4915      4697
I        906      4698
I       5031      4699
I       3294      4700
I        355      4701
I       4137      4702
I       2229      4703
I       7877      4704
I       4189      4705
I       6729      4706
I       2534      4707
I        761      4708
I        351      4709
I       3733      4710
I       7402      4711
I       7774      4712
I       6032      4713
I       3392      4714
I       6155      4715
I        850      4716
I       7436      4717
I       6948      4718
I       2086      4719
I       4563      4720
I        299      4721
I       4646      4722
I       4051      4723
I       3840      4724
I       6378      4725
I       5145      4726
I       7290      4727
I       7819      4728
I       5502      4729
I       4200      4730
I       3217      4731
I       6028      4732
I       8004      4733
I       1296      4734
I       3751      4735
I       6925      4736
I        949      4737
I       7299      4738
I       7484      4739
I       7833      4740
I       4868      4741
I       3942      4742
I       7883      4743
I       7265      4744
I       5366      4745
I       1658      4746
I       2206      4747
I       5572      4748
I       6649      4749
I       2597      4750
I       5018      4751
I        961      4752
I       6099      4753
I        602      4754
I       5840      4755
I        847      4756
I       4302      4757
I       7008      4758
I       5377      4759
I       7019      4760
I        429      4761
I       6661      4762
I        735      4763
I       6703      4764
I       4292      4765
I       7071      4766
I       3460      4767
I        534      4768
I       5924      4769
I       1831      4770
I       2170      4771
I       3330      4772
I       3306      4773
I       6855      4774
I       1002      4775
I       4794      4776
I       1929      4777
I       7067      4778
I       7920      4779
I       2287      4780
I       1002      4781
I       7930      4782
I        753      4783
I       2569      4784
I       1172      4785
I        179      4786
I       4665      4787
I       5170      4788
I       2614      4789
I       3073      4790
I       3666      4791
I       8023      4792
I       7335      4793
I        880      4794
I       3529      4795
I       5793      4796
I       7511      4797
I       8056      4798
I       3994      4799
I       2119      4800
I       4623      4801
I        421      4802
I       1735      4803
I       7082      4804
I       3867      4805
I       7013      4806
I       2670      4807
I        418      4808
I       7723      4809
I       6893      4810
I       6572      4811
I       1508      4812
I       1031      4813
I       5327      4814
I       8139      4815
I       2160      4816
I       5165      4817
I       5751      4818
I        726      4819
I       3983      4820
I       5427      4821
I       4919      4822
I       5224      4823
I       4365      4824
I        418      4825
I       4138      4826
I       5723      4827
I        493      4828
I       5760      4829
I       4968      4830
I       5756      4831
I       3926      4832
I       1546      4833
I       3961      4834
I       6087      4835
I       7101      4836
I       5268      4837
I       4182      4838
I       6434      4839
I       5519      4840
I       1319      4841
I       7312      4842
I       8150      4843
I       3542      4844
I       3799      4845
I       1685      4846
I        487      4847
I       5782      4848
I       3033      4849
I       1502      4850
I       4739      4851
I       1375      4852
I       8041      4853
I       6699      4854
I       6740      4855
I        113      4856
I       2781      4857
I       1816      4858
I       5129      4859
I        223      4860
I       6445      4861
I       6992      4862
I       8060      4863
I       3809      4864
I       7527      4865
I       1330      4866
I        330      4867
I        198      4868
I       6933      4869
I       3501      4870
I       7744      4871
I       5682      4872
I       7607      4873
I       7918      4874
I       2965      4875
I       2455      4876
I       2786      4877
I       3380      4878
I         53      4879
I       2283      4880
I       3238      4881
I        641      4882
I        796      4883
I       6405      4884
I       5625      4885
I       6311      4886
I        833      4887
I        929      4888
I       7239      4889
I       4769      4890
I       7137      4891
I       1231      4892
I       5173      4893
I       7721      4894
I       6490      4895
I       7758      4896
I       3572      4897
I         42      4898
I       4343      4899
I       5897      4900
I       5715      4901
I       7548      4902
I       3226      4903
I       1657      4904
I       7197      4905
I       1519      4906
I        147      4907
I       2495      4908
I        802      4909
I       3675      4910
I       7534      4911
I       5044      4912
I       1108      4913
I       4135      4914
I       6769      4915
I       4964      4916
I       6157      4917
I        373      4918
I       8044      4919
I       5189      4920
I       6461      4921
I       4074      4922
I       2615      4923
I       3230      4924
I       4312      4925
I       2598      4926
I       2746      4927
I       7029      4928
I       6732      4929
I        950      4930
I       4408      4931
I       7853      4932
I       2624      4933
I       5925      4934
I        988      4935
I       4836      4936
I       6523      4937
I       1821      4938
I       6692      4939
I       5775      4940
I         66      4941
I       2941      4942
I       2405      4943
I       3369      4944
I       1192      4945
I       2699      4946
I       2127      4947
I       4501      4948
I        391      4949
I       2528      4950
I       7033      4951
I       4175      4952
I        341      4953
I       4456      4954
I       7016      4955
I       1423      4956
I       5124      4957
I       4975      4958
I       2132      4959
I       6728      4960
I       3772      4961
I       1884      4962
I       1132      4963
I       4546      4964
I       4842      4965
I       6548      4966
I       3437      4967
I       4829      4968
I       6120      4969
I       5662      4970
I        604      4971
I       1837      4972
I       6270      4973
I       3235      4974
I        337      4975
I       4526      4976
I        880      4977
I       1806      4978
I       6216      4979
I       4197      4980
I        785      4981
I       2890      4982
I       2993      4983
I       6662      4984
I       8090      4985
I        739      4986
I       3805      4987
I       7475      4988
I       1208      4989
I       4112      4990
I       5238      4991
I       1996      4992
I       7795      4993
I       3343      4994
I       7620      4995
I       5257      4996
I       4304      4997
I       5046      4998
I       7989      4999
I       6163      5000
I       7444      5001
I       1836      5002
I       3659      5003
I       2038      5004
I       6607      5005
I       5649      5006
I       3781      5007
I       7592      5008
I       3737      5009
I       7654      5010
I       4216      5011
I       6603      5012
I       7794      5013
I       1571      5014
I       1884      5015
I       2303      5016
I       7055      5017
I       7255      5018
I       3442      5019
I       5274      5020
I       5631      5021
I       6947      5022
I       4664      5023
I        402      5024
I       6712      5025
I       4951      5026
I       4319      5027
I       1804      5028
I       2838      5029
I       7917      5030
I       6287      5031
I       2150      5032
I       4790      5033
I       2651      5034
I        879      5035
I       6811      5036
I       6620      5037
I       4360      5038
I       7607      5039
I       1422      5040
I       7182      5041
I       7170      5042
I       7943      5043
I       5201      5044
I       1855      5045
I       5446      5046
I       1795      5047
I       3699      5048
I       4134      5049
I       7564      5050
I       5667      5051
I       7262      5052
I       6563      5053
I       6168      5054
I       8153      5055
I       7602      5056
I       2942      5057
I       5894      5058
I       7545      5059
I       5827      5060
I       5840      5061
I       6920      5062
I       4334      5063
I       1993      5064
I       2954      5065
I       2909      5066
I       2639      5067
I       1132      5068
I       1123      5069
I       3082      5070
I       7030      5071
I       3891      5072
I       4369      5073
I       7180      5074
I       7665      5075
I       5731      5076
I       3572      5077
I       4948      5078
I       3504      5079
I       6081      5080
I       7447      5081
I       1634      5082
I         35      5083
I        839      5084
I       3767      5085
I       4319      5086
I       4369      5087
I       5218      5088
I       6493      5089
I       2953      5090
I       7277      5091
I       2741      5092
I       5664      5093
I       3537      5094
I       7705      5095
I       6609      5096
I       6461      5097
I       7015      5098
I       5317      5099
I       3350      5100
I       5622      5101
I       5804      5102
I       3309      5103
I       7791      5104
I       3830      5105
I       7762      5106
I       7602      5107
I       3222      5108
I       3717      5109
I       6481      5110
I       7648      5111
I       2324      5112
I       4741      5113
I       6526      5114
I       3916      5115
I       6185      5116
I         27      5117
I       1144      5118
I       5695      5119
I       7282      5120
I       4755      5121
I       8054      5122
I       6018      5123
I       6273      5124
I       3247      5125
I       3675      5126
I       4733      5127
I       3260      5128
I       5024      5129
I       4326      5130
I       4480      5131
I       5228      5132
I       7269      5133
I       5487      5134
I       5410      5135
I        201      5136
I       1406      5137
I       1747      5138
I       7906      5139
I       2296      5140
I       2027      5141
I       1283      5142
I       2531      5143
I       6560      5144
I       3519      5145
I       6533      5146
I       8002      5147
I       7796      5148
I       1977      5149
I       7245      5150
I       2918      5151
I       1093      5152
I       2023      5153
I       7791      5154
I       4664      5155
I       1394      5156
I       3595      5157
I       4848      5158
I       3475      5159
I       3443      5160
I       5986      5161
I       2581      5162
I       3801      5163
I       6003      5164
I       3891      5165
I       4306      5166
I       5525      5167
I       4520      5168
I       1165      5169
I       4292      5170
I       7756      5171
I       7702      5172
I       1913      5173
I        391      5174
I       2282      5175
I       1746      5176
I       6304      5177
I       1777      5178
I       6347      5179
I       6134      5180
I       3525      5181
I       4622      5182
I       8076      5183
I       3531      5184
I       3530      5185
I       6494      5186
I       7879      5187
I       5576      5188
I       7635      5189
I       1037      5190
I       4159      5191
I       1558      5192
I        933      5193
I       7235      5194
I       3470      5195
I        847      5196
I       7144      5197
I       6040      5198
I       1465      5199
I       1080      5200
I       7433      5201
I       5490      5202
I       8125      5203
I       2493      5204
I       2765      5205
I        357      5206
I       3435      5207
I       1284      5208
I       1470      5209
I       2104      5210
I       2191      5211
I       1871      5212
I        585      5213
I       7711      5214
I        990      5215
I       4840      5216
I       5622      5217
I       1648      5218
I       6095      5219
I       4023      5220
I       5306      5221
I       1693      5222
I        544      5223
I       2379      5224
I       1737      5225
I       1275      5226
I       3523      5227
I       7265      5228
I       3228      5229
I       5264      5230
I       4548      5231
I       4367      5232
I       4146      5233
I       2064      5234
I       5164      5235
I       4661      5236
I       6499      5237
I       7348      5238
I       2515      5239
I       4841      5240
I       6463      5241
I       5243      5242
I        580      5243
I       4448      5244
I       2936      5245
I       3488      5246
I        728      5247
I       5453      5248
I       6169      5249
I       6136      5250
I        510      5251
I       3947      5252
I        803      5253
I       1476      5254
I       3535      5255
I       4604      5256
I        315      5257
I       1255      5258
I       2489      5259
I       6450      5260
I       2460      5261
I       8173      5262
I       4296      5263
I       2801      5264
I       4320      5265
I        510      5266
I        181      5267
I       1970      5268
I       4191      5269
I       3027      5270
I       1007      5271
I       5180      5272
I       2821      5273
I       2041      5274
I       2411      5275
I       3740      5276
I       7106      5277
I        714      5278
I       6430      5279
I       4492      5280
I       4228      5281
I        169      5282
I       1834      5283
I       4624      5284
I       8080      5285
I       6256      5286
I       5626      5287
I       6379      5288
I       2840      5289
I       4475      5290
I        870      5291
I       7768      5292
I       7565      5293
I       5411      5294
I       2489      5295
I       4516      5296
I       5925      5297
I       5752      5298
I       2546      5299
I        807      5300
I       4129      5301
I        350      5302
I        786      5303
I         33      5304
I       3792      5305
I       2848      5306
I       1858      5307
I       5676      5308
I       3703      5309
I       2859      5310
I       6649      5311
I       3519      5312
I       1866      5313
I        459      5314
I       6422      5315
I       3963      5316
I       1674      5317
I       5971      5318
I       5772      5319
I       1488      5320
I       1856      5321
I       5122      5322
I       3044      5323
I       6254      5324
I       4258      5325
I       7926      5326
I       2133      5327
I       3017      5328
I       2910      5329
I       2515      5330
I       2011      5331
I        268      5332
I       1336      5333
I       2361      5334
I       5082      5335
I       2610      5336
I       7069      5337
I       2508      5338
I       3023      5339
I       1831      5340
I       1710      5341
I       5781      5342
I       1685      5343
I       2437      5344
I       4178      5345
I        233      5346
I       7664      5347
I       1109      5348
I       3207      5349
I       4946      5350
I       1079      5351
I       6377      5352
I       4914      5353
I       2145      5354
I       7180      5355
I       4660      5356
I       3544      5357
I       7835      5358
I        633      5359
I       5789      5360
I       6987      5361
I       1875      5362
I       1147      5363
I       6812      5364
I       1356      5365
I        813      5366
I       4915      5367
I       2229      5368
I        713      5369
I        983      5370
I       5630      5371
I       7763      5372
I       4248      5373
I       2675      5374
I       3186      5375
I       6006      5376
I        441      5377
I       7154      5378
I        124      5379
I       6389      5380
I       4860      5381
I       2716      5382
I       2221      5383
I       5527      5384
I       6693      5385
I       2511      5386
I       3362      5387
I       4366      5388
I       4899      5389
I       2240      5390
I       4287      5391
I        616      5392
I       1100      5393
I       7823      5394
I       7822      5395
I       6125      5396
I       1993      5397
I       2717      5398
I       3735      5399
I       4074      5400
I       1442      5401
I       3876      5402
I        210      5403
I       7803      5404
I        918      5405
I       4016      5406
I       4039      5407
I       3620      5408
I       6027      5409
I       6201      5410
I       4968      5411
I       7495      5412
I       6013      5413
I       7083      5414
I        305      5415
I       2320      5416
I        397      5417
I        317      5418
I       3206      5419
I       2655      5420
I       2273      5421
I       1012      5422
I        793      5423
I       8138      5424
I       6457      5425
I       4596      5426
I       6787      5427
I        265      5428
I       1242      5429
I       6814      5430
I       7291      5431
I       4396      5432
I       6457      5433
I       1906      5434
I       5449      5435
I       6160      5436
I        413      5437
I       4730      5438
I       2940      5439
I       5717      5440
I       6522      5441
I         10      5442
I       6905      5443
I       4486      5444
I         69      5445
I       4229      5446
I       2863      5447
I       5433      5448
I       2662      5449
I       6285      5450
I        559      5451
I       1378      5452
I        991      5453
I       5015      5454
I       6150      5455
I       4586      5456
I       3896      5457
I       7963      5458
I       3643      5459
I       7921      5460
I       6059      5461
I       4576      5462
I       1531      5463
I       3573      5464
I        402      5465
I       5159      5466
I       2211      5467
I       4089      5468
I         91      5469
I       2416      5470
I       4150      5471
I       1562      5472
I       1415      5473
I       1327      5474
I       4717      5475
I        122      5476
I       6986      5477
I       7100      5478
I       1444      5479
I        196      5480
I       6095      5481
I       4658      5482
I        876      5483
I       5048      5484
I         52      5485
I       1019      5486
I       4709      5487
I        903      5488
I       6655      5489
I       4754      5490
I        316      5491
I       5460      5492
I        277      5493
I       7937      5494
I       1117      5495
I       5442      5496
I       5284      5497
I       6895      5498
I       5017      5499
I       2229      5500
I       1356      5501
I       7924      5502
I       1884      5503
I       3068      5504
I       6144      5505
I       5415      5506
I       2525      5507
I       4981      5508
I       1980      5509
I       5321      5510
I       5995      5511
I        259      5512
I       7610      5513
I       4157      5514
I       5962      5515
I       2169      5516
I       6677      5517
I       3142      5518
I       2715      5519
I       6032      5520
I       6350      5521
I       1375      5522
I       1634      5523
I       2900      5524
I       3455      5525
I       3050      5526
I       1188      5527
I        756      5528
I       2837      5529
I       4107      5530
I       6876      5531
I       4223      5532
I       2965      5533
I       1384      5534
I       6867      5535
I        895      5536
I       2713      5537
I       5310      5538
I        367      5539
I       6111      5540
I        624      5541
I       4783      5542
I       6755      5543
I       1629      5544
I       6528      5545
I       1593      5546
I       7696      5547
I       4762      5548
I       4960      5549
I        224      5550
I       3502      5551
I       4105      5552
I       4932      5553
I       1697      5554
I       3257      5555
I       7330      5556
I       5669      5557
I       2777      5558
I       6602      5559
I        651      5560
I       2129      5561
I       3005      5562
I       3989      5563
I       3282      5564
I       1711      5565
I       6009      5566
I       7503      5567
I       1861      5568
I       3958      5569
I       1626      5570
I       7999      5571
I       6928      5572
I        453      5573
I       4949      5574
I       5444      5575
I       5291      5576
I       5155      5577
I       2448      5578
I       6507      5579
I       5538      5580
I       2904      5581
I       3717      5582
I       7678      5583
I       1723      5584
I       2899      5585
I       5397      5586
I       7693      5587
I       6416      5588
I       5939      5589
I       7528      5590
I        100      5591
I       4141      5592
I        771      5593
I        122      5594
I       6769      5595
I       3548      5596
I       2034      5597
I       1279      5598
I       4194      5599
I       3096      5600
I       2124      5601
I       3190      5602
I       7370      5603
I       2134      5604
I       3225      5605
I       1033      5606
I       7836      5607
I       2352      5608
I       1907      5609
I       4799      5610
I       1620      5611
I       1840      5612
I        896      5613
I       5387      5614
I       7611      5615
I       3041      5616
I       2804      5617
I       3498      5618
I       7710      5619
I       5199      5620
I       2764      5621
I       4340      5622
I       2452      5623
I       5880      5624
I       1949      5625
I        430      5626
I       5697      5627
I       5864      5628
I       1967      5629
I        819      5630
I       4922      5631
I       2628      5632
I       3664      5633
I       7771      5634
I       2081      5635
I       1455      5636
I       2221      5637
I        163      5638
I       6314      5639
I        555      5640
I       5505      5641
I       2072      5642
I       2182      5643
I       3528      5644
I       7684      5645
I       6784      5646
I       7563      5647
I       6749      5648
I       1844      5649
I       5775      5650
I       1231      5651
I       5321      5652
I       4723      5653
I       6080      5654
I       7387      5655
I       1945      5656
I       3942      5657
I       2676      5658
I       4137      5659
I       6871      5660
I       2905      5661
I       6367      5662
I       6671      5663
I       5375      5664
I       4940      5665
I        652      5666
I        497      5667
I        649      5668
I       2938      5669
I       5395      5670
I       8025      5671
I        647      5672
I       4945      5673
I       3034      5674
I       1489      5675
I       6536      5676
I       1965      5677
I       4353      5678
I       6841      5679
I       6211      5680
I       1604      5681
I       5899      5682
I       3063      5683
I       1048      5684
I       6705      5685
I       5475      5686
I       1515      5687
I       6938      5688
I       3951      5689
I       2530      5690
I       6465      5691
I       4778      5692
I        112      5693
I       5335      5694
I       2449      5695
I       3097      5696
I       4930      5697
I       1528      5698
I       5969      5699
I       4936      5700
I       2111      5701
I       7580      5702
I       4249      5703
I       5697      5704
I       5741      5705
I       3353      5706
I       8112      5707
I       3600      5708
I       1319      5709
I       3732      5710
I       6731      5711
I       1184      5712
I       7071      5713
I       1541      5714
I       3487      5715
I       3342      5716
I       6995      5717
I       5895      5718
I       4367      5719
I        953      5720
I       4652      5721
I       5325      5722
I       4101      5723
I       3445      5724
I       2589      5725
I        382      5726
I        613      5727
I       4385      5728
I       3870      5729
I        935      5730
I       1224      5731
I       2151      5732
I       6230      5733
I       4922      5734
I        209      5735
I       6185      5736
I       1060      5737
I       6563      5738
I        847      5739
I       1328      5740
I       1558      5741
I       7570      5742
I       6369      5743
I       6020      5744
I       4915      5745
I       2214      5746
I       5577      5747
I       3995      5748
I       7967      5749
I       1651      5750
I       2850      5751
I       2415      5752
I       4277      5753
I       6114      5754
I       5686      5755
I       2746      5756
I       6108      5757
I       1600      5758
I       5252      5759
I        648      5760
I       8190      5761
I       3163      5762
I       6080      5763
I       4168      5764
I       5830      5765
I       2168      5766
I        588      5767
I       2224      5768
I       3599      5769
I       2294      5770
I       7897      5771
I       7815      5772
I       3685      5773
I       6422      5774
I       7913      5775
I       1570      5776
I       3516      5777
I       6238      5778
I       3926      5779
I       6347      5780
I       8075      5781
I       7823      5782
I       1591      5783
I       6735      5784
I       4444      5785
I       2083      5786
I       5364      5787
I        183      5788
I       1308      5789
I       5567      5790
I       1468      5791
I       1137      5792
I       5091      5793
I       5252      5794
I       1207      5795
I       2389      5796
I        179      5797
I       1263      5798
I       2571      5799
I       7649      5800
I       7264      5801
I       3313      5802
I       1666      5803
I       6129      5804
I       5705      5805
I       6531      5806
I       3546      5807
I       6755      5808
I       3106      5809
I       8162      5810
I       8038      5811
I        248      5812
I       1096      5813
I       2769      5814
I       6838      5815
I       5286      5816
I       4448      5817
I       7867      5818
I       2863      5819
I       6800      5820
I        122      5821
I       6030      5822
I       7761      5823
I       1118      5824
I       5370      5825
I       7239      5826
I       3109      5827
I       3700      5828
I       1676      5829
I       3135      5830
I       5290      5831
I       6341      5832
I       5031      5833
I       5958      5834
I       2986      5835
I       6095      5836
I       7434      5837
I       7506      5838
I       8127      5839
I       4128      5840
I       7309      5841
I       4961      5842
I       6715      5843
I       6941      5844
I       7749      5845
I        374      5846
I       2653      5847
I       3813      5848
I       1570      5849
I       4509      5850
I       5477      5851
I       8084      5852
I        540      5853
I       6224      5854
I       5354      5855
I       3172      5856
I       7897      5857
I       7767      5858
I       5987      5859
I       8170      5860
I        464      5861
I       3808      5862
I       4285      5863
I       4892      5864
I        887      5865
I       6738      5866
I       6196      5867
I       4860      5868
I       3580      5869
I       2299      5870
I        710      5871
I       7401      5872
I       3756      5873
I       8172      5874
I       2974      5875
I       3189      5876
I       2822      5877
I       6789      5878
I       6622      5879
I       7339      5880
I       6661      5881
I       8071      5882
I       2524      5883
I        209      5884
I       6587      5885
I        797      5886
I       4694      5887
I       7053      5888
I       4437      5889
I       6898      5890
I       7884      5891
I       3456      5892
I       2402      5893
I       2946      5894
I       3317      5895
I        994      5896
I       5503      5897
I       5018      5898
I       4921      5899
I        877      5900
I       5057      5901
I       2324      5902
I       3901      5903
I       3018      5904
I       5520      5905
I       5283      5906
I       4303      5907
I       6788      5908
I       2838      5909
I       2948      5910
I       6366      5911
I       6241      5912
I       7871      5913
I       4462      5914
I       3108      5915
I       4476      5916
I       1264      5917
I       2922      5918
I       2090      5919
I        583      5920
I       7102      5921
I       7965      5922
I       2894      5923
I       6032      5924
I       1997      5925
I       3367      5926
I       6656      5927
I       3874      5928
I       6676      5929
I       2242      5930
I       1288      5931
I       6627      5932
I       7546      5933
I        151      5934
I       1049      5935
I        168      5936
I       3005      5937
I       1697      5938
I       6829      5939
I       7276      5940
I       2996      5941
I        164      5942
I        975      5943
I       2686      5944
I       1440      5945
I        469      5946
I        683      5947
I       6187      5948
I       5511      5949
I       4337      5950
I       7090      5951
I       3410      5952
I       2104      5953
I       1503      5954
I        504      5955
I       6048      5956
I       6490      5957
I       5340      5958
I       7029      5959
I       3029      5960
I       1671      5961
I       5893      5962
I       3346      5963
I       2110      5964
I       3943      5965
I       2174      5966
I       1268      5967
I       6960      5968
I       5484      5969
I       3739      5970
I       3995      5971
I        231      5972
I        911      5973
I       5796      5974
I       6195      5975
I        508      5976
I       6513      5977
I       2051      5978
I       5454      5979
I       1907      5980
I       5685      5981
I       4385      5982
I       5469      5983
I        931      5984
I       7917      5985
I       2547      5986
I       2103      5987
I       4111      5988
I       5129      5989
I       1929      5990
I       1552      5991
I        862      5992
I        245      5993
I       3458      5994
I       7191      5995
I       5405      5996
I        215      5997
I       1408      5998
I       4506      5999
I       3356      6000
I       1146      6001
I       7056      6002
I       3364      6003
I       1135      6004
I       3543      6005
I       7563      6006
I       1114      6007
I        999      6008
I       2641      6009
I       3729      6010
I       5126      6011
I       3467      6012
I       3746      6013
I        913      6014
I       7021      6015
I       6333      6016
I        675      6017
I       5660      6018
I       5992      6019
I        870      6020
I       8112      6021
I       6530      6022
I       7202      6023
I       6177      6024
I        732      6025
I       5206      6026
I        334      6027
I       6725      6028
I       7773      6029
I       2846      6030
I       5491      6031
I       5100      6032
I       1057      6033
I       4741      6034
I       6785      6035
I        516      6036
I        432      6037
I       5350      6038
I       6251      6039
I       7013      6040
I       3183      6041
I       4724      6042
I       1051      6043
I       3255      6044
I       7706      6045
I       6919      6046
I       6955      6047
I       6317      6048
I       7546      6049
I       6746      6050
I       6512      6051
I       4010      6052
I       1097      6053
I       4601      6054
I       2673      6055
I       3654      6056
I       6632      6057
I       5355      6058
I       1791      6059
I         27      6060
I       1015      6061
I       5162      6062
I       1055      6063
I       5229      6064
I       1076      6065
I         76      6066
I       2542      6067
I       4072      6068
I         31      6069
I       5965      6070
I         15      6071
I       4053      6072
I       3124      6073
I        957      6074
I       6282      6075
I       7046      6076
I       5664      6077
I       6697      6078
I       2891      6079
I       6920      6080
I        889      6081
I       7752      6082
I       6736      6083
I       5968      6084
I       4247      6085
I       4071      6086
I        383      6087
I       1451      6088
I       3100      6089
I       7950      6090
I       2735      6091
I       6253      6092
I       3298      6093
I       8079      6094
I       2760      6095
I       1468      6096
I       4491      6097
I       5889      6098
I       5314      6099
I       7816      6100
I       3605      6101
I       1831      6102
I       2887      6103
I       6627      6104
I       5790      6105
I       6398      6106
I       5041      6107
I       4293      6108
I       2419      6109
I       7318      6110
I       6657      6111
I       6579      6112
I       1122      6113
I       1255      6114
I       5291      6115
I       6599      6116
I       5616      6117
I         57      6118
I        278      6119
I       2952      6120
I       1909      6121
I       1638      6122
I       6022      6123
I       4453      6124
I        294      6125
I       6606      6126
I       7394      6127
I       2041      6128
I       6763      6129
I       3645      6130
I        562      6131
I        802      6132
I       5289      6133
I       1014      6134
I       6955      6135
I       7543      6136
I       1424      6137
I       4118      6138
I       6852      6139
I       3874      6140
I       1046      6141
I       2340      6142
I       5247      6143
I       5018      6144
I       6421      6145
I       3577      6146
I       2396      6147
I       7802      6148
I       2480      6149
I       6347      6150
I       1725      6151
I       7958      6152
I       4299      6153
I       2286      6154
I       5132      6155
I       2223      6156
I       2623      6157
I       1344      6158
I       7529      6159
I       1977      6160
I       5627      6161
I       2358      6162
I       7825      6163
I       2632      6164
I        133      6165
I       2065      6166
I       1360      6167
I       4804      6168
I       4321      6169
I        423      6170
I       3476      6171
I       1746      6172
I       5448      6173
I       3546      6174
I         47      6175
I       6119      6176
I       6353      6177
I       8135      6178
I       1637      6179
I       2528      6180
I       6814      6181
I       7711      6182
I       4058      6183
I       6771      6184
I       4791      6185
I       2324      6186
I       7230      6187
I       7969      6188
I       5865      6189
I       8142      6190
I       5936      6191
I       4762      6192
I       1860      6193
I       2282      6194
I       4964      6195
I       1599      6196
I       5761      6197
I       5298      6198
I       5595      6199
I       2312      6200
I       6736      6201
I       2671      6202
I       6061      6203
I       3342      6204
I       3533      6205
I        911      6206
I       4748      6207
I       6424      6208
I       7522      6209
I       1503      6210
I       7480      6211
I       3092      6212
I       3669      6213
I       7150      6214
I       3113      6215
I       4661      6216
I       6186      6217
I       3246      6218
I       4205      6219
I       6103      6220
I       2699      6221
I       3328      6222
I       1301      6223
I       3648      6224
I       2802      6225
I       5929      6226
I       8099      6227
I       2299      6228
I       6547      6229
I       2407      6230
I       7224      6231
I       6858      6232
I       1415      6233
I       4908      6234
I       3307      6235
I       5639      6236
I       4822      6237
I       3661      6238
I       1123      6239
I       4587      6240
I       6209      6241
I       8088      6242
I       4587      6243
I       6983      6244
I       7303      6245
I       7604      6246
I       2005      6247
I       5907      6248
I       2867      6249
I       1770      6250
I       5668      6251
I        673      6252
I       2460      6253
I       7651      6254
I       4928      6255
I       3565      6256
I       6615      6257
I       6251      6258
I       2858      6259
I       6695      6260
I       7258      6261
I       1358      6262
I       3448      6263
I       4842      6264
I       3900      6265
I       4359      6266
I       2020      6267
I       8168      6268
I       7182      6269
I       2375      6270
I       1073      6271
I       3529      6272
I       6862      6273
I       1754      6274
I       4137      6275
I       4051      6276
I       5837      6277
I       4423      6278
I       1181      6279
I       3866      6280
I       2234      6281
I       4843      6282
I       4605      6283
I       5614      6284
I       5211      6285
I       3112      6286
I       2639      6287
I       5071      6288
I       2610      6289
I       5117      6290
I       3419      6291
I       2285      6292
I       7013      6293
I       7008      6294
I       1820      6295
I       1879      6296
I       1375      6297
I       6000      6298
I       3383      6299
I       2279      6300
I       3716      6301
I       4856      6302
I       5948      6303
I       5403      6304
I       4480      6305
I       7962      6306
I       2189      6307
I       3365      6308
I       3367      6309
I       2419      6310
I       3539      6311
I       5375      6312
I       6527      6313
I       1730      6314
I       2648      6315
I       4359      6316
I       7956      6317
I       2449      6318
I       2347      6319
I        695      6320
I       4932      6321
I       5447      6322
I        997      6323
I       7935      6324
I        966      6325
I       5377      6326
I       2189      6327
I       7744      6328
I       6176      6329
I       6488      6330
I       2492      6331
I       6131      6332
I       8134      6333
I       3344      6334
I       6789      6335
I       4286      6336
I       4836      6337
I       2960      6338
I         72      6339
I       5213      6340
I       1056      6341
I       2502      6342
I       4836      6343
I       6321      6344
I       1601      6345
I       7352      6346
I       6968      6347
I       1606      6348
I       1680      6349
I       7254      6350
I       7481      6351
I       6415      6352
I       4419      6353
I       2559      6354
I       2971      6355
I       2162      6356
I       1633      6357
I       2526      6358
I       3900      6359
I       6760      6360
I       1785      6361
I        937      6362
I       1354      6363
I       3172      6364
I       2842      6365
I       7473      6366
I       6994      6367
I       7595      6368
I       7156      6369
I       1258      6370
I       6127      6371
I       5975      6372
I       1725      6373
I       3761      6374
I       3881      6375
I       7990      6376
I       1986      6377
I       6553      6378
I       4936      6379
I       3260      6380
I       7819      6381
I       5501      6382
I       1944      6383
I       2631      6384
I       5909      6385
I       5055      6386
I       1137      6387
I       3194      6388
I       4368      6389
I       4366      6390
I        682      6391
I       2077      6392
I       4751      6393
I       4400      6394
I       7974      6395
I        780      6396
I        750      6397
I       7171      6398
I       5704      6399
I       7619      6400
I       8001      6401
I       2964      6402
I       8025      6403
I       5464      6404
I       3867      6405
I       5523      6406
I       7671      6407
I       1011      6408
I       4160      6409
I       3505      6410
I       4170      6411
I       6700      6412
I       7914      6413
I       4863      6414
I       7939      6415
I       1942      6416
I       2269      6417
I       4874      6418
I       5359      6419
I       2734      6420
I       1462      6421
I       5259      6422
I       6158      6423
I        867      6424
I       5349      6425
I       7754      6426
I       2905      6427
I       4252      6428
I        296      6429
I       1482      6430
I       6972      6431
I       5565      6432
I       6374      6433
I       2091      6434
I        877      6435
I       3344      6436
I       7903      6437
I       6081      6438
I       5802      6439
I       4882      6440
I        315      6441
I        365      6442
I        593      6443
I       6456      6444
I       5523      6445
I       5757      6446
I       5820      6447
I        237      6448
I       7334      6449
I       1128      6450
I       5386      6451
I        423      6452
I       1633      6453
I       1794      6454
I       1571      6455
I       5678      6456
I       1061      6457
I       5226      6458
I       1407      6459
I       6445      6460
I       1749      6461
I       1250      6462
I        890      6463
I       2933      6464
I       4140      6465
I       4168      6466
I       7915      6467
I       1761      6468
I       4030      6469
I       3665      6470
I       3003      6471
I       6366      6472
I       4382      6473
I       7897      6474
I       3890      6475
I       2050      6476
I       5523      6477
I       3209      6478
I       3087      6479
I       1340      6480
I       6666      6481
I       4229      6482
I        872      6483
I       3996      6484
I       5479      6485
I       4515      6486
I       3580      6487
I       2284      6488
I       8055      6489
I       4344      6490
I          5      6491
I       1592      6492
I       7061      6493
I       5900      6494
I       6617      6495
I       5797      6496
I       7884      6497
I       3281      6498
I       5067      6499
I       2525      6500
I       1325      6501
I       3924      6502
I       5807      6503
I       4505      6504
I       2452      6505
I       5640      6506
I       4194      6507
I       5133      6508
I       1678      6509
I       2805      6510
I       3650      6511
I       5216      6512
I       4085      6513
I       3484      6514
I        250      6515
I       3555      6516
I       7880      6517
I       4272      6518
I       6379      6519
I       1662      6520
I       4406      6521
I       4347      6522
I       7176      6523
I       6748      6524
I       5819      6525
I       3588      6526
I       7490      6527
I       3128      6528
I       7946      6529
I       6485      6530
I       7675      6531
I       2408      6532
I       6549      6533
I       2380      6534
I       2010      6535
I       4171      6536
I       1402      6537
I       4127      6538
I        673      6539
I       2683      6540
I       4645      6541
I       5362      6542
I       6656      6543
I       4955      6544
I       7792      6545
I        225      6546
I       1726      6547
I       4133      6548
I       3557      6549
I       5374      6550
I       1623      6551
I        413      6552
I       5037      6553
I       6209      6554
I       3941      6555
I       1074      6556
I       3903      6557
I       6840      6558
I       4061      6559
I        791      6560
I       7372      6561
I       5469      6562
I       7593      6563
I        817      6564
I        531      6565
I       5887      6566
I       2313      6567
I       2943      6568
I       4156      6569
I       5694      6570
I       2598      6571
I       4938      6572
I       6155      6573
I        887      6574
I       3354      6575
I       7386      6576
I       5742      6577
I       7553      6578
I       4330      6579
I       5029      6580
I       3641      6581
I       1390      6582
I       5906      6583
I       3781      6584
I       3983      6585
I       1114      6586
I       1006      6587
I        508      6588
I       2485      6589
I       6369      6590
I       8028      6591
I       4101      6592
I        927      6593
I       2058      6594
I       7203      6595
I       4330      6596
I        562      6597
I        849      6598
I       7526      6599
I        244      6600
I       6668      6601
I        311      6602
I        933      6603
I       5408      6604
I       5015      6605
I       2923      6606
I       1719      6607
I       6494      6608
I       2903      6609
I       1280      6610
I       7186      6611
I        948      6612
I        740      6613
I       1612      6614
I       7294      6615
I       3791      6616
I        433      6617
I       4773      6618
I       4857      6619
I       6149      6620
I       6441      6621
I       4702      6622
I       1835      6623
I       3153      6624
I       2556      6625
I       2154      6626
I       7960      6627
I       1009      6628
I       6807      6629
I       2272      6630
I        823      6631
I        420      6632
I       5542      6633
I       7269      6634
I       2544      6635
I       7573      6636
I       1009      6637
I       6796      6638
I       3077      6639
I       4759      6640
I       5054      6641
I       7031      6642
I       2337      6643
I       1489      6644
I       7684      6645
I       5593      6646
I       3259      6647
I       5949      6648
I       6257      6649
I       7226      6650
I       6685      6651
I       1933      6652
I       6514      6653
I       7891      6654
I       8179      6655
I       1052      6656
I       3417      6657
I       3218      6658
I       1364      6659
I       7060      6660
I       5820      6661
I        714      6662
I       3854      6663
I       2424      6664
I        918      6665
I       5418      6666
I       1844      6667
I       5196      6668
I       4532      6669
I       3203      6670
I       4837      6671
I       7491      6672
I        408      6673
I       5325      6674
I       6652      6675
I         59      6676
I       5793      6677
I       1366      6678
I       5349      6679
I       7710      6680
I       6461      6681
I        204      6682
I       2153      6683
I       2044      6684
I       7545      6685
I       6630      6686
I       2657      6687
I       3404      6688
I       1986      6689
I       5965      6690
I        674      6691
I       4650      6692
I       5163      6693
I       1227      6694
I       6443      6695
I       4826      6696
I       3459      6697
I       1385      6698
I       5078      6699
I        750      6700
I       5236      6701
I       3793      6702
I       5498      6703
I       4684      6704
I       2943      6705
I       4965      6706
I       2025      6707
I       3419      6708
I       6090      6709
I       7467      6710
I       8103      6711
I       7024      6712
I       7312      6713
I       4134      6714
I       1202      6715
I       4082      6716
I       6221      6717
I       5522      6718
I       7684      6719
I       6820      6720
I       7806      6721
I       2585      6722
I       6910      6723
I       6181      6724
I       3942      6725
I       3445      6726
I       4632      6727
I       7560      6728
I       6173      6729
I       3972      6730
I       7833      6731
I       3290      6732
I        730      6733
I       5050      6734
I       4821      6735
I       3553      6736
I        128      6737
I        741      6738
I       7816      6739
I        992      6740
I       4701      6741
I       3046      6742
I       6764      6743
I       6126      6744
I       5507      6745
I       2229      6746
I       1472      6747
I       6597      6748
I         28      6749
I       4178      6750
I       7449      6751
I       5114      6752
I       7729      6753
I        469      6754
I       3012      6755
I       7865      6756
I       6917      6757
I       1714      6758
I       5430      6759
I       3684      6760
I         99      6761
I        228      6762
I       2778      6763
I       3656      6764
I       2301      6765
I       5475      6766
I       5112      6767
I       7724      6768
I       4329      6769
I       5306      6770
I       4418      6771
I       7666      6772
I       4184      6773
I       7376      6774
I       1609      6775
I       6067      6776
I       4268      6777
I       1027      6778
I       7013      6779
I       7842      6780
I       3633      6781
I        707      6782
I       7180      6783
I        974      6784
I       7226      6785
I       2493      6786
I       6328      6787
I        149      6788
I       5282      6789
I       4267      6790
I       1874      6791
I       7630      6792
I       6528      6793
I       3625      6794
I       4005      6795
I       5913      6796
I       6444      6797
I        963      6798
I        804      6799
I       2653      6800
I       8094      6801
I        564      6802
I       1287      6803
I       4749      6804
I       4176      6805
I       7401      6806
I       5587      6807
I       5665      6808
I       2623      6809
I       6188      6810
I       7121      6811
I       6157      6812
I       2845      6813
I       4721      6814
I       4848      6815
I        927      6816
I       3077      6817
I       2587      6818
I        357      6819
I       2494      6820
I       7205      6821
I       4874      6822
I       1684      6823
I        311      6824
I       6460      6825
I        297      6826
I       5658      6827
I       3393      6828
I       3475      6829
I       3618      6830
I       1474      6831
I       5301      6832
I       1767      6833
I       7783      6834
I       1662      6835
I        439      6836
I       2835      6837
I       1398      6838
I       6017      6839
I        459      6840
I       4310      6841
I       7961      6842
I       1878      6843
I       7519      6844
I       7955      6845
I       5271      6846
I        365      6847
I       1346      6848
I        868      6849
I        573      6850
I       7416      6851
I       2379      6852
I       4321      6853
I       2621      6854
I       5051      6855
I       7443      6856
I       6584      6857
I       5993      6858
I       7858      6859
I       5525      6860
I       7610      6861
I          9      6862
I       4676      6863
I       1230      6864
I       5525      6865
I       7757      6866
I       3340      6867
I       3550      6868
I       5205      6869
I       3399      6870
I       4260      6871
I       6372      6872
I       1789      6873
I       4219      6874
I       6318      6875
I       4299      6876
I       5899      6877
I        300      6878
I       3929      6879
I       3167      6880
I       3200      6881
I       2472      6882
I        553      6883
I       2120      6884
I       2315      6885
I        278      6886
I       3454      6887
I        623      6888
I       2691      6889
I       5937      6890
I       3391      6891
I       6851      6892
I       6450      6893
I       7118      6894
I       1759      6895
I       1194      6896
I        768      6897
I       1962      6898
I       2198      6899
I       1818      6900
I       3055      6901
I       3244      6902
I       4426      6903
I       3462      6904
I       4788      6905
I       5830      6906
I       2201      6907
I       7412      6908
I       5327      6909
I       4276      6910
I       7623      6911
I        771      6912
I       2654      6913
I       7767      6914
I       1976      6915
I       5446      6916
I       4622      6917
I       4647      6918
I       5712      6919
I       6891      6920
I       1887      6921
I       1496      6922
I       4487      6923
I       4363      6924
I       7447      6925
I        213      6926
I       6020      6927
I       7200      6928
I       4582      6929
I       1712      6930
I       3226      6931
I       7005      6932
I       2238      6933
I       1630      6934
I       7279      6935
I       2468      6936
I       4360      6937
I        533      6938
I       2073      6939
I       5195      6940
I       4556      6941
I       6028      6942
I       4976      6943
I       7947      6944
I       1393      6945
I       3795      6946
I       1272      6947
I        273      6948
I       6122      6949
I        679      6950
I       7951      6951
I       1067      6952
I       4151      6953
I       6547      6954
I       6491      6955
I       5240      6956
I       5562      6957
I       7894      6958
I       8155      6959
I       3436      6960
I       5356      6961
I        115      6962
I       4880      6963
I       7057      6964
I       7651      6965
I       7824      6966
I       6224      6967
I       5065      6968
I        432      6969
I       4760      6970
I       3041      6971
I       1325      6972
I       5978      6973
I        508      6974
I       4677      6975
I       5192      6976
I       3322      6977
I       5284      6978
I       5518      6979
I       5397      6980
I       5708      6981
I       8182      6982
I       5951      6983
I       5994      6984
I       6643      6985
I        869      6986
I       5213      6987
I       1716      6988
I       3187      6989
I       2198      6990
I       1752      6991
I       1716      6992
I       1660      6993
I       1729      6994
I        252      6995
I       1140      6996
I       4757      6997
I       5451      6998
I       1040      6999
I        636      7000
I       6102      7001
I        948      7002
I       4407      7003
I       1568      7004
I       7956      7005
I       3333      7006
I       2661      7007
I       7066      7008
I       8012      7009
I       2613      7010
I       2707      7011
I       4421      7012
I       7844      7013
I       3535      7014
I        749      7015
I       4256      7016
I       5858      7017
I       5927      7018
I       4447      7019
I       2631      7020
I        312      7021
I       3546      7022
I       5673      7023
I       4895      7024
I       3925      7025
I       7018      7026
I       2944      7027
I       1889      7028
I       3427      7029
I       3238      7030
I       2003      7031
I       6716      7032
I       5105      7033
I       7110      7034
I       6328      7035
I       1581      7036
I       7253      7037
I       1994      7038
I       1812      7039
I       2041      7040
I        895      7041
I       2565      7042
I       6700      7043
I       6275      7044
I       2709      7045
I       3881      7046
I       1572      7047
I       1140      7048
I       1278      7049
I       7903      7050
I       3300      7051
I       1160      7052
I       2174      7053
I        342      7054
I       6225      7055
I       6755      7056
I       2035      7057
I       6012      7058
I        104      7059
I       7369      7060
I       7521      7061
I       1585      7062
I       1807      7063
I       1855      7064
I       7520      7065
I       6214      7066
I       4077      7067
I       2662      7068
I       7280      7069
I        125      7070
I       2511      7071
I       8005      7072
I       1894      7073
I       7473      7074
I        355      7075
I       6203      7076
I       1676      7077
I       7750      7078
I       6681      7079
I       7029      7080
I       5460      7081
I       1722      7082
I       7865      7083
I       2754      7084
I       2345      7085
I        404      7086
I       7830      7087
I       7972      7088
I       3496      7089
I       3417      7090
I        356      7091
I       3240      7092
I       1746      7093
I       3883      7094
I        979      7095
I       1968      7096
I        585      7097
I        319      7098
I        624      7099
I       6799      7100
I       4293      7101
I       2146      7102
I       4196      7103
I       1032      7104
I         40      7105
I       3805      7106
I        398      7107
I       5988      7108
I         73      7109
I       7029      7110
I       1945      7111
I       1955      7112
I       4313      7113
I       6543      7114
I       1935      7115
I       4318      7116
I         95      7117
I       1748      7118
I       2819      7119
I       6861      7120
I       7362      7121
I       5924      7122
I       6158      7123
I        751      7124
I       2424      7125
I       5961      7126
I       2126      7127
I       7501      7128
I       3003      7129
I       3053      7130
I         57      7131
I       7945      7132
I       1762      7133
I       5959      7134
I       1784      7135
I       1946      7136
I       8030      7137
I        520      7138
I       2211      7139
I       6622      7140
I       6187      7141
I       1113      7142
I       4277      7143
I       7622      7144
I       3190      7145
I       6722      7146
I       6211      7147
I       7823      7148
I       7457      7149
I       5599      7150
I       5680      7151
I       4205      7152
I       6187      7153
I       3584      7154
I       4989      7155
I       1836      7156
I       1084      7157
I       1259      7158
I       4398      7159
I       1941      7160
I       3838      7161
I       8151      7162
I       4301      7163
I       2161      7164
I       2302      7165
I        673      7166
I       4978      7167
I       6917      7168
I       7559      7169
I       6492      7170
I       2397      7171
I       4810      7172
I       2180      7173
I       2391      7174
I       1455      7175
I       4492      7176
I       7863      7177
I       7409      7178
I       6826      7179
I        917      7180
I       6349      7181
I       5955      7182
I       7056      7183
I       5026      7184
I       7274      7185
I       5574      7186
I       6524      7187
I       6899      7188
I       4400      7189
I       1005      7190
I       1717      7191
I       3754      7192
I       5494      7193
I       8128      7194
I       1707      7195
I       2306      7196
I       1910      7197
I       6822      7198
I        364      7199
I       6680      7200
I       7628      7201
I        705      7202
I       2541      7203
I       3533      7204
I       2067      7205
I       7549      7206
I       5989      7207
I       6523      7208
I       5946      7209
I       4126      7210
I       4376      7211
I       5766      7212
I        206      7213
I       6961      7214
I       1528      7215
I       5349      7216
I       4382      7217
I       3925      7218
I       5595      7219
I       2648      7220
I        246      7221
I       7049      7222
I       6979      7223
I       4265      7224
I        324      7225
I       5813      7226
I        174      7227
I       7085      7228
I       7489      7229
I       3830      7230
I       7305      7231
I       6724      7232
I       3857      7233
I        796      7234
I       3600      7235
I       3710      7236
I       3673      7237
I       6989      7238
I       5317      7239
I        447      7240
I       4475      7241
I       1768      7242
I       1593      7243
I       7456      7244
I       3192      7245
I       4850      7246
I       6073      7247
I       1507      7248
I       7258      7249
I       7197      7250
I       7481      7251
I       5144      7252
I       5578      7253
I       4931      7254
I        564      7255
I       6905      7256
I       4183      7257
I       2567      7258
I       1984      7259
I       6447      7260
I       8091      7261
I       3597      7262
I       5434      7263
I        738      7264
I       5011      7265
I       7753      7266
I       2407      7267
I       6487      7268
I       3959      7269
I       5786      7270
I       1618      7271
I       2150      7272
I       4132      7273
I       6510      7274
I        509      7275
I       3510      7276
I       7071      7277
I       2765      7278
I       7739      7279
I       4941      7280
I       4531      7281
I       6470      7282
I       6403      7283
I       3636      7284
I       2354      7285
I       6325      7286
I       5878      7287
I       2075      7288
I       4394      7289
I       2046      7290
I       3091      7291
I       5922      7292
I       7641      7293
I       1070      7294
I       2771      7295
I       5808      7296
I       4340      7297
I        402      7298
I       8169      7299
I       4624      7300
I         76      7301
I       6976      7302
I       3336      7303
I       2557      7304
I       5108      7305
I       4322      7306
I       7072      7307
I       6405      7308
I       6891      7309
I       5764      7310
I       5276      7311
I       5493      7312
I       6960      7313
I       5685      7314
I       5775      7315
I       4635      7316
I       7311      7317
I       2402      7318
I       4015      7319
I       7467      7320
I       2035      7321
I       6315      7322
I       4215      7323
I       3531      7324
I       1974      7325
I       4513      7326
I       7527      7327
I       3000      7328
I       4830      7329
I        332      7330
I       3758      7331
I       7776      7332
I       7045      7333
I       1126      7334
I       1586      7335
I       2845      7336
I       6532      7337
I       2227      7338
I       6392      7339
I       2544      7340
I       5602      7341
I       5305      7342
I       1035      7343
I       1217      7344
I       4025      7345
I       5178      7346
I       5670      7347
I       5027      7348
I       6800      7349
I        146      7350
I       7947      7351
I       3350      7352
I       5346      7353
I       7259      7354
I       6678      7355
I       4452      7356
I       3577      7357
I       8078      7358
I       1537      7359
I       8153      7360
I       1775      7361
I       7085      7362
I       2312      7363
I       4135      7364
I       4329      7365
I       3563      7366
I       4565      7367
I        372      7368
I        438      7369
I        462      7370
I       5971      7371
I       2119      7372
I       1185      7373
I       5801      7374
I       5190      7375
I       4454      7376
I        503      7377
I       3302      7378
I       4620      7379
I       5611      7380
I       2872      7381
I       5935      7382
I       1844      7383
I       5437      7384
I       4169      7385
I       6770      7386
I       6359      7387
I       4971      7388
I       5813      7389
I       2424      7390
I       6935      7391
I       6137      7392
I       2935      7393
I        766      7394
I       7310      7395
I       2278      7396
I        592      7397
I       2913      7398
I        663      7399
I       8001      7400
I       4797      7401
I       1293      7402
I       6625      7403
I       4364      7404
I       8142      7405
I       5710      7406
I       7358      7407
I       2015      7408
I       3591      7409
I       4284      7410
I       5151      7411
I       2819      7412
I       8145      7413
I        514      7414
I       2497      7415
I       7735      7416
I       1196      7417
I       5512      7418
I       1402      7419
I       6910      7420
I       2651      7421
I       5972      7422
I       1057      7423
I       4618      7424
I       6786      7425
I       7743      7426
I       6215      7427
I       2853      7428
I       3506      7429
I       7109      7430
I       1258      7431
I       1345      7432
I       3848      7433
I       5285      7434
I       6890      7435
I        471      7436
I       4828      7437
I       7129      7438
I       1151      7439
I       2791      7440
I       7652      7441
I       3117      7442
I       7040      7443
I        425      7444
I       2875      7445
I       4481      7446
I       5466      7447
I       7877      7448
I       3467      7449
I       2319      7450
I       6613      7451
I       7436      7452
I       4276      7453
I       6263      7454
I       1241      7455
I       6847      7456
I       1813      7457
I       5023      7458
I       8173      7459
I       1526      7460
I       5897      7461
I       5410      7462
I       3693      7463
I       2865      7464
I       3784      7465
I       3575      7466
I       5780      7467
I       4696      7468
I       2038      7469
I       2900      7470
I       5158      7471
I       2338      7472
I       1760      7473
I       8102      7474
I       3051      7475
I       4385      7476
I       7700      7477
I       6016      7478
I       1030      7479
I       6621      7480
I       2501      7481
I       1416      7482
I       7733      7483
I       5482      7484
I        168      7485
I       2656      7486
I       7735      7487
I       7218      7488
I        568      7489
I        511      7490
I       1838      7491
I       3476      7492
I       7759      7493
I       1424      7494
I       3407      7495
I       7970      7496
I       7261      7497
I       2744      7498
I        319      7499
I       7834      7500
I       7061      7501
I       8004      7502
I       3371      7503
I        905      7504
I       7872      7505
I       1108      7506
I       6925      7507
I       3031      7508
I        857      7509
I       6675      7510
I       8073      7511
I       6035      7512
I       8080      7513
I       7026      7514
I       3118      7515
I       3325      7516
I       1333      7517
I       4930      7518
I       6237      7519
I       2620      7520
I       3792      7521
I       7473      7522
I       3439      7523
I        202      7524
I       2223      7525
I        721      7526
I       4711      7527
I       7396      7528
I       5793      7529
I       1291      7530
I       8096      7531
I       6606      7532
I       1157      7533
I       7973      7534
I        995      7535
I       7484      7536
I       5308      7537
I       3186      7538
I       1572      7539
I       7164      7540
I       6215      7541
I       3489      7542
I       1592      7543
I       1781      7544
I       2461      7545
I       3639      7546
I       3176      7547
I       4141      7548
I       8049      7549
I       5752      7550
I       8167      7551
I        854      7552
I        398      7553
I       3335      7554
I       6756      7555
I        432      7556
I       1364      7557
I       7611      7558
I         67      7559
I       4581      7560
I       1290      7561
I        427      7562
I       3485      7563
I        743      7564
I       1802      7565
I       6814      7566
I       3313      7567
I       4026      7568
I       2686      7569
I       7376      7570
I       2056      7571
I       5380      7572
I       2488      7573
I       4735      7574
I       2932      7575
I       3527      7576
I       2189      7577
I       1745      7578
I       4077      7579
I       2285      7580
I       6012      7581
I       2817      7582
I        391      7583
I       7574      7584
I       8148      7585
I         57      7586
I       4755      7587
I       8119      7588
I        466      7589
I       6462      7590
I       7972      7591
I       6725      7592
I        934      7593
I       2181      7594
I       1952      7595
I       5780      7596
I       6712      7597
I       2160      7598
I       3551      7599
I       6416      7600
I       2235      7601
I       1298      7602
I       5310      7603
I       7909      7604
I       2455      7605
I       1570      7606
I       7035      7607
I       5334      7608
I       2435      7609
I       7617      7610
I       7573      7611
I        174      7612
I       4073      7613
I       4302      7614
I       4435      7615
I       6610      7616
I       3824      7617
I       6010      7618
I       4108      7619
I       3046      7620
I       2657      7621
I       7107      7622
I       6712      7623
I       2078      7624
I       5970      7625
I       1458      7626
I       6112      7627
I       7187      7628
I       2675      7629
I       4600      7630
I       1670      7631
I       4625      7632
I       3795      7633
I       3987      7634
I       1189      7635
I       6842      7636
I       2547      7637
I       7561      7638
I       5031      7639
I       4385      7640
I       5636      7641
I        131      7642
I       5337      7643
I       3086      7644
I       6703      7645
I       3062      7646
I       4846      7647
I       5638      7648
I       7611      7649
I       2507      7650
I       5330      7651
I       2747      7652
I       4688      7653
I       4316      7654
I        741      7655
I       6101      7656
I       2179      7657
I       3886      7658
I       6084      7659
I       6534      7660
I       3016      7661
I       4590      7662
I       6167      7663
I       3637      7664
I       5045      7665
I        287      7666
I       7530      7667
I       4270      7668
I       5693      7669
I       6011      7670
I       7467      7671
I       1101      7672
I       7472      7673
I       7388      7674
I       4697      7675
I       3388      7676
I       2678      7677
I       4164      7678
I       4306      7679
I       5503      7680
I       2399      7681
I       5947      7682
I       2814      7683
I        473      7684
I        301      7685
I       7251      7686
I       7550      7687
I       2065      7688
I       6672      7689
I       3420      7690
I       2886      7691
I       5277      7692
I       5708      7693
I       3428      7694
I       4827      7695
I       4415      7696
I       4598      7697
I       6830      7698
I       5357      7699
I        579      7700
I        130      7701
I       2433      7702
I       2596      7703
I       8034      7704
I       7689      7705
I       5164      7706
I        775      7707
I       2933      7708
I       4498      7709
I       7826      7710
I       1556      7711
I       7935      7712
I       7244      7713
I       6735      7714
I       5417      7715
I        232      7716
I        124      7717
I       4455      7718
I       7781      7719
I         27      7720
I       2542      7721
I       6524      7722
I       4074      7723
I       3815      7724
I       3541      7725
I       3708      7726
I       3965      7727
I       4534      7728
I       6093      7729
I       1606      7730
I       7879      7731
I       2650      7732
I       7354      7733
I       1461      7734
I       2659      7735
I       3152      7736
I       2585      7737
I       5282      7738
I       7101      7739
I       3260      7740
I       6905      7741
I        344      7742
I       2848      7743
I       5547      7744
I       3316      7745
I       7268      7746
I       7067      7747
I       3312      7748
I       2520      7749
I       3565      7750
I       2365      7751
I       1206      7752
I       2784      7753
I       5531      7754
I       2798      7755
I        404      7756
I       1207      7757
I       1682      7758
I       2502      7759
I       4934      7760
I         62      7761
I       5599      7762
I       4269      7763
I       2731      7764
I       6046      7765
I       6325      7766
I       2205      7767
I       3613      7768
I       7750      7769
I       5478      7770
I       5862      7771
I       1261      7772
I       6716      7773
I       1853      7774
I       4510      7775
I       6049      7776
I       4789      7777
I       4056      7778
I       7529      7779
I       6315      7780
I       1477      7781
I       7084      7782
I       4918      7783
I       4833      7784
I       4845      7785
I       3164      7786
I       4267      7787
I       3659      7788
I       6302      7789
I       5243      7790
I       4783      7791
I       3103      7792
I       1698      7793
I       5373      7794
I       6024      7795
I       1055      7796
I       5491      7797
I        392      7798
I       7666      7799
I        472      7800
I       3667      7801
I       2595      7802
I       1237      7803
I       6608      7804
I       7653      7805
I       1489      7806
I       1462      7807
I       6689      7808
I       6236      7809
I       1303      7810
I        547      7811
I       3629      7812
I       5821      7813
I        294      7814
I       3175      7815
I       2170      7816
I       3999      7817
I       2215      7818
I       7996      7819
I       3975      7820
I       3880      7821
I       6660      7822
I        557      7823
I       5765      7824
I       2293      7825
I       3069      7826
I       8054      7827
I       1559      7828
I       4228      7829
I       5479      7830
I       7653      7831
I       5594      7832
I       4001      7833
I       1181      7834
I       6689      7835
I       3769      7836
I       1805      7837
I       2692      7838
I       8119      7839
I       6460      7840
I       2625      7841
I        697      7842
I       7710      7843
I       4741      7844
I       3061      7845
I       5336      7846
I       1761      7847
I       3605      7848
I       4999      7849
I       4993      7850
I       4728      7851
I       6311      7852
I       1479      7853
I       4473      7854
I       6631      7855
I       6762      7856
I       7914      7857
I       7447      7858
I       6465      7859
I       2946      7860
I       7899      7861
I       1652      7862
I       1954      7863
I       3299      7864
I        789      7865
I       1296      7866
I       4922      7867
I       6674      7868
I       5500      7869
I       7643      7870
I       6586      7871
I       3964      7872
I       6790      7873
I       1795      7874
I       6800      7875
I       1468      7876
I       1939      7877
I       7870      7878
I       5630      7879
I       1138      7880
I       1103      7881
I       6758      7882
I       4605      7883
I       1325      7884
I       3764      7885
I       6041      7886
I       8004      7887
I       3375      7888
I       3725      7889
I       3831      7890
I       6584      7891
I       2562      7892
I       5337      7893
I       2777      7894
I        761      7895
I       1458      7896
I       7273      7897
I       7431      7898
I       3734      7899
I       1931      7900
I       5274      7901
I       6904      7902
I       4602      7903
I       1075      7904
I       3979      7905
I        824      7906
I       8040      7907
I       1159      7908
I       3005      7909
I       5381      7910
I       1092      7911
I       1551      7912
I       5516      7913
I       2483      7914
I       2751      7915
I        201      7916
I       6714      7917
I       2819      7918
I       4663      7919
I       5437      7920
I       3066      7921
I       1865      7922
I       1105      7923
I       7279      7924
I       7982      7925
I       1721      7926
I       6699      7927
I       1013      7928
I       3907      7929
I        399      7930
I       5096      7931
I        816      7932
I        919      7933
I       4125      7934
I        512      7935
I       2192      7936
I       7940      7937
I       5997      7938
I       8080      7939
I       1367      7940
I       1539      7941
I       5592      7942
I       5016      7943
I       1571      7944
I       1220      7945
I       1312      7946
I        508      7947
I       4699      7948
I       4954      7949
I       5884      7950
I       4786      7951
I       2893      7952
I       7645      7953
I       2579      7954
I       3285      7955
I       4780      7956
I         95      7957
I       1619      7958
I        562      7959
I       2219      7960
I       2476      7961
I       2829      7962
I       2550      7963
I       7611      7964
I       2737      7965
I       6874      7966
I       6900      7967
I       5703      7968
I       8027      7969
I       1008      7970
I       7933      7971
I       5333      7972
I       3448      7973
I       1706      7974
I       7654      7975
I       2689      7976
I       4628      7977
I       5486      7978
I       5887      7979
I       7301      7980
I       6880      7981
I       5289      7982
I       4891      7983
I       2622      7984
I        993      7985
I       2707      7986
I       5947      7987
I       4200      7988
I       2786      7989
I       3353      7990
I       4785      7991
I       4471      7992
I       3093      7993
I        504      7994
I       7295      7995
I       2425      7996
I        666      7997
I       7016      7998
I        197      7999
I       2309      8000
I       7578      8001
I        954      8002
I       6283      8003
I       3859      8004
I       2592      8005
I       2868      8006
I       8121      8007
I       5317      8008
I       2280      8009
I        228      8010
I       7734      8011
I        914      8012
I       7364      8013
I        662      8014
I       4192      8015
I       5696      8016
I         96      8017
I       3511      8018
I       3732      8019
I       4792      8020
I       2497      8021
I       3113      8022
I        491      8023
I       5769      8024
I       4493      8025
I       7907      8026
I       6533      8027
I         11      8028
I       1728      8029
I       2524      8030
I       6344      8031
I       5373      8032
I       3271      8033
I       8084      8034
I       5393      8035
I       4152      8036
I       6756      8037
I       2089      8038
I       5693      8039
I       4764      8040
I       6262      8041
I        945      8042
I       3116      8043
I       8110      8044
I       3351      8045
I       8099      8046
I       2388      8047
I       5504      8048
I       6760      8049
I       1115      8050
I       2326      8051
I       4682      8052
I       2442      8053
I        398      8054
I       6856      8055
I       5589      8056
I        518      8057
I       2480      8058
I       1484      8059
I       2975      8060
I       1391      8061
I       2653      8062
I       6804      8063
I        438      8064
I       1466      8065
I       1037      8066
I       5084      8067
I       6512      8068
I       3692      8069
I       3922      8070
I        608      8071
I       4224      8072
I       6845      8073
I       4106      8074
I       7669      8075
I       1048      8076
I       4649      8077
I       3816      8078
I       6072      8079
I       3564      8080
I       4304      8081
I       6156      8082
I       5918      8083
I       6110      8084
I       4324      8085
I       5858      8086
I       7486      8087
I       6125      8088
I       2389      8089
I       2818      8090
I       6912      8091
I       7233      8092
I         45      8093
I       6020      8094
I        600      8095
I        374      8096
I       2648      8097
I       5944      8098
I          4      8099
I       6395      8100
I       4182      8101
I       2481      8102
I       5662      8103
I       2974      8104
I       2557      8105
I       6091      8106
I       3817      8107
I       2862      8108
I       6019      8109
I       4452      8110
I        117      8111
I       3825      8112
I       5711      8113
I       2161      8114
I       7570      8115
I       6717      8116
I       7001      8117
I        260      8118
I       3343      8119
I       6119      8120
I        100      8121
I       2809      8122
I       4446      8123
I       6567      8124
I       6610      8125
I       1890      8126
I       8190      8127
I       3287      8128
I         34      8129
I       2000      8130
I       2439      8131
I        232      8132
I       4747      8133
I        999      8134
I       4984      8135
I       6891      8136
I        635      8137
I       5131      8138
I        124      8139
I       1294      8140
I       4936      8141
I       6303      8142
I       5148      8143
I       3171      8144
I       2501      8145
I       5574      8146
I       7752      8147
I       3558      8148
I       2997      8149
I       8038      8150
I       8046      8151
I       6934      8152
I       1685      8153
I       2078      8154
I       1639      8155
I       2402      8156
I       6020      8157
I       3037      8158
I       1379      8159
I       5245      8160
I       6622      8161
I         33      8162
I       5271      8163
I        811      8164
I       3511      8165
I       1889      8166
I       3904      8167
I       5858      8168
I       6141      8169
I       5251      8170
I       3976      8171
I         42      8172
I       7920      8173
I       7952      8174
I       5784      8175
I       1866      8176
I       4447      8177
I       2607      8178
I       7920      8179
I        420      8180
I       6643      8181
I       1191      8182
I       1747      8183
I       5416      8184
I       4369      8185
I       7086      8186
I       6689      8187
I       4753      8188
I       6200      8189
I       6555      8190
I       4815      8191
E
E
E
E
E
E
E
E
E
E
E
E
E
E
E
E
E
E
E
E
E
E
E
E
E
E
E
E
E
E
E
E
E
E
E
E
E
E
E
E
E
E
E
E
E
E
E
E
E
E
E
E
E
E
E
E
E
E
E
E
E
E
E
E
E
E
E
E
E
E
E
E
E
E
E
E
E
E
E
E
E
E
E
E
E
E
E
E
E
E
E
E
E
E
E
E
E
E
E
E
E
E
E
E
E
E
E
E
E
E
E
E
E
E
E
E
E
E
E
E
E
E
E
E
E
E
E
E
E
E
E
E
E
E
E
E
E
E
E
E
E
E
E
E
E
E
E
E
E
E
E
E
E
E
E
E
E
E
E
E
E
E
E
E
E
E
E
E
E
E
E
E
E
E
E
E
E
E
E
E
E
E
E
E
E
E
E
E
E
E
E
E
E
E
E
E
E
E
E
E
E
E
E
E
E
E
E
E
E
E
E
E
E
E
E
E
E
E
E
E
E
E
E
E
E
E
E
E
E
E
E
E
E
E
E
E
E
E
E
E
E
E
E
E
E
E
E
E
E
E
E
E
E
E
E
E
E
E
E
E
E
E
E
E
E
E
E
E
E
E
E
E
E
E
E
E
E
E
E
E
E
E
E
E
E
E
E
E
E
E
E
E
E
E
E
E
E
E
E
E
E
E
E
E
E
E
E
E
E
E
E
E
E
E
E
E
E
E
E
E
E
E
E
E
E
E
E
E
E
E
E
E
E
E
E
E
E
E
E
E
E
E
E
E
E
E
E
E
E
E
E
E
E
E
E
E
E
E
E
E
E
E
E
E
E
E
E
E
E
E
E
E
E
E
E
E
E
E
E
E
E
E
E
E
E
E
E
E
E
E
E
E
E
E
E
E
E
E
E
E
E
E
E
E
E
E
E
E
E
E
E
E
E
E
E
E
E
E
E
E
E
E
E
E
E
E
E
E
E
E
E
E
E
E
E
E
E
E
E
E
E
E
E
E
E
E
E
E
E
E
E
E
E
E
E
E
E
E
E
E
E
E
E
E
E
E
E
E
E
E
E
E
E
E
E
E
E
E
E
E
E
E
E
E
E
E
E
E
E
E
E
E
E
E
E
E
E
E
E
E
E
E
E
E
E
E
E
E
E
E
E
E
E
E
E
E
E
E
E
E
E
E
E
E
E
E
E
E
E
E
E
E
E
E
E
E
E
E
E
E
E
E
E
E
E
E
E
E
E
E
E
E
E
E
E
E
E
E
E
E
E
E
E
E
E
E
E
E
E
E
E
E
E
E
E
E
E
E
E
E
E
E
E
E
E
E
E
E
E
E
E
E
E
E
E
E
E
E
E
E
E
E
E
E
E
E
E
E
E
E
E
E
E
E
E
E
E
E
E
E
E
E
E
E
E
E
E
E
E
E
E
E
E
E
E
E
E
E
E
E
E
E
E
E
E
E
E
E
E
E
E
E
E
E
E
E
E
E
E
E
E
E
E
E
E
E
E
E
E
E
E
E
E
E
E
E
E
E
E
E
E
E
E
E
E
E
E
E
E
E
E
E
E
E
E
E
E
E
E
E
E
E
E
E
E
E
E
E
E
E
E
E
E
E
E
E
E
E
E
E
E
E
E
E
E
E
E
E
E
E
E
E
E
E
E
E
E
E
E
E
E
E
E
E
E
E
E
E
E
E
E
E
E
E
E
E
E
E
E
E
E
E
E
E
E
E
E
E
E
E
E
E
E
E
E
E
E
E
E
E
E
E
E
E
E
E
E
E
E
E
E
E
E
E
E
E
E
E
E
E
E
E
E
E
E
E
E
E
E
E
E
E
E
E
E
E
E
E
E
E
E
E
E
E
E
E
E
E
E
E
E
E
E
E
E
E
E
E
E
E
E
E
E
E
E
E
E
E
E
E
E
E
E
E
E
E
E
E
E
E
E
E
E
E
E
E
E
E
E
E
E
E
E
E
E
E
E
E
E
E
E
E
E
E
E
E
E
E
E
E
E
E
E
E
E
E
E
E
E
E
E
E
E
E
E
E
E
E
E
E
E
E
E
E
E
E
E
E
E
E
E
E
E
E
E
E
E
E
E
E
E
E
E
E
E
E
E
E
E
E
E
E
E
E
E
E
E
E
E
E
E
E
E
E
E
E
E
E
E
E
E
E
E
E
E
E
E
E
E
E
E
E
E
E
E
E
E
E
E
E
E
E
E
E
E
E
E
E
E
E
E
E
E
E
E
E
E
E
E
E
E
E
E
E
E
E
E
E
E
E
E
E
E
E
E
E
E
E
E
E
E
E
E
E
E
E
E
E
E
E
E
E
E
E
E
E
E
E
E
E
E
E
E
E
E
E
E
E
E
E
E
E
E
E
E
E
E
E
E
E
E
E
E
E
E
E
E
E
E
E
E
E
E
E
E
E
E
E
E
E
E
E
E
E
E
E
E
E
E
E
E
E
E
E
E
E
E
E
E
E
E
E
E
E
E
E
E
E
E
E
E
E
E
E
E
E
E
E
E
E
E
E
E
E
E
E
E
E
E
E
E
E
E
E
E
E
E
E
E
E
E
E
E
E
E
E
E
E
E
E
E
E
E
E
E
E
E
E
E
E
E
E
E
E
E
E
E
E
E
E
E
E
E
E
E
E
E
E
E
E
E
E
E
E
E
E
E
E
E
E
E
E
E
E
E
E
E
E
E
E
E
E
E
E
E
E
E
E
E
E
E
E
E
E
E
E
E
E
E
E
E
E
E
E
E
E
E
E
E
E
E
E
E
E
E
E
E
E
E
E
E
E
E
E
E
E
E
E
E
E
E
E
E
E
E
E
E
E
E
E
E
E
E
E
E
E
E
E
E
E
E
E
E
E
E
E
E
E
E
E
E
E
E
E
E
E
E
E
E
E
E
E
E
E
E
E
E
E
E
E
E
E
E
E
E
E
E
E
E
E
E
E
E
E
E
E
E
E
E
E
E
E
E
E
E
E
E
E
E
E
E
E
E
E
E
E
E
E
E
E
E
E
E
E
E
E
E
E
E
E
E
E
E
E
E
E
E
E
E
E
E
E
E
E
E
E
E
E
E
E
E
E
E
E
E
E
E
E
E
E
E
E
E
E
E
E
E
E
E
E
E
E
E
E
E
E
E
E
E
E
E
E
E
E
E
E
E
E
E
E
E
E
E
E
E
E
E
E
E
E
E
E
E
E
E
E
E
E
E
E
E
E
E
E
E
E
E
E
E
E
E
E
E
E
E
E
E
E
E
E
E
E
E
E
E
E
E
E
E
E
E
E
E
E
E
E
E
E
E
E
E
E
E
E
E
E
E
E
E
E
E
E
E
E
E
E
E
E
E
E
E
E
E
E
E
E
E
E
E
E
E
E
E
E
E
E
E
E
E
E
E
E
E
E
E
E
E
E
E
E
E
E
E
E
E
E
E
E
E
E
E
E
E
E
E
E
E
E
E
E
E
E
E
E
E
E
E
E
E
E
E
E
E
E
E
E
E
E
E
E
E
E
E
E
E
E
E
E
E
E
E
E
E
E
E
E
E
E
E
E
E
E
E
E
E
E
E
E
E
E
E
E
E
E
E
E
E
E
E
E
E
E
E
E
E
E
E
E
E
E
E
E
E
E
E
E
E
E
E
E
E
E
E
E
E
E
E
E
E
E
E
E
E
E
E
E
E
E
E
E
E
E
E
E
E
E
E
E
E
E
E
E
E
E
E
E
E
E
E
E
E
E
E
E
E
E
E
E
E
E
E
E
E
E
E
E
E
E
E
E
E
E
E
E
E
E
E
E
E
E
E
E
E
E
E
E
E
E
E
E
E
E
E
E
E
E
E
E
E
E
E
E
E
E
E
E
E
E
E
E
E
E
E
E
E
E
E
E
E
E
E
E
E
E
E
E
E
E
E
E
E
E
E
E
E
E
E
E
E
E
E
E
E
E
E
E
E
E
E
E
E
E
E
E
E
E
E
E
E
E
E
E
E
E
E
E
E
E
E
E
E
E
E
E
E
E
E
E
E
E
E
E
E
E
E
E
E
E
E
E
E
E
E
E
E
E
E
E
E
E
E
E
E
E
E
E
E
E
E
E
E
E
E
E
E
E
E
E
E
E
E
E
E
E
E
E
E
E
E
E
E
E
E
E
E
E
E
E
E
E
E
E
E
E
E
E
E
E
E
E
E
E
E
E
E
E
E
E
E
E
E
E
E
E
E
E
E
E
E
E
E
E
E
E
E
E
E
E
E
E
E
E
E
E
E
E
E
E
E
E
E
E
E
E
E
E
E
E
E
E
E
E
E
E
E
E
E
E
E
E
E
E
E
E
E
E
E
E
E
E
E
E
E
E
E
E
E
E
E
E
E
E
E
E
E
E
E
E
E
E
E
E
E
E
E
E
E
E
E
E
E
E
E
E
E
E
E
E
E
E
E
E
E
E
E
E
E
E
E
E
E
E
E
E
E
E
E
E
E
E
E
E
E
E
E
E
E
E
E
E
E
E
E
E
E
E
E
E
E
E
E
E
E
E
E
E
E
E
E
E
E
E
E
E
E
E
E
E
E
E
E
E
E
E
E
E
E
E
E
E
E
E
E
E
E
E
E
E
E
E
E
E
E
E
E
E
E
E
E
E
E
E
E
E
E
E
E
E
E
E
E
E
E
E
E
E
E
E
E
E
E
E
E
E
E
E
E
E
E
E
E
E
E
E
E
E
E
E
E
E
E
E
E
E
E
E
E
E
E
E
E
E
E
E
E
E
E
E
E
E
E
E
E
E
E
E
E
E
E
E
E
E
E
E
E
E
E
E
E
E
E
E
E
E
E
E
E
E
E
E
E
E
E
E
E
E
E
E
E
E
E
E
E
E
E
E
E
E
E
E
E
E
E
E
E
E
E
E
E
E
E
E
E
E
E
E
E
E
E
E
E
E
E
E
E
E
E
E
E
E
E
E
E
E
E
E
E
E
E
E
E
E
E
E
E
E
E
E
E
E
E
E
E
E
E
E
E
E
E
E
E
E
E
E
E
E
E
E
E
E
E
E
E
E
E
E
E
E
E
E
E
E
E
E
E
E
E
E
E
E
E
E
E
E
E
E
E
E
E
E
E
E
E
E
E
E
E
E
E
E
E
E
E
E
E
E
E
E
E
E
E
E
E
E
E
E
E
E
E
E
E
E
E
E
E
E
E
E
E
E
E
E
E
E
E
E
E
E
E
E
E
E
E
E
E
E
E
E
E
E
E
E
E
E
E
E
E
E
E
E
E
E
E
E
E
E
E
E
E
E
E
E
E
E
E
E
E
E
E
E
E
E
E
E
E
E
E
E
E
E
E
E
E
E
E
E
E
E
E
E
E
E
E
E
E
E
E
E
E
E
E
E
E
E
E
E
E
E
E
E
E
E
E
E
E
E
E
E
E
E
E
E
E
E
E
E
E
E
E
E
E
E
E
E
E
E
E
E
E
E
E
E
E
E
E
E
E
E
E
E
E
E
E
E
E
E
E
E
E
E
E
E
E
E
E
E
E
E
E
E
E
E
E
E
E
E
E
E
E
E
E
E
E
E
E
E
E
E
E
E
E
E
E
E
E
E
E
E
E
E
E
E
E
E
E
E
E
E
E
E
E
E
E
E
E
E
E
E
E
E
E
E
E
E
E
E
E
E
E
E
E
E
E
E
E
E
E
E
E
E
E
E
E
E
E
E
E
E
E
E
E
E
E
E
E
E
E
E
E
E
E
E
E
E
E
E
E
E
E
E
E
E
E
E
E
E
E
E
E
E
E
E
E
E
E
E
E
E
E
E
E
E
E
E
E
E
E
E
E
E
E
E
E
E
E
E
E
E
E
E
E
E
E
E
E
E
E
E
E
E
E
E
E
E
E
E
E
E
E
E
E
E
E
E
E
E
E
E
E
E
E
E
E
E
E
E
E
E
E
E
E
E
E
E
E
E
E
E
E
E
E
E
E
E
E
E
E
E
E
E
E
E
E
E
E
E
E
E
E
E
E
E
E
E
E
E
E
E
E
E
E
E
E
E
E
E
E
E
E
E
E
E
E
E
E
E
E
E
E
E
E
E
E
E
E
E
E
E
E
E
E
E
E
E
E
E
E
E
E
E
E
E
E
E
E
E
E
E
E
E
E
E
E
E
E
E
E
E
E
E
E
E
E
E
E
E
E
E
E
E
E
E
E
E
E
E
E
E
E
E
E
E
E
E
E
E
E
E
E
E
E
E
E
E
E
E
E
E
E
E
E
E
E
E
E
E
E
E
E
E
E
E
E
E
E
E
E
E
E
E
E
E
E
E
E
E
E
E
E
E
E
E
E
E
E
E
E
E
E
E
E
E
E
E
E
E
E
E
E
E
E
E
E
E
E
E
E
E
E
E
E
E
E
E
E
E
E
E
E
E
E
E
E
E
E
E
E
E
E
E
E
E
E
E
E
E
E
E
E
E
E
E
E
E
E
E
E
E
E
E
E
E
E
E
E
E
E
E
E
E
E
E
E
E
E
E
E
E
E
E
E
E
E
E
E
E
E
E
E
E
E
E
E
E
E
E
E
E
E
E
E
E
E
E
E
E
E
E
E
E
E
E
E
E
E
E
E
E
E
E
E
E
E
E
E
E
E
E
E
E
E
E
E
E
E
E
E
E
E
E
E
E
E
E
E
E
E
E
E
E
E
E
E
E
E
E
E
E
E
E
E
E
E
E
E
E
E
E
E
E
E
E
E
E
E
E
E
E
E
E
E
E
E
E
E
E
E
E
E
E
E
E
E
E
E
E
E
E
E
E
E
E
E
E
E
E
E
E
E
E
E
E
E
E
E
E
E
E
E
E
E
E
E
E
E
E
E
E
E
E
E
E
E
E
E
E
E
E
E
E
E
E
E
E
E
E
E
E
E
E
E
E
E
E
E
E
E
E
E
E
E
E
E
E
E
E
E
E
E
E
E
E
E
E
E
E
E
E
E
E
E
E
E
E
E
E
E
E
E
E
E
E
E
E
E
E
E
E
E
E
E
E
E
E
E
E
E
E
E
E
E
E
E
E
E
E
E
E
E
E
E
E
E
E
E
E
E
E
E
E
E
E
E
E
E
E
E
E
E
E
E
E
E
E
E
E
E
E
E
E
E
E
E
E
E
E
E
E
E
E
E
E
E
E
E
E
E
E
E
E
E
E
E
E
E
E
E
E
E
E
E
E
E
E
E
E
E
E
E
E
E
E
E
E
E
E
E
E
E
E
E
E
E
E
E
E
E
E
E
E
E
E
E
E
E
E
E
E
E
E
E
E
E
E
E
E
E
E
E
E
E
E
E
E
E
E
E
E
E
E
E
E
E
E
E
E
E
E
E
E
E
E
E
E
E
E
E
E
E
E
E
E
E
E
E
E
E
E
E
E
E
E
E
E
E
E
E
E
E
E
E
E
E
E
E
E
E
E
E
E
E
E
E
E
E
E
E
E
E
E
E
E
E
E
E
E
E
E
E
E
E
E
E
E
E
E
E
E
E
E
E
E
E
E
E
E
E
E
E
E
E
E
E
E
E
E
E
E
E
E
E
E
E
E
E
E
E
E
E
E
E
E
E
E
E
E
E
E
E
E
E
E
E
E
E
E
E
E
E
E
E
E
E
E
E
E
E
E
E
E
E
E
E
E
E
E
E
E
E
E
E
E
E
E
E
E
E
E
E
E
E
E
E
E
E
E
E
E
E
E
E
E
E
E
E
E
E
E
E
E
E
E
E
E
E
E
E
E
E
E
E
E
E
E
E
E
E
E
E
E
E
E
E
E
E
E
E
E
E
E
E
E
E
E
E
E
E
E
E
E
E
E
E
E
E
E
E
E
E
E
E
E
E
E
E
E
E
E
E
E
E
E
E
E
E
E
E
E
E
E
E
E
E
E
E
E
E
E
E
E
E
E
E
E
E
E
E
E
E
E
E
E
E
E
E
E
E
E
E
E
E
E
E
E
E
E
E
E
E
E
E
E
E
E
E
E
E
E
E
E
E
E
E
E
E
E
E
E
E
E
E
E
E
E
E
E
E
E
E
E
E
E
E
E
E
E
E
E
E
E
E
E
E
E
E
E
E
E
E
E
E
E
E
E
E
E
E
E
E
E
E
E
E
E
E
E
E
E
E
E
E
E
E
E
E
E
E
E
E
E
E
E
E
E
E
E
E
E
E
E
E
E
E
E
E
E
E
E
E
E
E
E
E
E
E
E
E
E
E
E
E
E
E
E
E
E
E
E
E
E
E
E
E
E
E
E
E
E
E
E
E
E
E
E
E
E
E
E
E
E
E
E
E
E
E
E
E
E
E
E
E
E
E
E
E
E
E
E
E
E
E
E
E
E
E
E
E
E
E
E
E
E
E
E
E
E
E
E
E
E
E
E
E
E
E
E
E
E
E
E
E
E
E
E
E
E
E
E
E
E
E
E
E
E
E
E
E
E
E
E
E
E
E
E
E
E
E
E
E
E
E
E
E
E
E
E
E
E
E
E
E
E
E
E
E
E
E
E
E
E
E
E
E
E
E
E
E
E
E
E
E
E
E
E
E
E
E
E
E
E
E
E
E
E
E
E
E
E
E
E
E
E
E
E
E
E
E
E
E
E
E
E
E
E
E
E
E
E
E
E
E
E
E
E
E
E
E
E
E
E
E
E
E
E
E
E
E
E
E
E
E
E
E
E
E
E
E
E
E
E
E
E
E
E
E
E
E
E
E
E
E
E
E
E
E
E
E
E
E
E
E
E
E
E
E
E
E
E
E
E
E
E
E
E
E
E
E
E
E
E
E
E
E
E
E
E
E
E
E
E
E
E
E
E
E
E
E
E
E
E
E
E
E
E
E
E
E
E
E
E
E
E
E
E
E
E
E
E
E
E
E
E
E
E
E
E
E
E
E
E
E
E
E
E
E
E
E
E
E
E
E
E
E
E
E
E
E
E
E
E
E
E
E
E
E
E
E
E
E
E
E
E
E
E
E
E
E
E
E
E
E
E
E
E
E
E
E
E
E
E
E
E
E
E
E
E
E
E
E
E
E
E
E
E
E
E
E
E
E
E
E
E
E
E
E
E
E
E
E
E
E
E
E
E
E
E
E
E
E
E
E
E
E
E
E
E
E
E
E
E
E
E
E
E
E
E
E
E
E
E
E
E
E
E
E
E
E
E
E
E
E
E
E
E
E
E
E
E
E
E
E
E
E
E
E
E
E
E
E
E
E
E
E
E
E
E
E
E
E
E
E
E
E
E
E
E
E
E
E
E
E
E
E
E
E
E
E
E
E
E
E
E
E
E
E
E
E
E
E
E
E
E
E
E
E
E
E
E
E
E
E
E
E
E
E
E
E
E
E
E
E
E
E
E
E
E
E
E
E
E
E
E
E
E
E
E
E
E
E
E
E
E
E
E
E
E
E
E
E
E
E
E
E
E
E
E
E
E
E
E
E
E
E
E
E
E
E
E
E
E
E
E
E
E
E
E
E
E
E
E
E
E
E
E
E
E
E
E
E
E
E
E
E
E
E
E
E
E
E
E
E
E
E
E
E
E
E
E
E
E
E
E
E
E
E
E
E
E
E
E
E
E
E
E
E
E
E
E
E
E
E
E
E
E
E
E
E
E
E
E
E
E
E
E
E
E
E
E
E
E
E
E
E
E
E
E
E
E
E
E
E
E
E
E
E
E
E
E
E
E
E
E
E
E
E
E
E
E
E
E
E
E
E
E
E
E
E
E
E
E
E
E
E
E
E
E
E
E
E
E
E
E
E
E
E
E
E
E
E
E
E
E
E
E
E
E
E
E
E
E
E
E
E
E
E
E
E
E
E
E
E
E
E
E
E
E
E
E
E
E
E
E
E
E
E
E
E
E
E
E
E
E
E
E
E
E
E
E
E
E
E
E
E
E
E
E
E
E
E
E
E
E
E
E
E
E
E
E
E
E
E
E
E
E
E
E
E
E
E
E
E
E
E
E
E
E
E
E
E
E
E
E
E
E
E
E
E
E
E
E
E
E
E
E
E
E
E
E
E
E
E
E
E
E
E
E
E
E
E
E
E
E
E
E
E
E
E
E
E
E
E
E
E
E
E
E
E
E
E
E
E
E
E
E
E
E
E
E
E
E
E
E
E
E
E
E
E
E
E
E
E
E
E
E
E
E
E
E
E
E
E
E
E
E
E
E
E
E
E
E
E
E
E
E
E
E
E
E
E
E
E
E
E
E
E
E
E
E
E
E
E
E
E
E
E
E
E
E
E
E
E
E
E
E
E
E
E
E
E
E
E
E
E
E
E
E
E
E
E
E
E
E
E
E
E
E
E
E
E
E
E
E
E
E
E
E
E
E
E
E
E
E
E
E
E
E
E
E
E
E
E
E
E
E
E
E
E
E
E
E
E
E
E
E
E
E
E
E
E
E
E
E
E
E
E
E
E
E
E
E
E
E
E
E
E
E
E
E
E
E
E
E
E
E
E
E
E
E
E
E
E
E
E
E
E
E
E
E
E
E
E
E
E
E
E
E
E
E
E
E
E
E
E
E
E
E
E
E
E
E
E
E
E
E
E
E
E
E
E
E
E
E
E
E
E
E
E
E
E
E
E
E
E
E
E
E
E
E
E
E
E
E
E
E
E
E
E
E
E
E
E
E
E
E
E
E
E
E
E
E
E
E
E
E
E
E
E
E
E
E
E
E
E
E
E
E
E
E
E
E
E
E
E
E
E
E
E
E
E
E
E
E
E
E
E
E
E
E
E
E
E
E
E
E
E
E
E
E
E
E
E
E
E
E
E
E
E
E
E
E
E
E
E
E
E
E
E
E
E
E
E
E
E
E
E
E
E
E
E
E
E
E
E
E
E
E
E
E
E
E
E
E
E
E
E
E
E
E
E
E
E
E
E
E
E
E
E
E
E
E
E
E
E
E
E
E
E
E
E
E
E
E
E
E
E
E
E
E
E
E
E
E
E
E
E
E
E
E
E
E
E
E
E
E
E
E
E
E
E
E
E
E
E
E
E
E
E
E
E
E
E
E
E
E
E
E
E
E
E
E
E
E
E
E
E
E
E
E
E
E
E
E
E
E
E
E
E
E
E
E
E
E
E
E
E
E
E
E
E
E
E
E
E
E
E
E
E
E
E
E
E
E
E
E
E
E
E
E
E
E
E
E
E
E
E
E
E
E
E
E
E
E
E
E
E
E
E
E
E
E
E
E
E
E
E
E
E
E
E
E
E
E
E
E
E
E
E
E
E
E
E
E
E
E
E
E
E
E
E
E
E
E
E
E
E
E
E
E
E
E
E
E
E
E
E
E
E
E
E
E
E
E
E
E
E
E
E
E
E
E
E
E
E
E
E
E
E
E
E
E
E
E
E
E
E
E
E
E
E
E
E
E
E
E
E
E
E
E
E
E
E
E
E
E
E
E
E
E
E
E
E
E
E
E
E
E
E
E
E
E
E
E
E
E
E
E
E
E
E
E
E
E
E
E
E
E
E
E
E
E
E
E
E
E
E
E
E
E
E
E
E
E
E
E
E
E
E
E
E
E
E
E
E
E
E
E
E
E
E
E
E
E
E
E
E
E
E
E
E
E
E
E
E
E
E
E
E
E
E
E
E
E
E
E
E
E
E
E
E
E
E
E
E
E
E
E
E
E
E
E
E
E
E
E
E
E
E
E
E
E
E
E
E
E
E
E
E
E
E
E
E
E
E
E
E
E
E
E
E
E
E
E
E
E
E
E
E
E
E
E
E
E
E
E
E
E
E
E
E
E
E
E
E
E
E
E
E
E
E
E
E
E
E
E
E
E
E
E
E
E
E
E
E
E
E
E
E
E
E
E
E
E
E
E
E
E
E
E
E
E
E
E
E
E
E
E
E
E
E
E
E
E
E
E
E
E
E
E
E
E
E
E
E
E
E
E
E
E
E
E
E
E
E
E
E
E
E
E
E
E
E
E
E
E
E
E
E
E
E
E
E
E
E
E
E
E
E
E
E
E
E
E
E
E
E
E
E
E
E
E
E
E
E
E
E
E
E
E
E
E
E
E
E
E
E
E
E
E
E
E
E
E
E
E
E
E
E
E
E
E
E
E
E
E
E
E
E
E
E
E
E
E
E
E
E
E
E
E
E
E
E
E
E
E
E
E
E
E
E
E
E
E
E
E
E
E
E
E
E
E
E
E
E
E
E
E
E
E
E
E
E
E
E
E
E
E
E
E
E
E
E
E
E
E
E
E
E
E
E
E
E
E
E
E
E
E
E
E
E
E
E
E
E
E
E
E
E
E
E
E
E
E
E
E
E
E
E
E
E
E
E
E
E
E
E
E
E
E
E
E
E
E
E
E
E
E
E
E
E
E
E
E
E
E
E
E
E
E
E
E
E
E
E
E
E
E
E
E
E
E
E
E
E
E
E
E
E
E
E
E
E
E
E
E
E
E
E
E
E
E
E
E
E
E
E
E
E
E
E
E
E
E
E
E
E
E
E
E
E
E
E
E
E
E
E
E
E
E
E
E
E
E
E
E
E
E
E
E
E
E
E
E
E
E
E
E
E
E
E
E
E
E
E
E
E
E
E
E
E
E
E
E
E
E
E
E
E
E
E
E
E
E
E
E
E
E
E
E
E
E
E
E
E
E
E
E
E
E
E
E
E
E
E
E
E
E
E
E
E
E
E
E
E
E
E
E
E
E
E
E
E
E
E
E
E
E
E
E
E
E
E
E
E
E
E
E
E
E
E
E
E
E
E
E
E
E
E
E
E
E
E
E
E
E
E
E
E
E
E
E
E
E
E
E
E
E
E
E
E
E
E
E
E
E
E
E
E
E
E
E
E
E
E
E
E
E
E
E
E
E
E
E
E
E
E
E
E
E
E
E
E
E
E
E
E
E
E
E
E
E
E
E
E
E
E
E
E
E
E
E
E
E
E
E
E
E
E
E
E
E
E
E
E
E
E
E
E
E
E
E
E
E
E
E
E
E
E
E
E
E
E
E
E
E
E
E
E
E
E
E
E
E
E
E
E
E
E
E
E
E
E
E
E
E
E
E
E
E
E
E
E
E
E
E
E
E
E
E
E
E
E
E
E
E
E
E
E
E
E
E
E
E
E
E
E
E
E
E
E
E
E
E
E
E
E
E
E
E
E
E
E
E
E
E
E
E
E
E
E
E
E
E
E
E
E
E
E
E
E
E
E
E
E
E
E
E
E
E
E
E
E
E
E
E
E
E
E
E
E
E
E
E
E
E
E
E
E
E
E
E
E
E
E
E
E
E
E
E
E
E
E
E
E
E
E
E
E
E
E
E
E
E
E
E
E
E
E
E
E
E
E
E
E
E
E
E
E
E
E
E
E
E
E
E
E
E
E
E
E
E
E
E
E
E
E
E
E
E
E
E
E
E
E
E
E
E
E
E
E
E
E
E
E
E
E
E
E
E
E
E
E
E
E
E
E
E
E
E
E
E
E
E
E
E
E
E
E
E
E
E
E
E
E
E
E
E
E
E
E
E
E
E
E
E
E
E
E
E
E
E
E
E
E
E
E
E
E
E
E
E
E
E
E
E
E
E
E
E
E
E
E
E
E
E
E
E
E
E
E
E
E
E
E
E
E
E
E
E
E
E
E
E
E
E
E
E
E
E
E
E
E
E
E
E
E
E
E
E
E
E
E
E
E
E
E
E
E
E
E
E
E
E
E
E
E
E
E
E
E
E
E
E
E
E
E
E
E
E
E
E
E
E
E
E
E
E
E
E
E
E
E
E
E
E
E
E
E
E
E
E
E
E
E
E
E
E
E
E
E
E
E
E
E
E
E
E
E
E
E
E
E
E
E
E
E
E
E
E
E
E
E
E
E
E
E
E
E
E
E
E
E
E
E
E
E
E
E
E
E
E
E
E
E
E
E
E
E
E
E
E
E
E
E
E
E
E
E
E
E
E
E
E
E
E
E
E
E
E
E
E
E
E
E
E
E
E
E
E
E
E
E
E
E
E
E
E
E
E
E
E
E
E
E
E
E
E
E
E
E
E
E
E
E
E
E
E
E
E
E
E
E
E
E
E
E
E
E
E
E
E
E
E
E
E
E
E
E
E
E
E
E
E
E
E
E
E
E
E
E
E
E
E
E
E
E
E
E
E
E
E
E
E
E
E
E
E
E
E
E
E
E
E
E
E
E
E
E
E
E
E
E
E
E
E
E
E
E
E
E
E
E
E
E
E
E
E
E
E
E
E
E
E
E
E
E
E
E
E
E
E
E
E
E
E
E
E
E
E
E
E
E
E
E
E
E
E
E
E
E
E
E
E
E
E
E
E
E
E
E
E
E
E
E
E
E
E
E
E
E
E
E
E
E
E
E
E
E
E
E
E
E
E
E
E
E
E
E
E
E
E
E
E
E
E
E
E
E
E
E
E
E
E
E
E
E
E
E
E
E
E
E
E
E
E
E
E
E
E
E
E
E
E
E
E
E
E
E
E
E
E
E
E
E
E
E
E
E
E
E
E
E
E
E
E
E
E
E
E
E
E
E
E
E
E
E
E
E
E
E
E
E
E
E
E
E
E
E
E
E
E
E
E
E
E
E
E
E
E
E
E
E
E
E
E
E
E
E
E
E
E
E
E
E
E
E
E
E
E
E
E
E
E
E
E
E
E
E
E
E
E
E
E
E
E
E
E
E
E
E
E
E
E
E
E
E
E
E
E
E
E
E
E
E
E
E
E
E
E
E
E
E
E
E
E
E
E
E
E
E
E
E
E
E
E
E
E
E
E
E
E
E
E
E
E
E
E
E
E
E
E
E
E
E
E
E
E
E
E
E
E
E
E
E
E
E
E
E
E
E
E
E
E
E
E
E
E
E
E
E
E
E
E
E
E
E
E
E
E
E
E
E
E
E
E
E
E
E
E
E
E
E
E
E
E
E
E
E
E
E
E
E
E
E
E
E
E
E
E
E
E
E
E
E
E
E
E
E
E
E
E
E
E
E
E
E
E
E
E
E
E
E
E
E
E
E
E
E
E
E
E
E
E
E
E
E
E
E
E
E
E
E
E
E
E
E
E
E
E
E
E
E
E
E
E
E
E
E
E
E
E
E
E
E
E
E
E
E
E
E
E
E
E
E
E
E
E
E
E
E
E
E
E
E
E
E
E
E
E
E
E
E
E
E
E
E
E
E
E
E
E
E
E
E
E
E
E
E
E
E
E
E
E
E
E
E
E
E
E
E
E
E
E
E
E
E
E
E
E
E
E
E
E
E
E
E
E
E
E
E
E
E
E
E
E
E
E
E
E
E
E
E
E
E
E
E
E
E
E
E
E
E
E
E
E
E
E
E
E
E
E
E
E
E
E
E
E
E
E
E
E
E
E
E
E
E
E
E
E
E
E
E
E
E
E
E
E
E
E
E
E
E
E
E
E
E
E
E
E
E
E
E
E
E
E
E
E
E
E
E
E
E
E
E
E
E
E
E
E
E
E
E
E
E
E
E
E
E
E
E
E
E
E
E
E
E
E
E
E
E
E
E
E
E
E
E
E
E
E
E
E
E
E
E
E
E
E
E
E
E
E
E
E
E
E
E
E
E
E
E
E
E
E
E
E
E
E
E
E
E
E
E
E
E
E
E
E
E
E
E
E
E
E
E
E
E
E
E
E
E
E
E
E
E
E
E
E
E
E
E
E
E
E
E
E
E
E
E
E
E
E
E
E
E
E
E
E
E
E
E
E
E
E
E
E
E
E
E
E
E
E
E
E
E
E
E
E
E
E
E
E
E
E
E
E
E
E
E
E
E
E
E
E
E
E
E
E
E
E
E
E
E
E
E
E
E
E
E
E
E
E
E
E
E
E
E
E
E
E
E
E
E
E
E
E
E
E
E
E
E
E
E
E
E
E
E
E
E
E
E
E
E
E
E
E
E
E
E
E
E
E
E
E
E
E
E
E
E
E
E
E
E
E
E
E
E
E
E
E
E
E
E
E
E
E
E
E
E
E
E
E
E
E
E
E
E
E
E
E
E
E
E
E
E
E
E
E
E
E
E
E
E
E
E
E
E
E
E
E
E
E
E
E
E
E
E
E
E
E
E
E
E
E
E
E
E
E
E
E
E
E
E
E
E
E
E
E
E
E
E
E
E
E
E
E
E
E
E
E
E
E
E
E
E
E
E
E
E
E
E
E
E
E
E
E
E
E
E
E
E
E
E
E
E
E
E
E
E
E
E
E
E
E
E
E
E
E
E
E
E
E
E
E
E
E
E
E
E
E
E
E
E
E
E
E
E
E
E
E
E
E
E
E
E
E
E
E
E
E
E
E
E
E
E
E
E
E
E
E
E
E
E
E
E
E
E
E
E
E
E
E
E
E
E
E
E
E
E
E
E
E
E
E
E
E
E
E
E
E
E
E
E
E
E
E
E
E
E
E
E
E
E
E
E
E
E
E
E
E
E
E
E
E
E
E
E
E
E
E
E
E
E
E
E
E
E
E
E
E
E
E
E
E
E
E
E
E
E
E
E
E
E
E
E
E
E
E
E
E
E
E
E
E
E
E
E
E
E
E
E
E
E
E
E
E
E
E
E
E
E
E
E
E
E
E
E
E
E
E
E
E
E
E
E
E
E
E
E
E
E
E
E
E
E
E
E
E
E
E
E
E
E
E
E
E
E
E
E
E
E
E
E
E
E
E
E
E
E
E
E
E
E
E
E
E
E
E
E
E
E
E
E
E
E
E
E
E
E
E
E
E
E
E
E
E
E
E
E
E
E
E
E
E
E
E
E
E
E
E
E
E
E
E
E
E
E
E
E
E
E
E
E
E
E
E
E
E
E
E
E
E
E
E
E
E
E
E
E
E
E
E
E
E
E
E
E
E
E
E
E
E
E
E
E
E
E
E
E
E
E
E
E
E
E
E
E
E
E
E
E
E
E
E
E
E
E
E
E
E
E
E
E
E
E
E
E
E
E
E
E
E
E
E
E
E
E
E
E
E
E
E
E
E
E
E
E
E
E
E
E
E
E
E
E
E
E
E
E
E
E
E
E
E
E
E
E
E
E
E
E
E
E
E
E
E
E
E
E
E
E
E
E
E
E
E
E
E
E
E
E
E
E
E
E
E
E
E
E
E
E
E
E
E
E
E
E
E
E
E
E
E
E
E
E
E
E
E
E
E
E
E
E
E
E
E
E
E
E
E
E
E
E
E
E
E
E
E
E
E
E
E
E
E
E
E
E
E
E
E
E
E
E
E
E
E
E
E
E
E
E
E
E
E
E
E
E
E
E
E
E
E
E
E
E
E
E
E
E
E
E
E
E
E
E
E
E
E
E
E
E
E
E
E
E
E
E
E
E
E
E
E
E
E
E
E
E
E
E
E
E
E
E
E
E
E
E
E
E
E
E
E
E
E
E
E
E
E
E
E
E
E
E
E
E
E
E
E
E
E
E
E
E
E
E
E
E
E
E
E
E
E
E
E
E
E
E
E
E
E
E
E
E
E
E
E
E
E
E
E
E
E
E
E
E
E
E
E
E
E
E
E
E
E
E
E
E
E
E
E
E
E
E
E
E
E
E
E
E
E
E
E
E
E
E
E
E
E
E
E
E
E
E
E
E
E
E
E
E
E
E
E
E
E
E
E
E
E
E
E
E
E
E
E
E
E
E
E
E
E
E
E
E
E
E
E
E
E
E
E
E
E
E
E
E
E
E
E
E
E
E
E
E
E
E
E
E
E
E
E
E
E
E
E
E
E
E
E
E
E
E
E
E
E
E
E
E
E
E
E
E
E
E
E
E
E
E
E
E
E
E
E
E
E
E
E
E
E
E
E
E
E
E
E
E
E
E
E
E
E
E
E
E
E
E
E
E
E
E
E
E
E
E
E
E
E
E
E
E
E
E
E
E
E
E
E
E
E
E
E
E
E
E
E
E
E
E
E
E
E
E
E
E
E
E
E
E
E
E
E
E
E
E
E
E
E
E
E
E
E
E
E
E
E
E
E
E
E
E
E
E
E
E
E
E
E
E
E
E
E
E
E
E
E
E
E
E
E
E
E
E
E
E
E
E
E
E
E
E
E
E
E
E
E
E
E
E
E
E
E
E
E
E
E
E
E
E
E
E
E
E
E
E
E
E
E
E
E
E
E
E
E
E
E
E
E
E
E
E
E
E
E
E
E
E
E
E
E
E
E
E
E
E
E
E
E
E
E
E
E
E
E
E
E
E
E
E
E
E
E
E
E
E
E
E
E
E
E
E
E
E
E
E
E
E
E
E
E
E
E
E
E
E
E
E
E
E
E
E
E
E
E
E
E
E
E
E
E
E
E
E
E
E
E
E
E
E
E
E
E
E
E
E
E
E
E
E
E
E
E
E
E
E
E
E
E
E
E
E
E
E
E
E
E
E
E
E
E
E
E
E
E
E
E
E
E
E
E
E
E
E
E
E
E
E
E
E
E
E
E
E
E
E
E
