batch_then_drain 32768 23
I      29039         0
I      32550         1
I       1050         2
I      22137         3
I       6210         4
I       1436         5
I      26778         6
I      17586         7
I      31108         8
I      23369         9
I       6393        10
I        266        11
I      23359        12
I      22688        13
I       4607        14
I       6572        15
I        546        16
I       7830        17
I      31512        18
I      24592        19
I       9206        20
I       1882        21
I      12756        22
I       9348        23
I      25551        24
I      21192        25
I      18971        26
I       8062        27
I      27130        28
I      18964        29
I       8934        30
I      12698        31
I      19895        32
I      16847        33
I       5715        34
I      20390        35
I      12902        36
I      12307        37
I       5471        38
I      16352        39
I       7379        40
I      15576        41
I      12272        42
I      24300        43
I      25303        44
I      20431        45
I      29645        46
I      22662        47
I      17292        48
I      21602        49
I      21706        50
I      21257        51
I      14273        52
I      23789        53
I      21703        54
I       9890        55
I      12215        56
I       1883        57
I      11308        58
I      10217        59
I      27669        60
I       8236        61
I      27444        62
I      14643        63
I        268        64
I       2479        65
I      32683        66
I       2373        67
I      23877        68
I      14383        69
I      22799        70
I      18221        71
I      11761        72
I       6242        73
I      24067        74
I       6269        75
I      25822        76
I       9955        77
I      17948        78
I      14394        79
I      26564        80
I      20297        81
I      16049        82
I       5566        83
I      24897        84
I       8041        85
I       7727        86
I      27757        87
I       6381        88
I      11237        89
I      31734        90
I       8970        91
I      13093        92
I       9409        93
I      22463        94
I       6678        95
I      28704        96
I      14042        97
I      31978        98
I      23954        99
I      18000       100
I      25221       101
I      28054       102
I      31513       103
I      26751       104
I      21858       105
I      32136       106
I      26081       107
I      13109       108
I      16733       109
I      17349       110
I      13293       111
I       4303       112
I      27782       113
I       5809       114
I      32458       115
I        392       116
I       5119       117
I      25446       118
I      25997       119
I      17496       120
I       8994       121
I      30534       122
I      29888       123
I      12170       124
I      29716       125
I      26645       126
I      11440       127
I      23953       128
I       5837       129
I      16132       130
I      27970       131
I      11030       132
I      14382       133
I      14268       134
I      31772       135
I      16399       136
I      27999       137
I      20784       138
I      27532       139
I      17012       140
I       9327       141
I      30808       142
I      13922       143
I      10840       144
I      25255       145
I       1157       146
I      12465       147
I      30854       148
I      19135       149
I       2643       150
I       6101       151
I      26831       152
I      30358       153
I      14412       154
I      10610       155
I      12861       156
I      26887       157
I      27455       158
I      13563       159
I      31487       160
I      27963       161
I      15531       162
I       2682       163
I      15449       164
I       3208       165
I        962       166
I       2073       167
I      15711       168
I       3851       169
I      11189       170
I       2794       171
I      10895       172
I       6952       173
I      29978       174
I      16780       175
I      26634       176
I      26505       177
I       3499       178
I      30041       179
I      31418       180
I      13176       181
I       7918       182
I      10524       183
I       5492       184
I       8585       185
I      20588       186
I      30316       187
I      17006       188
I       4318       189
I      20183       190
I      12388       191
I       8755       192
I      31883       193
I       8758       194
I      30464       195
I      28174       196
I      18240       197
I      26218       198
I      19573       199
I      28227       200
I      32129       201
I        708       202
I        376       203
I       5150       204
I      26373       205
I      23280       206
I       5674       207
I       7727       208
I      25856       209
I      13566       210
I      18618       211
I       8160       212
I      31195       213
I      13040       214
I       6701       215
I      12501       216
I        924       217
I      26692       218
I      24379       219
I       1147       220
I       1831       221
I       2781       222
I      26588       223
I      28905       224
I      13369       225
I      20874       226
I      11575       227
I      25956       228
I       6614       229
I       5594       230
I      22917       231
I      13556       232
I       9570       233
I       5811       234
I      28034       235
I      24436       236
I      29575       237
I      32119       238
I      12251       239
I       6121       240
I      16656       241
I      12939       242
I      11662       243
I      26607       244
I      32718       245
I      23132       246
I      23100       247
I      24617       248
I      10690       249
I       5825       250
I      14660       251
I      27790       252
I       4879       253
I      32308       254
I      14826       255
I      15278       256
I      27395       257
I      24024       258
I      10364       259
I       8861       260
I       2632       261
I       5213       262
I        718       263
I      32291       264
I      13921       265
I        854       266
I       7790       267
I      32270       268
I      22920       269
I      27034       270
I      13756       271
I      29965       272
I       1349       273
I       9958       274
I        555       275
I      21444       276
I      19750       277
I      17641       278
I      20619       279
I      32361       280
I      23464       281
I      15780       282
I      24831       283
I       7224       284
I      21868       285
I      31472       286
I       8157       287
I        240       288
I       2694       289
I       7162       290
I        908       291
I      28725       292
I      30826       293
I      12073       294
I      10002       295
I         45       296
I        584       297
I      25421       298
I      13441       299
I      23731       300
I       1574       301
I       9373       302
I      22306       303
I       9615       304
I      27421       305
I      30441       306
I        278       307
I       5322       308
I      28638       309
I      12139       310
I      19728       311
I      16329       312
I      12359       313
I       3233       314
I      19122       315
I      24017       316
I      21433       317
I       5524       318
I      28656       319
I      15878       320
I      26932       321
I       6241       322
I      22938       323
I      24828       324
I       8637       325
I       8143       326
I      19755       327
I      25170       328
I      24248       329
I      21260       330
I      21181       331
I       2128       332
I      25779       333
I      20340       334
I        967       335
I      11963       336
I      12797       337
I      24497       338
I      10548       339
I       1306       340
I      13114       341
I      18858       342
I       3657       343
I       3735       344
I       2352       345
I       8510       346
I       4368       347
I      26716       348
I       5239       349
I      17913       350
I      13148       351
I      13238       352
I       7467       353
I      21547       354
I      22747       355
I       2005       356
I       6204       357
I       2521       358
I      29180       359
I      13118       360
I      29486       361
I       6963       362
I      25437       363
I      27014       364
I      11718       365
I       2151       366
I      31193       367
I        581       368
I       3243       369
I      18122       370
I      29109       371
I       4142       372
I       8167       373
I      27532       374
I      28022       375
I      11647       376
I      10507       377
I       2614       378
I      12091       379
I       7145       380
I      29673       381
I      23347       382
I      30191       383
I       6600       384
I      22161       385
I      29640       386
I      15854       387
I       1681       388
I      10912       389
I      19369       390
I      18748       391
I        474       392
I      27841       393
I      17020       394
I       6690       395
I       7165       396
I      16350       397
I       9039       398
I      17431       399
I       3120       400
I      13245       401
I       5559       402
I       7996       403
I       9320       404
I       4727       405
I       8163       406
I      21912       407
I      32662       408
I      27824       409
I      28431       410
I       7348       411
I       1525       412
I      31162       413
I       6290       414
I       8798       415
I       8277       416
I      27106       417
I      28245       418
I       7832       419
I      25618       420
I      18839       421
I      28312       422
I      21274       423
I       2564       424
I       2101       425
I      20114       426
I       3697       427
I       5305       428
I      27518       429
I       2730       430
I       6038       431
I       4152       432
I       5597       433
I       7958       434
I      20010       435
I      19793       436
I      15074       437
I      21527       438
I      10656       439
I       4955       440
I      24616       441
I      19354       442
I      21628       443
I       2195       444
I       7052       445
I      13418       446
I       1147       447
I      15655       448
I      28720       449
I      25414       450
I      21290       451
I      11186       452
I      28113       453
I      12820       454
I      22392       455
I       6665       456
I      29346       457
I      27319       458
I      16078       459
I      31950       460
I      31511       461
I      10853       462
I       4212       463
I       4189       464
I      19777       465
I      15608       466
I      17538       467
I       9551       468
I      14779       469
I       3723       470
I      30567       471
I      30968       472
I       8779       473
I       2459       474
I       2298       475
I      12330       476
I        101       477
I      27115       478
I      27943       479
I      15003       480
I      25441       481
I      16211       482
I      30439       483
I       4494       484
I      20957       485
I      21832       486
I      19253       487
I      15678       488
I       9356       489
I      23983       490
I       4922       491
I      21186       492
I      13670       493
I      24098       494
I       5973       495
I      18027       496
I      28288       497
I      29581       498
I      28787       499
I       6284       500
I       6303       501
I       8089       502
I      23448       503
I      23061       504
I       5026       505
I       7504       506
I      31511       507
I       4611       508
I      26823       509
I       8586       510
I       2938       511
I       5300       512
I       3307       513
I      19097       514
I      27640       515
I      11406       516
I      16200       517
I      21267       518
I      29069       519
I      20097       520
I      17369       521
I       4344       522
I      26192       523
I      25475       524
I      19395       525
I      32280       526
I      18158       527
I      27068       528
I      22893       529
I      17333       530
I      11665       531
I       4838       532
I      19592       533
I       5185       534
I       2826       535
I       5444       536
I      21253       537
I      11028       538
I       9655       539
I      29374       540
I      27004       541
I       7763       542
I         79       543
I      19762       544
I        761       545
I      10967       546
I      25222       547
I       7245       548
I      19128       549
I       2142       550
I       8987       551
I      27500       552
I      30494       553
I      25830       554
I      17143       555
I      29046       556
I      13460       557
I      29270       558
I      14649       559
I      19041       560
I       6045       561
I       9024       562
I      12417       563
I      14994       564
I       4536       565
I      32073       566
I       6410       567
I      25030       568
I      23032       569
I        667       570
I      16018       571
I       1614       572
I       7314       573
I      30334       574
I      13319       575
I      18100       576
I      14043       577
I      29732       578
I       3630       579
I      13420       580
I         20       581
I      12011       582
I      26901       583
I      14956       584
I      14083       585
I      30340       586
I      18109       587
I      25393       588
I      30232       589
I      10972       590
I      14183       591
I      16898       592
I       9441       593
I       1926       594
I      14543       595
I       4652       596
I        700       597
I      31248       598
I      14604       599
I      21467       600
I      31686       601
I      16148       602
I      19552       603
I       1330       604
I       1266       605
I      18457       606
I      29865       607
I       5742       608
I       1014       609
I       5818       610
I       3995       611
I       1128       612
I       3459       613
I      25162       614
I       2828       615
I       1290       616
I       4406       617
I       1534       618
I       6212       619
I      23565       620
I        385       621
I       4780       622
I      11980       623
I      31232       624
I      30397       625
I      28545       626
I      31644       627
I      30789       628
I       3434       629
I      28988       630
I       7131       631
I       9149       632
I      22106       633
I      31267       634
I       4802       635
I      27227       636
I      16870       637
I      16043       638
I      11008       639
I      28846       640
I       8508       641
I      11895       642
I      25091       643
I      28250       644
I       8726       645
I      20019       646
I       6872       647
I      26345       648
I      32049       649
I      13806       650
I      18798       651
I       5362       652
I      18926       653
I      10846       654
I       1484       655
I       5853       656
I      25009       657
I       2120       658
I      24871       659
I      20345       660
I       9488       661
I       1501       662
I      17777       663
I       3562       664
I      28530       665
I      23137       666
I      31897       667
I      31372       668
I      25300       669
I       8769       670
I      27677       671
I       7344       672
I       6431       673
I      30321       674
I      24672       675
I       2192       676
I      29379       677
I      24801       678
I      20337       679
I      10766       680
I       6125       681
I      13846       682
I        476       683
I      26360       684
I      15670       685
I      32316       686
I      11849       687
I      17485       688
I      29696       689
I       6279       690
I      16288       691
I       4146       692
I      28210       693
I       2631       694
I      30498       695
I       6310       696
I        865       697
I       2658       698
I       7577       699
I       5074       700
I       3233       701
I      31158       702
I      10557       703
I      21329       704
I      21268       705
I      21791       706
I       5236       707
I      27713       708
I       2685       709
I      32432       710
I      17514       711
I      10521       712
I      11930       713
I        161       714
I      20623       715
I       3251       716
I      10759       717
I       4284       718
I       2028       719
I       8253       720
I      17721       721
I      19134       722
I      18323       723
I      20531       724
I      17723       725
I      18996       726
I       8424       727
I       2645       728
I      20667       729
I       9838       730
I      11720       731
I      17397       732
I       6831       733
I       2400       734
I      11728       735
I      27543       736
I      17909       737
I      14281       738
I       5920       739
I      15549       740
I       4469       741
I      20759       742
I      29061       743
I      29632       744
I      16064       745
I      12037       746
I      21400       747
I         52       748
I      14400       749
I      24949       750
I      11190       751
I      25732       752
I      29941       753
I      28945       754
I      28883       755
I      12982       756
I      15905       757
I      25351       758
I       3159       759
I      14514       760
I      20749       761
I      31211       762
I      21947       763
I      24250       764
I      17674       765
I      20121       766
I       5296       767
I      13934       768
I      15518       769
I        363       770
I       9363       771
I       9813       772
I       3039       773
I      12262       774
I      26094       775
I      18959       776
I      25570       777
I      30228       778
I      25038       779
I      30312       780
I      21610       781
I      18143       782
I      29096       783
I      19930       784
I      22762       785
I      16002       786
I      13330       787
I      17511       788
I      18764       789
I      12555       790
I      30895       791
I       2935       792
I      19118       793
I       6203       794
I       5982       795
I       1394       796
I      24845       797
I      22535       798
I      19257       799
I      14254       800
I       1733       801
I      30534       802
I      21849       803
I      18929       804
I       6501       805
I      27189       806
I      20945       807
I      19908       808
I      14135       809
I        250       810
I      25601       811
I      21773       812
I      15299       813
I       8299       814
I      27331       815
I      16736       816
I      28583       817
I       8789       818
I       5347       819
I      32289       820
I      15233       821
I       5074       822
I      16054       823
I       7830       824
I       5141       825
I       1940       826
I      16750       827
I      24372       828
I       1456       829
I      10639       830
I      18529       831
I      20740       832
I       4804       833
I      21085       834
I      19150       835
I      16247       836
I      11055       837
I      29697       838
I      30202       839
I       1411       840
I       6597       841
I      15605       842
I         53       843
I      10409       844
I      20938       845
I       1934       846
I       9945       847
I        400       848
I       3858       849
I      18756       850
I      11734       851
I      16191       852
I      30466       853
I      18668       854
I        768       855
I      17085       856
I       8887       857
I      27560       858
I      17811       859
I      19607       860
I      26337       861
I       5855       862
I      26369       863
I      21472       864
I      18053       865
I      14767       866
I      14731       867
I       9537       868
I      15843       869
I      32027       870
I       2283       871
I       3822       872
I      12069       873
I       5742       874
I      19714       875
I      32405       876
I       9681       877
I       9513       878
I      19994       879
I      17784       880
I      26672       881
I      11477       882
I      26569       883
I      28781       884
I       2675       885
I       8824       886
I       3467       887
I      27744       888
I      22295       889
I      15495       890
I      12183       891
I      30053       892
I      13613       893
I       8266       894
I       2911       895
I      23455       896
I      27793       897
I      17886       898
I      15160       899
I       2707       900
I       4006       901
I      19643       902
I      29768       903
I      30102       904
I      15928       905
I      24209       906
I      27940       907
I      13703       908
I       7348       909
I       5110       910
I      13347       911
I      27310       912
I      17582       913
I       1036       914
I      10403       915
I      21022       916
I      13077       917
I       6705       918
I      17479       919
I       5672       920
I       7678       921
I      16065       922
I      20549       923
I      22145       924
I      28918       925
I      15711       926
I      31585       927
I      21155       928
I       3367       929
I        308       930
I      23074       931
I      32453       932
I      12827       933
I      22813       934
I      11474       935
I        729       936
I        947       937
I      22397       938
I      10752       939
I      18045       940
I      12828       941
I      11973       942
I       7127       943
I      15130       944
I      16249       945
I      20442       946
I      12054       947
I      21442       948
I       6330       949
I      17479       950
I       9872       951
I        739       952
I        965       953
I      16911       954
I       8552       955
I      26456       956
I       8193       957
I      13189       958
I      28747       959
I      12620       960
I       6199       961
I      31338       962
I      13835       963
I      22848       964
I      19651       965
I      21239       966
I      11449       967
I      13838       968
I      25496       969
I      21689       970
I      16779       971
I       5820       972
I      15130       973
I      17940       974
I       5260       975
I       9719       976
I      20063       977
I      22389       978
I       1912       979
I      16115       980
I       3206       981
I      27819       982
I      15521       983
I      27562       984
I      11140       985
I      12346       986
I      23510       987
I      14550       988
I      25277       989
I      31155       990
I      10649       991
I       4910       992
I       2966       993
I       5300       994
I      16715       995
I      16274       996
I      16643       997
I      16834       998
I      26893       999
I      17564      1000
I      12350      1001
I      13101      1002
I      24598      1003
I      31009      1004
I        361      1005
I      21572      1006
I      21698      1007
I       6329      1008
I      13784      1009
I      10337      1010
I       9887      1011
I       7327      1012
I      27031      1013
I       1698      1014
I      14245      1015
I      21879      1016
I       7029      1017
I      20273      1018
I      13346      1019
I      22950      1020
I       9274      1021
I       1733      1022
I       7770      1023
I      10072      1024
I      20828      1025
I      17503      1026
I      25984      1027
I      11778      1028
I      17583      1029
I      15283      1030
I      29400      1031
I      10619      1032
I       8635      1033
I      17853      1034
I      19213      1035
I      14592      1036
I       4154      1037
I      23184      1038
I      25174      1039
I      22344      1040
I      28410      1041
I       5536      1042
I      11269      1043
I      22022      1044
I      13963      1045
I      12441      1046
I      19918      1047
I      24705      1048
I      16689      1049
I       2099      1050
I       3840      1051
I      19376      1052
I       5201      1053
I      23752      1054
I      22841      1055
I      21991      1056
I      29424      1057
I      22607      1058
I      15431      1059
I      11167      1060
I      11636      1061
I       8713      1062
I      12938      1063
I       8820      1064
I      15776      1065
I      32051      1066
I       3810      1067
I      30155      1068
I      23580      1069
I      20177      1070
I       3639      1071
I      27307      1072
I      27675      1073
I      14662      1074
I      25485      1075
I      15393      1076
I      25977      1077
I       8579      1078
I      12512      1079
I       7544      1080
I      30248      1081
I      14590      1082
I      13496      1083
I      14760      1084
I      23781      1085
I      21027      1086
I      21423      1087
I      29209      1088
I       1587      1089
I       8895      1090
I      20676      1091
I       8695      1092
I      22747      1093
I      29089      1094
I       1777      1095
I       5074      1096
I      18758      1097
I       6879      1098
I      19372      1099
I      10987      1100
I      14788      1101
I      23177      1102
I      12502      1103
I       1911      1104
I      10649      1105
I       2543      1106
I      16197      1107
I      25959      1108
I       2523      1109
I      24465      1110
I       7588      1111
I      26832      1112
I      24353      1113
I      16212      1114
I       5048      1115
I      25791      1116
I       4382      1117
I      21265      1118
I      16381      1119
I       4291      1120
I      22865      1121
I      21783      1122
I       7542      1123
I      24135      1124
I       8547      1125
I      23975      1126
I      25607      1127
I       2227      1128
I      11900      1129
I      14087      1130
I       9823      1131
I      17649      1132
I       2801      1133
I      20272      1134
I      10385      1135
I      16185      1136
I       6487      1137
I      24726      1138
I      20682      1139
I       1612      1140
I       1990      1141
I      13009      1142
I       6820      1143
I      16240      1144
I      22277      1145
I      11538      1146
I       4630      1147
I      30447      1148
I      28088      1149
I      17363      1150
I      22889      1151
I      28728      1152
I        381      1153
I      15006      1154
I      27213      1155
I       3906      1156
I      12296      1157
I       7713      1158
I       9665      1159
I      32747      1160
I      22019      1161
I       1353      1162
I      31190      1163
I      13080      1164
I       5169      1165
I       8011      1166
I      10741      1167
I      12585      1168
I      14729      1169
I      16861      1170
I       2118      1171
I       5954      1172
I      31464      1173
I       2845      1174
I      28562      1175
I      25726      1176
I      14326      1177
I      28273      1178
I      27457      1179
I       8831      1180
I      18174      1181
I       2371      1182
I      29957      1183
I      14826      1184
I      16201      1185
I      21341      1186
I      32012      1187
I       6267      1188
I      23735      1189
I      12805      1190
I       9595      1191
I      30531      1192
I      16590      1193
I      22944      1194
I      23876      1195
I      22999      1196
I       7017      1197
I       8388      1198
I      17992      1199
I       9054      1200
I      22556      1201
I      22398      1202
I      30149      1203
I      32281      1204
I       1998      1205
I      25996      1206
I      10325      1207
I       4747      1208
I       3943      1209
I      13369      1210
I      28264      1211
I      14330      1212
I      22831      1213
I      25164      1214
I        489      1215
I      31933      1216
I       4332      1217
I      20671      1218
I      18482      1219
I        210      1220
I       9068      1221
I      18533      1222
I      24798      1223
I       7519      1224
I      25547      1225
I       5634      1226
I      12342      1227
I       9714      1228
I      25129      1229
I      15216      1230
I       7307      1231
I       8224      1232
I      13378      1233
I      15572      1234
I      19908      1235
I       3486      1236
I       3987      1237
I      26319      1238
I      30232      1239
I      32136      1240
I       4611      1241
I       7412      1242
I      12769      1243
I       1113      1244
I      13843      1245
I      19307      1246
I      14109      1247
I      30436      1248
I       7265      1249
I      20548      1250
I      29534      1251
I      19696      1252
I      21537      1253
I      23991      1254
I       7063      1255
I       9664      1256
I      29790      1257
I      17099      1258
I      16800      1259
I      23311      1260
I      12443      1261
I      27353      1262
I       9773      1263
I      14358      1264
I         64      1265
I      17141      1266
I       7276      1267
I      13660      1268
I      23694      1269
I      12957      1270
I      17191      1271
I       2088      1272
I      31888      1273
I       5038      1274
I      17170      1275
I      14804      1276
I      11238      1277
I       7651      1278
I      27893      1279
I      21106      1280
I      10430      1281
I       9582      1282
I      25735      1283
I       2979      1284
I      22607      1285
I      23401      1286
I       2090      1287
I      22701      1288
I      19883      1289
I      19343      1290
I      24623      1291
I      18367      1292
I      28905      1293
I       5346      1294
I      24278      1295
I        883      1296
I      25177      1297
I      10802      1298
I      20770      1299
I      19452      1300
I      31557      1301
I      17039      1302
I      26534      1303
I       4599      1304
I       9365      1305
I      23060      1306
I      10703      1307
I       5509      1308
I      31557      1309
I       3810      1310
I      15561      1311
I       2783      1312
I       8816      1313
I      21930      1314
I      22334      1315
I      25481      1316
I       4494      1317
I       8254      1318
I      10344      1319
I      14041      1320
I      23977      1321
I       6416      1322
I      12702      1323
I       8993      1324
I      10883      1325
I       6406      1326
I      13751      1327
I        457      1328
I      21950      1329
I      12447      1330
I      27158      1331
I      29892      1332
I      13185      1333
I      20428      1334
I      21782      1335
I      11074      1336
I      18286      1337
I       4994      1338
I      27945      1339
I      27182      1340
I      23572      1341
I       5688      1342
I      21447      1343
I      29089      1344
I      19425      1345
I      14444      1346
I      27711      1347
I       7448      1348
I      29651      1349
I       9088      1350
I      13695      1351
I       3319      1352
I      16792      1353
I      19328      1354
I       8975      1355
I      18398      1356
I      23664      1357
I       7695      1358
I       3493      1359
I       3930      1360
I      28571      1361
I      25958      1362
I      27742      1363
I      17095      1364
I      16858      1365
I      32115      1366
I      16138      1367
I      20748      1368
I      18001      1369
I       7445      1370
I      31386      1371
I      29622      1372
I      15394      1373
I      25076      1374
I      24484      1375
I      23540      1376
I      27510      1377
I        430      1378
I      24943      1379
I       1937      1380
I      15781      1381
I      17142      1382
I       9489      1383
I      18906      1384
I      26202      1385
I       8832      1386
I      13291      1387
I       6929      1388
I      29853      1389
I       9507      1390
I      22616      1391
I       2836      1392
I       9402      1393
I      11348      1394
I      22863      1395
I      10877      1396
I       1938      1397
I      27809      1398
I       7985      1399
I      32196      1400
I      10270      1401
I       9747      1402
I      30857      1403
I       4189      1404
I      28322      1405
I      31337      1406
I       8010      1407
I      18513      1408
I       1437      1409
I      19581      1410
I      23398      1411
I      22316      1412
I       5020      1413
I      13949      1414
I       9888      1415
I      16681      1416
I      25977      1417
I      32518      1418
I      30591      1419
I      14671      1420
I      14934      1421
I      20504      1422
I      20758      1423
I      31887      1424
I       5129      1425
I      11652      1426
I      26026      1427
I      15759      1428
I      10929      1429
I      17693      1430
I      10546      1431
I       5696      1432
I      14790      1433
I      32034      1434
I      21203      1435
I      21999      1436
I      18009      1437
I       5285      1438
I      25848      1439
I      22622      1440
I      22370      1441
I      28966      1442
I      18634      1443
I      16931      1444
I       9458      1445
I      12592      1446
I        576      1447
I      17639      1448
I       8910      1449
I      29395      1450
I      25304      1451
I      32198      1452
I      15255      1453
I      27876      1454
I        318      1455
I      23160      1456
I      23583      1457
I       8217      1458
I       3504      1459
I       6821      1460
I      20756      1461
I       8950      1462
I      18182      1463
I      32521      1464
I      17910      1465
I      29400      1466
I       6598      1467
I      13510      1468
I        174      1469
I       9225      1470
I       8587      1471
I      26364      1472
I      30693      1473
I      11792      1474
I      17489      1475
I       8090      1476
I       6540      1477
I       5338      1478
I      31843      1479
I       7828      1480
I       4961      1481
I       2162      1482
I      17460      1483
I       6054      1484
I      13824      1485
I       4150      1486
I      18420      1487
I       8129      1488
I      12953      1489
I      17763      1490
I        741      1491
I      24093      1492
I        173      1493
I      17289      1494
I      22186      1495
I      23531      1496
I      28570      1497
I       3572      1498
I      15512      1499
I      12110      1500
I      14291      1501
I       2022      1502
I      10775      1503
I      10543      1504
I      31320      1505
I      23736      1506
I      29038      1507
I       2915      1508
I      15969      1509
I      16060      1510
I      28217      1511
I      13799      1512
I      25592      1513
I      18790      1514
I      21723      1515
I      10038      1516
I       3244      1517
I        928      1518
I      10867      1519
I      22102      1520
I      10104      1521
I      28437      1522
I      28649      1523
I      15088      1524
I      13408      1525
I      26881      1526
I       9656      1527
I       9635      1528
I      23656      1529
I      21111      1530
I      15327      1531
I      15972      1532
I      20561      1533
I      19843      1534
I      17715      1535
I      10468      1536
I        509      1537
I       9383      1538
I       4882      1539
I      23139      1540
I      27130      1541
I      17960      1542
I      15311      1543
I      15113      1544
I      17554      1545
I       2954      1546
I       3457      1547
I      23399      1548
I      29112      1549
I      32588      1550
I       4855      1551
I      17142      1552
I      11393      1553
I       6278      1554
I       8060      1555
I      28022      1556
I      19936      1557
I      23496      1558
I      31605      1559
I        656      1560
I      24280      1561
I      22265      1562
I      29272      1563
I      31606      1564
I       9505      1565
I       9371      1566
I       2544      1567
I      15335      1568
I         64      1569
I      21137      1570
I      28643      1571
I      16132      1572
I      17105      1573
I       3708      1574
I      21017      1575
I      18483      1576
I      22107      1577
I      26183      1578
I      13948      1579
I       2668      1580
I      30085      1581
I       8421      1582
I       8842      1583
I      26363      1584
I      14329      1585
I        154      1586
I       9700      1587
I      22510      1588
I       5964      1589
I      11308      1590
I      20660      1591
I      27932      1592
I      31063      1593
I      26233      1594
I      13408      1595
I      28110      1596
I       2380      1597
I      27437      1598
I       4886      1599
I      14550      1600
I      13921      1601
I       9466      1602
I       4961      1603
I      27882      1604
I       8484      1605
I       2925      1606
I      17499      1607
I      17254      1608
I      16097      1609
I      10910      1610
I      26505      1611
I      23911      1612
I      15786      1613
I       4533      1614
I      13825      1615
I       3471      1616
I       4665      1617
I       2137      1618
I        805      1619
I      18869      1620
I      15333      1621
I       1942      1622
I      15608      1623
I      20182      1624
I      22442      1625
I      25645      1626
I      21034      1627
I      10756      1628
I      16871      1629
I       2586      1630
I      17690      1631
I      14867      1632
I      25956      1633
I      12878      1634
I      23299      1635
I       8229      1636
I       4701      1637
I      25420      1638
I       7504      1639
I       4365      1640
I      11602      1641
I      27011      1642
I       9897      1643
I      20480      1644
I      29934      1645
I      30891      1646
I       7296      1647
I      26412      1648
I      21840      1649
I      16350      1650
I      25127      1651
I      26277      1652
I       5946      1653
I      31904      1654
I      31097      1655
I      31638      1656
I      15595      1657
I      22594      1658
I      10443      1659
I      32435      1660
I       5080      1661
I       9001      1662
I      13346      1663
I      29919      1664
I      11899      1665
I       4420      1666
I       6938      1667
I      21937      1668
I      19897      1669
I      18437      1670
I       9287      1671
I      11857      1672
I      30802      1673
I        285      1674
I      15606      1675
I      31043      1676
I      25207      1677
I      19556      1678
I      26740      1679
I       6984      1680
I      21015      1681
I       9698      1682
I      18645      1683
I      17965      1684
I      10358      1685
I       3872      1686
I        669      1687
I      10893      1688
I       8725      1689
I      29220      1690
I      31364      1691
I      25894      1692
I       6923      1693
I      13026      1694
I      11795      1695
I       1140      1696
I      32568      1697
I       6009      1698
I      21830      1699
I      12092      1700
I      21214      1701
I      31235      1702
I      30302      1703
I      23396      1704
I      17887      1705
I      23039      1706
I       3695      1707
I      10286      1708
I      12973      1709
I      22360      1710
I      19238      1711
I      32332      1712
I      27418      1713
I      23438      1714
I       3358      1715
I       4394      1716
I       1430      1717
I      17324      1718
I      28501      1719
I      20739      1720
I       1374      1721
I      19842      1722
I      32509      1723
I      16746      1724
I       6123      1725
I       9195      1726
I      14549      1727
I      14644      1728
I      15353      1729
I      19955      1730
I      30580      1731
I      30426      1732
I      18150      1733
I       6444      1734
I      24230      1735
I      16974      1736
I      16154      1737
I       7003      1738
I      22948      1739
I      16142      1740
I      19626      1741
I      13623      1742
I      27192      1743
I      30431      1744
I       3117      1745
I      31257      1746
I      31651      1747
I      23998      1748
I      20416      1749
I      32359      1750
I      16204      1751
I      18572      1752
I      20495      1753
I       3552      1754
I      27172      1755
I      24280      1756
I      25974      1757
I      10021      1758
I      26150      1759
I      20596      1760
I      24085      1761
I       9336      1762
I       5778      1763
I       7647      1764
I      27613      1765
I      29927      1766
I       3704      1767
I      16167      1768
I       2552      1769
I       7554      1770
I       2731      1771
I      26576      1772
I       3776      1773
I      31967      1774
I      13702      1775
I      22421      1776
I      19406      1777
I      24564      1778
I       9173      1779
I       5442      1780
I      27909      1781
I      20710      1782
I       3763      1783
I       8893      1784
I      27527      1785
I       2980      1786
I      21966      1787
I      18540      1788
I      27780      1789
I      11648      1790
I       8200      1791
I      24460      1792
I      18346      1793
I      24223      1794
I       5697      1795
I      22305      1796
I       8198      1797
I       2931      1798
I      29927      1799
I      15922      1800
I      20947      1801
I      27491      1802
I      23602      1803
I      11251      1804
I       7697      1805
I      16845      1806
I       4494      1807
I      22049      1808
I      29917      1809
I      21829      1810
I      11990      1811
I       7345      1812
I      23930      1813
I      17824      1814
I       5986      1815
I      15873      1816
I      12038      1817
I      25872      1818
I      31205      1819
I      26234      1820
I       4857      1821
I      14212      1822
I      23977      1823
I      26173      1824
I      23638      1825
I      18702      1826
I       9364      1827
I        865      1828
I       3410      1829
I      18422      1830
I      27147      1831
I       7981      1832
I      11351      1833
I      13257      1834
I      15223      1835
I      21378      1836
I      31140      1837
I      23828      1838
I      28510      1839
I      16162      1840
I      20415      1841
I      30694      1842
I      24383      1843
I       3693      1844
I      18375      1845
I      11715      1846
I      29178      1847
I      17012      1848
I      23992      1849
I      15104      1850
I       8939      1851
I       3002      1852
I      21737      1853
I      21818      1854
I      27862      1855
I      23612      1856
I       9382      1857
I      31002      1858
I      14620      1859
I      29764      1860
I      26506      1861
I       7755      1862
I       1030      1863
I      19728      1864
I      32135      1865
I      31273      1866
I      27874      1867
I       5682      1868
I      17333      1869
I       6835      1870
I       9118      1871
I      29437      1872
I      26893      1873
I      25128      1874
I       9584      1875
I      15246      1876
I      17585      1877
I       9308      1878
I       5361      1879
I       3311      1880
I       9591      1881
I      12641      1882
I      29285      1883
I      16151      1884
I      16689      1885
I      29809      1886
I      15600      1887
I       5233      1888
I      32025      1889
I      10577      1890
I      29849      1891
I      13022      1892
I       5291      1893
I       8224      1894
I      17707      1895
I      26440      1896
I      31610      1897
I      30797      1898
I      11953      1899
I      21182      1900
I       1605      1901
I      11610      1902
I       9906      1903
I      21950      1904
I      27142      1905
I      21832      1906
I       3131      1907
I      24654      1908
I       3054      1909
I      21934      1910
I      30804      1911
I      21091      1912
I      31099      1913
I      12100      1914
I      25585      1915
I      22662      1916
I      12184      1917
I      12668      1918
I      24412      1919
I        269      1920
I      13482      1921
I      29356      1922
I      12838      1923
I       2354      1924
I      13778      1925
I      26604      1926
I       6769      1927
I      23454      1928
I       1811      1929
I       2179      1930
I       1677      1931
I        106      1932
I       8798      1933
I      16782      1934
I      20371      1935
I       3049      1936
I      32160      1937
I       2545      1938
I      10237      1939
I       1977      1940
I      16852      1941
I      31785      1942
I      10378      1943
I       9395      1944
I      23168      1945
I      27625      1946
I       8378      1947
I      32525      1948
I      16836      1949
I      12840      1950
I       1204      1951
I      19739      1952
I       7707      1953
I      31901      1954
I      10811      1955
I       4610      1956
I      24203      1957
I      17133      1958
I      20760      1959
I      23704      1960
I        120      1961
I       1945      1962
I       2057      1963
I      28406      1964
I      18127      1965
I       8298      1966
I      26301      1967
I       9042      1968
I       5308      1969
I      10568      1970
I      31489      1971
I      29230      1972
I       1818      1973
I       1825      1974
I       4418      1975
I      24940      1976
I      31045      1977
I      28119      1978
I      18876      1979
I      16108      1980
I      25864      1981
I      20210      1982
I      12273      1983
I      29627      1984
I      22206      1985
I      29319      1986
I      28326      1987
I      15951      1988
I      20792      1989
I       3619      1990
I      10502      1991
I      12987      1992
I      19894      1993
I       8677      1994
I      25206      1995
I      15543      1996
I      23305      1997
I      20606      1998
I       3340      1999
I      20599      2000
I      26527      2001
I       6937      2002
I      19730      2003
I      10550      2004
I      16916      2005
I      26049      2006
I      12933      2007
I      10379      2008
I      30344      2009
I      13968      2010
I       4421      2011
I      14935      2012
I      17430      2013
I      24539      2014
I       8140      2015
I      21882      2016
I       2045      2017
I      23287      2018
I      31841      2019
I      23490      2020
I       7034      2021
I      25738      2022
I       5284      2023
I      21056      2024
I       7087      2025
I      11785      2026
I       5826      2027
I      28474      2028
I      28314      2029
I      19662      2030
I      14906      2031
I       4215      2032
I      24921      2033
I      32146      2034
I      28765      2035
I      24957      2036
I      29127      2037
I      32159      2038
I       2567      2039
I      28384      2040
I       5945      2041
I      32697      2042
I      11855      2043
I      27761      2044
I      19724      2045
I      27896      2046
I      24705      2047
I      12260      2048
I      13178      2049
I       8933      2050
I       3242      2051
I      17683      2052
I      28167      2053
I      27350      2054
I      10663      2055
I      20298      2056
I      13374      2057
I      22638      2058
I       4288      2059
I      12050      2060
I      23112      2061
I      22802      2062
I      30296      2063
I      18986      2064
I      20970      2065
I      16016      2066
I       4734      2067
I        171      2068
I        708      2069
I       8491      2070
I      23267      2071
I       6136      2072
I       5245      2073
I      19832      2074
I      28601      2075
I      10232      2076
I      11796      2077
I       1724      2078
I      20666      2079
I      30782      2080
I      23184      2081
I      21360      2082
I      30143      2083
I       5485      2084
I      13227      2085
I      30059      2086
I      20758      2087
I       4405      2088
I      25555      2089
I      32697      2090
I      30902      2091
I      17558      2092
I      24789      2093
I       3190      2094
I       5540      2095
I      32601      2096
I      29170      2097
I      10812      2098
I      21846      2099
I      17537      2100
I      10502      2101
I       5181      2102
I       6613      2103
I       7770      2104
I      21920      2105
I      11827      2106
I       1776      2107
I      26860      2108
I      31749      2109
I      17386      2110
I       2086      2111
I       6132      2112
I      19497      2113
I      29386      2114
I        522      2115
I      27250      2116
I      26551      2117
I      16919      2118
I       6870      2119
I       8829      2120
I      25102      2121
I      31478      2122
I      21090      2123
I      27032      2124
I      24768      2125
I      16326      2126
I      14660      2127
I      26611      2128
I      28859      2129
I      29402      2130
I      22836      2131
I      21522      2132
I        518      2133
I      12392      2134
I      30264      2135
I       2961      2136
I      14998      2137
I      30848      2138
I      30794      2139
I      32526      2140
I      21198      2141
I      25059      2142
I       7451      2143
I      26898      2144
I      31374      2145
I       9537      2146
I      18054      2147
I      27445      2148
I      15530      2149
I      21643      2150
I       8614      2151
I      19375      2152
I      23263      2153
I      24716      2154
I       8711      2155
I      25306      2156
I      25601      2157
I      19398      2158
I       4096      2159
I      22213      2160
I       1771      2161
I      18820      2162
I      12169      2163
I      19411      2164
I       3946      2165
I      24210      2166
I      31670      2167
I      17176      2168
I      21508      2169
I      14333      2170
I      16866      2171
I      23364      2172
I      29287      2173
I      27519      2174
I      30270      2175
I      12163      2176
I      15003      2177
I       1424      2178
I      24923      2179
I       5162      2180
I      26400      2181
I       3610      2182
I      26529      2183
I      27802      2184
I       1928      2185
I      12916      2186
I      22548      2187
I      19509      2188
I      20582      2189
I      21824      2190
I       4526      2191
I      23498      2192
I      32286      2193
I      31816      2194
I      17987      2195
I       9068      2196
I       4213      2197
I       2010      2198
I         97      2199
I      20857      2200
I      21786      2201
I      30158      2202
I        674      2203
I      30619      2204
I      13969      2205
I       3503      2206
I      11202      2207
I      11213      2208
I      14570      2209
I      15284      2210
I      24035      2211
I      30602      2212
I      21485      2213
I      17457      2214
I      21889      2215
I      19237      2216
I      25752      2217
I       2923      2218
I       7984      2219
I      19149      2220
I      30998      2221
I        763      2222
I      17287      2223
I        546      2224
I      27925      2225
I      13700      2226
I       1050      2227
I      14901      2228
I      17452      2229
I      27873      2230
I       2618      2231
I      16058      2232
I      25567      2233
I      22221      2234
I      27359      2235
I       2111      2236
I       5399      2237
I      22935      2238
I      27399      2239
I       3944      2240
I      31286      2241
I      14141      2242
I       8620      2243
I      27077      2244
I       6231      2245
I      18188      2246
I      29199      2247
I      28663      2248
I      20389      2249
I      31224      2250
I      31947      2251
I      24100      2252
I       5790      2253
I      13125      2254
I      20215      2255
I      15284      2256
I      22389      2257
I      23731      2258
I      12197      2259
I       5427      2260
I       6470      2261
I      20708      2262
I       8304      2263
I       8363      2264
I      10127      2265
I      30509      2266
I      14288      2267
I      24977      2268
I       8110      2269
I      31055      2270
I       7837      2271
I      19658      2272
I      12406      2273
I      10169      2274
I      20007      2275
I      26300      2276
I      16699      2277
I       3242      2278
I      23831      2279
I      13671      2280
I      32146      2281
I      31146      2282
I      11756      2283
I      12616      2284
I      16587      2285
I      12264      2286
I       3092      2287
I      21381      2288
I      19122      2289
I      30892      2290
I       2875      2291
I      19520      2292
I      19962      2293
I      16182      2294
I      29410      2295
I      30226      2296
I       2045      2297
I        231      2298
I       8449      2299
I      22547      2300
I       4599      2301
I      26937      2302
I      16545      2303
I       7532      2304
I      15984      2305
I      22858      2306
I       9595      2307
I      24494      2308
I      24676      2309
I       4775      2310
I      16535      2311
I      27158      2312
I      23375      2313
I      11658      2314
I      22466      2315
I      32719      2316
I       2171      2317
I      28191      2318
I       9049      2319
I      16663      2320
I      12894      2321
I        130      2322
I       4692      2323
I      22302      2324
I      15315      2325
I      32367      2326
I      21255      2327
I      30531      2328
I      13441      2329
I       5741      2330
I       7534      2331
I      18683      2332
I      14285      2333
I       8297      2334
I      12764      2335
I      13094      2336
I       3002      2337
I      19391      2338
I      32312      2339
I       2982      2340
I      10995      2341
I      19366      2342
I      15222      2343
I      17179      2344
I      16185      2345
I      23520      2346
I      26325      2347
I      28635      2348
I       3554      2349
I       7973      2350
I       5222      2351
I      14560      2352
I       6127      2353
I      28530      2354
I      23278      2355
I      23324      2356
I      13417      2357
I      19625      2358
I       1716      2359
I      25411      2360
I      13796      2361
I      29167      2362
I      17363      2363
I       1906      2364
I      22050      2365
I      14588      2366
I      20281      2367
I        802      2368
I      19390      2369
I      17688      2370
I      31241      2371
I      12408      2372
I      13341      2373
I      26436      2374
I      21252      2375
I      20595      2376
I      23930      2377
I       5466      2378
I      24371      2379
I      26886      2380
I       1705      2381
I      28601      2382
I      31041      2383
I       9438      2384
I      27831      2385
I      14461      2386
I      24021      2387
I      10993      2388
I       6563      2389
I      29383      2390
I      24908      2391
I      28834      2392
I      25388      2393
I      30579      2394
I      28042      2395
I      26155      2396
I       3712      2397
I      12266      2398
I      28436      2399
I       9232      2400
I       1185      2401
I      19854      2402
I      24638      2403
I       7397      2404
I      29212      2405
I      16653      2406
I        857      2407
I      13722      2408
I      15708      2409
I      11747      2410
I       6605      2411
I      30870      2412
I       2455      2413
I      20548      2414
I       1506      2415
I       9089      2416
I       4511      2417
I      19334      2418
I      19306      2419
I       9085      2420
I      20836      2421
I      26288      2422
I       1925      2423
I       6567      2424
I      10515      2425
I      21501      2426
I      18286      2427
I      21939      2428
I      31550      2429
I       7628      2430
I       6555      2431
I        401      2432
I      27362      2433
I      32038      2434
I      28620      2435
I      18379      2436
I       9667      2437
I      12358      2438
I      27111      2439
I      22733      2440
I      14470      2441
I      20750      2442
I       1285      2443
I       4185      2444
I       6262      2445
I      25582      2446
I       9010      2447
I       4507      2448
I      31182      2449
I      25742      2450
I      30296      2451
I       9040      2452
I      22432      2453
I       5159      2454
I      26429      2455
I      13758      2456
I      20905      2457
I      27007      2458
I        475      2459
I       5333      2460
I        801      2461
I      19169      2462
I      27092      2463
I      29116      2464
I      24448      2465
I      32297      2466
I      11990      2467
I      25524      2468
I       4567      2469
I       5347      2470
I      26026      2471
I       8132      2472
I      23948      2473
I      26963      2474
I      22420      2475
I        138      2476
I      32732      2477
I      26992      2478
I      15349      2479
I      13685      2480
I      31401      2481
I      11950      2482
I      12096      2483
I      17026      2484
I        117      2485
I      11181      2486
I      24363      2487
I      16835      2488
I      16546      2489
I      22065      2490
I      15118      2491
I      32713      2492
I      32420      2493
I      27133      2494
I      27767      2495
I      29034      2496
I      20005      2497
I      32449      2498
I      13245      2499
I      25174      2500
I      28926      2501
I      31070      2502
I      28489      2503
I       4983      2504
I      30510      2505
I       3948      2506
I      19997      2507
I      12355      2508
I       6183      2509
I       3319      2510
I      29250      2511
I      18720      2512
I      12186      2513
I      19888      2514
I       9527      2515
I      31768      2516
I      13022      2517
I      20082      2518
I      30399      2519
I       9180      2520
I      25358      2521
I      26817      2522
I       5112      2523
I      14663      2524
I       7950      2525
I      19127      2526
I      18268      2527
I      22065      2528
I       1084      2529
I      10018      2530
I      15172      2531
I       5736      2532
I       3202      2533
I      27695      2534
I      25166      2535
I       9570      2536
I       9679      2537
I      24094      2538
I       9881      2539
I       2941      2540
I      20745      2541
I      23824      2542
I        722      2543
I      24872      2544
I       2718      2545
I      26310      2546
I      14954      2547
I       6479      2548
I      24894      2549
I       9813      2550
I      16487      2551
I      23527      2552
I       8473      2553
I      27012      2554
I      20687      2555
I      22142      2556
I       7040      2557
I       9696      2558
I      14468      2559
I      12369      2560
I      25990      2561
I       8652      2562
I      14562      2563
I      16293      2564
I       5357      2565
I      19027      2566
I       8623      2567
I      11047      2568
I      20966      2569
I      13420      2570
I      13365      2571
I      27486      2572
I       3052      2573
I       4008      2574
I      12026      2575
I      20229      2576
I        631      2577
I      20928      2578
I      23616      2579
I      32118      2580
I      27404      2581
I      20927      2582
I      14892      2583
I       7465      2584
I       6997      2585
I      31609      2586
I      12300      2587
I      28241      2588
I      25314      2589
I       5554      2590
I       6931      2591
I      29029      2592
I      19372      2593
I      27765      2594
I      24394      2595
I      13465      2596
I      10812      2597
I      31109      2598
I      25716      2599
I      30971      2600
I      25826      2601
I      27250      2602
I      24921      2603
I      28561      2604
I      31107      2605
I       3716      2606
I       4830      2607
I      16476      2608
I      14901      2609
I      10086      2610
I        238      2611
I      27056      2612
I      25242      2613
I        371      2614
I      20630      2615
I      18828      2616
I       8841      2617
I      25720      2618
I      29520      2619
I       5589      2620
I      18390      2621
I      29846      2622
I       5458      2623
I      29774      2624
I      24839      2625
I       5885      2626
I      12713      2627
I      16145      2628
I      27773      2629
I      25551      2630
I      22745      2631
I      28677      2632
I       9914      2633
I      26356      2634
I      31912      2635
I      27123      2636
I       6326      2637
I      31850      2638
I       4158      2639
I       9154      2640
I       7590      2641
I      28896      2642
I      24744      2643
I      17577      2644
I      18465      2645
I       9998      2646
I      29964      2647
I      13526      2648
I      30141      2649
I      24575      2650
I      15929      2651
I      26533      2652
I      25551      2653
I      10927      2654
I       1804      2655
I      21820      2656
I      20956      2657
I      31022      2658
I       1871      2659
I      12331      2660
I       1135      2661
I      11100      2662
I      30534      2663
I       4972      2664
I      11772      2665
I       7165      2666
I       7047      2667
I      27269      2668
I      31411      2669
I      30611      2670
I      20238      2671
I      22498      2672
I      27756      2673
I      29442      2674
I      23581      2675
I      31880      2676
I      32571      2677
I       6911      2678
I       9952      2679
I      15268      2680
I      25165      2681
I      19006      2682
I      26897      2683
I       4062      2684
I      22033      2685
I       7147      2686
I      28807      2687
I       2004      2688
I      30277      2689
I      14507      2690
I      18960      2691
I      28119      2692
I      25128      2693
I      14364      2694
I      32633      2695
I       3955      2696
I        843      2697
I        447      2698
I      15135      2699
I       3355      2700
I      13797      2701
I      24708      2702
I      30527      2703
I         53      2704
I      31916      2705
I      20482      2706
I      26247      2707
I        450      2708
I       1958      2709
I      21404      2710
I      28359      2711
I      19679      2712
I      11901      2713
I      18219      2714
I      27000      2715
I      30187      2716
I       4731      2717
I      15603      2718
I      21214      2719
I      11237      2720
I       8564      2721
I       2174      2722
I      21944      2723
I       1193      2724
I       7008      2725
I      10316      2726
I      16306      2727
I       2026      2728
I      10195      2729
I      23682      2730
I      18824      2731
I      10269      2732
I      20420      2733
I      20318      2734
I       3259      2735
I       6115      2736
I      20518      2737
I      20608      2738
I      27215      2739
I       7638      2740
I      17156      2741
I       5959      2742
I       3323      2743
I      27209      2744
I       1552      2745
I      18076      2746
I       1986      2747
I      24719      2748
I      11235      2749
I      30583      2750
I      14928      2751
I       2038      2752
I      30680      2753
I      28770      2754
I      23829      2755
I      29302      2756
I      22835      2757
I       4222      2758
I      30570      2759
I       7653      2760
I      11778      2761
I      18519      2762
I      16062      2763
I      14677      2764
I       9153      2765
I      23257      2766
I      19423      2767
I        307      2768
I       1925      2769
I      25516      2770
I        917      2771
I      29345      2772
I      21310      2773
I      21254      2774
I      28755      2775
I      11510      2776
I      20624      2777
I      32599      2778
I       3410      2779
I       6900      2780
I      14141      2781
I       5319      2782
I      30814      2783
I      27396      2784
I      31468      2785
I       8824      2786
I      15517      2787
I      31781      2788
I       6095      2789
I      20912      2790
I      31974      2791
I      31657      2792
I      28720      2793
I      18973      2794
I      22305      2795
I      31421      2796
I      22719      2797
I      19478      2798
I      13092      2799
I      18439      2800
I      22788      2801
I       1834      2802
I      23942      2803
I      23445      2804
I       6323      2805
I      21456      2806
I      30529      2807
I      16158      2808
I       2804      2809
I        341      2810
I      16807      2811
I      27802      2812
I      16371      2813
I      17243      2814
I       6118      2815
I      13343      2816
I      23441      2817
I      20028      2818
I       3985      2819
I      23549      2820
I      24196      2821
I      25105      2822
I      10246      2823
I        105      2824
I      20726      2825
I      22611      2826
I      14183      2827
I       5459      2828
I       1275      2829
I      14951      2830
I       7684      2831
I      31527      2832
I      14228      2833
I      14444      2834
I      10070      2835
I       4408      2836
I      13687      2837
I       2884      2838
I      24964      2839
I      25987      2840
I      13010      2841
I      19060      2842
I       9434      2843
I      22016      2844
I      12281      2845
I      25129      2846
I      10121      2847
I      17198      2848
I      19277      2849
I      28881      2850
I       4594      2851
I      14189      2852
I      19245      2853
I      30252      2854
I      26303      2855
I       2422      2856
I       7333      2857
I      27981      2858
I      30063      2859
I      21721      2860
I      23383      2861
I      14597      2862
I      14944      2863
I      24321      2864
I       2587      2865
I      22758      2866
I      18637      2867
I       7963      2868
I      11208      2869
I       3930      2870
I      17139      2871
I      25630      2872
I       6370      2873
I       2239      2874
I       7852      2875
I      16677      2876
I      21197      2877
I      23455      2878
I      20981      2879
I      11154      2880
I       4939      2881
I      28610      2882
I      23223      2883
I      24599      2884
I       1945      2885
I      19686      2886
I      23493      2887
I      22310      2888
I      25046      2889
I      12418      2890
I      16498      2891
I      26703      2892
I      14150      2893
I      15876      2894
I       1253      2895
I      23027      2896
I      20767      2897
I      32306      2898
I      10780      2899
I      27364      2900
I       3907      2901
I      24271      2902
I      24527      2903
I       7847      2904
I      32453      2905
I      20013      2906
I      14638      2907
I      24177      2908
I      24421      2909
I      16586      2910
I       8065      2911
I       2129      2912
I      15372      2913
I       8980      2914
I      17041      2915
I        226      2916
I       5213      2917
I      18163      2918
I       3317      2919
I      11278      2920
I      23398      2921
I       6938      2922
I      32606      2923
I      12448      2924
I       1161      2925
I      31333      2926
I       8640      2927
I      23079      2928
I       1361      2929
I       7236      2930
I       7627      2931
I      14383      2932
I      10997      2933
I       2713      2934
I      14383      2935
I      11608      2936
I      18100      2937
I      31522      2938
I      10184      2939
I       2710      2940
I       2417      2941
I      15253      2942
I      30022      2943
I      25591      2944
I       6693      2945
I       9641      2946
I      30699      2947
I        514      2948
I       5080      2949
I       8470      2950
I      11351      2951
I      12358      2952
I      20100      2953
I        662      2954
I      28881      2955
I       6105      2956
I      10204      2957
I      18082      2958
I      12502      2959
I      29990      2960
I      28680      2961
I       9813      2962
I       6897      2963
I        398      2964
I      29984      2965
I       5901      2966
I       4615      2967
I      13851      2968
I      24979      2969
I      12297      2970
I      22411      2971
I      16356      2972
I       2142      2973
I       1614      2974
I       5785      2975
I      19221      2976
I      11168      2977
I       5190      2978
I      21839      2979
I       4816      2980
I       4830      2981
I      15826      2982
I       3650      2983
I       5854      2984
I       7714      2985
I       8108      2986
I      29612      2987
I      18751      2988
I      23685      2989
I      28961      2990
I       2145      2991
I       2592      2992
I      11557      2993
I       9112      2994
I      29373      2995
I      10762      2996
I      27784      2997
I      29621      2998
I       3837      2999
I      25006      3000
I       1701      3001
I      22058      3002
I      23051      3003
I      13720      3004
I       8950      3005
I      17374      3006
I      15187      3007
I      10481      3008
I      29139      3009
I      13698      3010
I       9136      3011
I      10083      3012
I      13610      3013
I      19812      3014
I      12651      3015
I      10261      3016
I      11219      3017
I       7173      3018
I       4091      3019
I      19072      3020
I      18300      3021
I      15364      3022
I      22512      3023
I      13377      3024
I      27422      3025
I      23474      3026
I      11149      3027
I      29507      3028
I       7157      3029
I      23828      3030
I      31920      3031
I      25498      3032
I      25969      3033
I      14363      3034
I      14507      3035
I      23844      3036
I      28627      3037
I      31145      3038
I       7107      3039
I      21850      3040
I      25822      3041
I      16123      3042
I      10275      3043
I        589      3044
I       2745      3045
I       6732      3046
I       7501      3047
I      32533      3048
I      16955      3049
I      14641      3050
I       4180      3051
I      18742      3052
I      23929      3053
I      11839      3054
I      13630      3055
I       8463      3056
I      26114      3057
I       3866      3058
I      31610      3059
I       9332      3060
I      26572      3061
I       2632      3062
I      23849      3063
I      16033      3064
I      31027      3065
I       6752      3066
I      29932      3067
I       6508      3068
I        622      3069
I      21910      3070
I      25820      3071
I      11537      3072
I      15864      3073
I      15358      3074
I      23373      3075
I      13506      3076
I      13634      3077
I      21767      3078
I      10308      3079
I       3413      3080
I      14695      3081
I      18438      3082
I      25338      3083
I        979      3084
I       4688      3085
I      26545      3086
I      24711      3087
I       7358      3088
I      24951      3089
I      25897      3090
I       4952      3091
I       2277      3092
I       7210      3093
I      11059      3094
I      29506      3095
I      21738      3096
I      19238      3097
I       2613      3098
I      17022      3099
I      13895      3100
I      29833      3101
I      17515      3102
I      15743      3103
I      17895      3104
I       4053      3105
I      22221      3106
I      10796      3107
I      13739      3108
I      25222      3109
I       2440      3110
I      15253      3111
I      15385      3112
I      21996      3113
I      22090      3114
I      11709      3115
I       5695      3116
I       9702      3117
I      29637      3118
I      14169      3119
I       3905      3120
I       2664      3121
I       1192      3122
I      19331      3123
I      22179      3124
I       7921      3125
I      10908      3126
I      10240      3127
I      25624      3128
I      30830      3129
I      15662      3130
I       8108      3131
I      29725      3132
I       3095      3133
I       2575      3134
I      26186      3135
I      16343      3136
I       7169      3137
I      15686      3138
I      29108      3139
I      13194      3140
I       2664      3141
I      11702      3142
I      17224      3143
I       1616      3144
I      11227      3145
I      24111      3146
I      15297      3147
I       6086      3148
I      30080      3149
I       6534      3150
I        431      3151
I       1280      3152
I      29783      3153
I      20625      3154
I      28051      3155
I      26745      3156
I      28958      3157
I      23799      3158
I      15458      3159
I      28361      3160
I      28858      3161
I      25958      3162
I      23418      3163
I      24224      3164
I      31936      3165
I      19693      3166
I      13318      3167
I      16247      3168
I      12831      3169
I      19252      3170
I      31447      3171
I      12809      3172
I       2546      3173
I      15226      3174
I      15041      3175
I      19167      3176
I      14245      3177
I      26757      3178
I      10560      3179
I      29483      3180
I      10959      3181
I      23886      3182
I      22790      3183
I      30357      3184
I       5852      3185
I      17653      3186
I      30957      3187
I      28133      3188
I      11440      3189
I      32275      3190
I      30056      3191
I      31894      3192
I       7345      3193
I      12646      3194
I       6500      3195
I      10060      3196
I      20043      3197
I      31179      3198
I      23177      3199
I      11441      3200
I       9896      3201
I      14964      3202
I       4588      3203
I       2489      3204
I       2099      3205
I      21579      3206
I      20506      3207
I      12950      3208
I       4085      3209
I      14630      3210
I       2760      3211
I      30129      3212
I      24314      3213
I       7891      3214
I        806      3215
I       4481      3216
I      32069      3217
I      21586      3218
I      27935      3219
I      10302      3220
I      28869      3221
I       6165      3222
I      20108      3223
I      25321      3224
I       2582      3225
I      13479      3226
I      18895      3227
I       9241      3228
I       4754      3229
I      10536      3230
I      14708      3231
I      17705      3232
I       6671      3233
I      16796      3234
I       7859      3235
I      10281      3236
I      21508      3237
I      26305      3238
I       4928      3239
I       3871      3240
I      14993      3241
I      10096      3242
I       1222      3243
I       5111      3244
I       2283      3245
I       8172      3246
I      14814      3247
I       5197      3248
I       7298      3249
I      11209      3250
I      11381      3251
I       7266      3252
I      12539      3253
I      15111      3254
I       2494      3255
I      30002      3256
I      12486      3257
I       3170      3258
I      18221      3259
I       8096      3260
I      19108      3261
I      27179      3262
I      10771      3263
I      21433      3264
I      15719      3265
I      25340      3266
I      10632      3267
I      28701      3268
I      10125      3269
I      16360      3270
I      16505      3271
I      32541      3272
I      18090      3273
I      17799      3274
I      29923      3275
I       1386      3276
I        812      3277
I       7933      3278
I      26946      3279
I      29736      3280
I      28948      3281
I       8237      3282
I      25518      3283
I       1060      3284
I      13572      3285
I      10644      3286
I       2630      3287
I       6694      3288
I      32739      3289
I      29156      3290
I       6746      3291
I      14433      3292
I       1593      3293
I      29765      3294
I        123      3295
I      18600      3296
I       2808      3297
I      10755      3298
I      13417      3299
I       9891      3300
I      28979      3301
I      15340      3302
I      12743      3303
I       9366      3304
I      18816      3305
I      26348      3306
I      23091      3307
I      15039      3308
I      25514      3309
I      28281      3310
I      12095      3311
I      16132      3312
I       9763      3313
I      27883      3314
I      19123      3315
I      29112      3316
I        374      3317
I      13301      3318
I       3305      3319
I      32364      3320
I      27103      3321
I      26660      3322
I        310      3323
I      27945      3324
I      14846      3325
I      29810      3326
I      27703      3327
I      11914      3328
I      19816      3329
I      10072      3330
I      12370      3331
I       2438      3332
I      15113      3333
I      26257      3334
I       4362      3335
I      16451      3336
I      13873      3337
I      23284      3338
I       3062      3339
I      14003      3340
I      15653      3341
I      28317      3342
I      27939      3343
I      30412      3344
I      10825      3345
I       8428      3346
I        719      3347
I      23563      3348
I       2772      3349
I      20797      3350
I      23460      3351
I      22295      3352
I       3441      3353
I      26269      3354
I      30368      3355
I      22318      3356
I      24647      3357
I       1081      3358
I      11209      3359
I       5924      3360
I       2892      3361
I      11730      3362
I      27401      3363
I      12989      3364
I      13565      3365
I      17250      3366
I       6776      3367
I       9113      3368
I      28469      3369
I       5370      3370
I      30769      3371
I       2084      3372
I      18838      3373
I      28351      3374
I        351      3375
I      23445      3376
I      24533      3377
I      20887      3378
I      23901      3379
I       3958      3380
I      23381      3381
I      28032      3382
I        610      3383
I      26219      3384
I      12831      3385
I      12369      3386
I       1607      3387
I        459      3388
I      25426      3389
I       5879      3390
I       7264      3391
I      15297      3392
I      23120      3393
I      24127      3394
I      15428      3395
I       7351      3396
I      24230      3397
I      25331      3398
I      11103      3399
I      19804      3400
I      27304      3401
I       5710      3402
I      25366      3403
I      17835      3404
I      10505      3405
I      21831      3406
I      21864      3407
I       3536      3408
I      23578      3409
I         85      3410
I       8530      3411
I       5483      3412
I      12908      3413
I       7040      3414
I       9320      3415
I      18434      3416
I      21881      3417
I      11470      3418
I      13313      3419
I      28696      3420
I      10318      3421
I       5709      3422
I      31295      3423
I       5315      3424
I      16598      3425
I      19093      3426
I      11416      3427
I       7324      3428
I      32109      3429
I       3945      3430
I      31582      3431
I      31916      3432
I      25514      3433
I      19340      3434
I      13437      3435
I        215      3436
I      15791      3437
I      13666      3438
I      18398      3439
I      19052      3440
I      15944      3441
I       7400      3442
I       6849      3443
I      29490      3444
I      10808      3445
I       6213      3446
I      11930      3447
I      20006      3448
I      19243      3449
I      23999      3450
I      32672      3451
I       2276      3452
I      30411      3453
I       4431      3454
I      27585      3455
I       3736      3456
I      22507      3457
I      25474      3458
I       6751      3459
I      31766      3460
I      18417      3461
I       1262      3462
I      30669      3463
I      30195      3464
I      20303      3465
I       1924      3466
I      12302      3467
I      17199      3468
I      21750      3469
I       6822      3470
I      22567      3471
I       4723      3472
I      10385      3473
I      13888      3474
I      11451      3475
I      31258      3476
I       3979      3477
I      26123      3478
I      25859      3479
I      19527      3480
I       6875      3481
I       1835      3482
I       7191      3483
I      15060      3484
I      24947      3485
I      23226      3486
I      17251      3487
I      27523      3488
I       5302      3489
I      21485      3490
I       1483      3491
I      16490      3492
I       8574      3493
I       2980      3494
I      14253      3495
I      16394      3496
I      11318      3497
I      19483      3498
I       8424      3499
I      24977      3500
I      25217      3501
I       7901      3502
I      24522      3503
I       1315      3504
I      28900      3505
I      32098      3506
I       6130      3507
I      28165      3508
I      14391      3509
I        234      3510
I      12179      3511
I      22196      3512
I      21057      3513
I      20179      3514
I      19103      3515
I      16862      3516
I      23829      3517
I      19960      3518
I      19386      3519
I       7345      3520
I      14790      3521
I      15670      3522
I      29488      3523
I      19312      3524
I      17147      3525
I      18128      3526
I      31917      3527
I      18205      3528
I      32438      3529
I      19616      3530
I      26704      3531
I      13427      3532
I      28674      3533
I      18224      3534
I      10188      3535
I       6778      3536
I      28209      3537
I      20888      3538
I      19554      3539
I      23110      3540
I      16199      3541
I      24293      3542
I      20143      3543
I      13405      3544
I      14126      3545
I       1382      3546
I      15543      3547
I      25272      3548
I       1196      3549
I       9147      3550
I       5570      3551
I      23976      3552
I      10098      3553
I      10234      3554
I      30174      3555
I        797      3556
I       4612      3557
I      12149      3558
I      13125      3559
I      17106      3560
I       6225      3561
I      10400      3562
I      29381      3563
I       9344      3564
I      32717      3565
I       3099      3566
I       5814      3567
I       2549      3568
I      25439      3569
I      16369      3570
I      17061      3571
I       6447      3572
I      22972      3573
I      12340      3574
I      23682      3575
I      21428      3576
I      17479      3577
I      26273      3578
I      25158      3579
I      10023      3580
I       2143      3581
I       2902      3582
I       1329      3583
I      24758      3584
I       2159      3585
I      13254      3586
I      10684      3587
I      13130      3588
I      11667      3589
I      16796      3590
I      25817      3591
I       1563      3592
I      17708      3593
I        189      3594
I       4216      3595
I      11865      3596
I      17876      3597
I      14365      3598
I      11337      3599
I       4514      3600
I       1620      3601
I      22233      3602
I      12115      3603
I       5773      3604
I       1365      3605
I       7257      3606
I      25062      3607
I      30278      3608
I      18912      3609
I       7960      3610
I       5758      3611
I      17504      3612
I       2284      3613
I      22641      3614
I        121      3615
I      30710      3616
I       5305      3617
I      11973      3618
I      17461      3619
I      12615      3620
I      28122      3621
I       1568      3622
I      29966      3623
I       9282      3624
I      12511      3625
I      16927      3626
I      31586      3627
I      27516      3628
I      17894      3629
I       3345      3630
I      19713      3631
I      28954      3632
I      16788      3633
I      28343      3634
I      32474      3635
I       8843      3636
I       1014      3637
I      14159      3638
I      15093      3639
I      11532      3640
I      12001      3641
I      22002      3642
I      13967      3643
I      15634      3644
I      20829      3645
I      17828      3646
I       6475      3647
I        134      3648
I      30238      3649
I      15893      3650
I      30084      3651
I       4890      3652
I      10178      3653
I       4216      3654
I       1324      3655
I      27128      3656
I      10949      3657
I      31158      3658
I      26872      3659
I      29658      3660
I      20376      3661
I      23981      3662
I       4305      3663
I      22771      3664
I      19711      3665
I      32404      3666
I      20129      3667
I      11553      3668
I      12968      3669
I      29732      3670
I       5815      3671
I      27822      3672
I      32107      3673
I      22695      3674
I      32693      3675
I      21975      3676
I       9621      3677
I       3621      3678
I      11488      3679
I       2545      3680
I      15542      3681
I      10354      3682
I       7675      3683
I      21959      3684
I        568      3685
I      22280      3686
I      17187      3687
I       9310      3688
I       1890      3689
I      18435      3690
I      10548      3691
I      21527      3692
I       1442      3693
I      15211      3694
I      27989      3695
I      20803      3696
I      22447      3697
I      16014      3698
I      31126      3699
I      11556      3700
I      30545      3701
I      14167      3702
I      13027      3703
I      22576      3704
I      19423      3705
I       5852      3706
I       1944      3707
I      32587      3708
I      31295      3709
I      27585      3710
I      27768      3711
I       8996      3712
I      26837      3713
I      28304      3714
I       3314      3715
I      30027      3716
I       2258      3717
I      21222      3718
I        450      3719
I      17606      3720
I       9927      3721
I       5202      3722
I      30600      3723
I       8942      3724
I      13611      3725
I      23386      3726
I      24504      3727
I      29986      3728
I      26305      3729
I      21286      3730
I      31925      3731
I      12450      3732
I      32146      3733
I      20896      3734
I      31047      3735
I       8499      3736
I      29141      3737
I      12286      3738
I      19518      3739
I      18481      3740
I      21459      3741
I      29599      3742
I      18624      3743
I      27225      3744
I      29416      3745
I      23648      3746
I       3255      3747
I      14514      3748
I      10892      3749
I      23732      3750
I      22991      3751
I       6977      3752
I      29089      3753
I      22760      3754
I      15355      3755
I      20700      3756
I      24467      3757
I        848      3758
I       3893      3759
I      30507      3760
I      24316      3761
I      22221      3762
I      16504      3763
I      23728      3764
I      12633      3765
I      11049      3766
I      13306      3767
I      29591      3768
I      19731      3769
I      12922      3770
I      19731      3771
I       3631      3772
I      12141      3773
I      27582      3774
I      12555      3775
I      27443      3776
I      24386      3777
I      26183      3778
I      30971      3779
I       6458      3780
I      19259      3781
I      23382      3782
I       5574      3783
I      24192      3784
I       1355      3785
I      21531      3786
I      27139      3787
I      27866      3788
I      31612      3789
I      30393      3790
I      24305      3791
I      25378      3792
I       5510      3793
I      21107      3794
I      13473      3795
I      22480      3796
I      16478      3797
I      12017      3798
I      11381      3799
I      28067      3800
I      31478      3801
I      25040      3802
I      15358      3803
I       1911      3804
I      19391      3805
I      10820      3806
I      23592      3807
I      13593      3808
I      29611      3809
I      16767      3810
I      13942      3811
I      32621      3812
I      14310      3813
I       5266      3814
I      18205      3815
I       8948      3816
I      30314      3817
I       4591      3818
I      16919      3819
I      12726      3820
I       9951      3821
I      26735      3822
I      28944      3823
I      30594      3824
I         41      3825
I      30472      3826
I      28901      3827
I      30360      3828
I      28046      3829
I      21018      3830
I      15015      3831
I      17512      3832
I      16478      3833
I      27225      3834
I      27304      3835
I      14033      3836
I      31177      3837
I      28167      3838
I      32679      3839
I      24557      3840
I      25059      3841
I       4498      3842
I      29139      3843
I      29314      3844
I       4354      3845
I      20017      3846
I       1779      3847
I      18936      3848
I      24225      3849
I      17392      3850
I       9470      3851
I      19206      3852
I      28219      3853
I       9565      3854
I      12241      3855
I      32425      3856
I      17901      3857
I      15336      3858
I      28225      3859
I        430      3860
I       5226      3861
I       2025      3862
I      14342      3863
I      17933      3864
I      19796      3865
I       8921      3866
I      19464      3867
I      24610      3868
I      16469      3869
I       5910      3870
I      10325      3871
I      22017      3872
I      25557      3873
I       2445      3874
I       5873      3875
I       8091      3876
I      27075      3877
I       2293      3878
I      19029      3879
I      16837      3880
I      30393      3881
I       9386      3882
I      13848      3883
I      30214      3884
I       4077      3885
I      25871      3886
I      27121      3887
I      28394      3888
I      10914      3889
I      15901      3890
I      25302      3891
I      11214      3892
I      19136      3893
I      11774      3894
I       5785      3895
I      25631      3896
I      12990      3897
I      25997      3898
I       2550      3899
I       8112      3900
I      11224      3901
I       8047      3902
I       9454      3903
I      17988      3904
I      26755      3905
I      28715      3906
I       3833      3907
I      21082      3908
I       4975      3909
I       7934      3910
I      24153      3911
I      11412      3912
I      12514      3913
I      26960      3914
I      15351      3915
I      22764      3916
I      28727      3917
I      18286      3918
I      13741      3919
I      22932      3920
I      31378      3921
I      11402      3922
I      23048      3923
I      27405      3924
I       3722      3925
I      25635      3926
I      19427      3927
I      21520      3928
I      13045      3929
I       9183      3930
I      13377      3931
I        144      3932
I       9982      3933
I      16312      3934
I      20110      3935
I      29101      3936
I       4394      3937
I      11469      3938
I      14373      3939
I      13997      3940
I      32582      3941
I       7501      3942
I      18879      3943
I       3398      3944
I      16463      3945
I      17427      3946
I      11203      3947
I      30968      3948
I      15101      3949
I       1158      3950
I      15994      3951
I      12035      3952
I      25505      3953
I       9504      3954
I      28299      3955
I      13119      3956
I      13933      3957
I      19243      3958
I      12596      3959
I      12333      3960
I       3493      3961
I       5150      3962
I      17857      3963
I      11498      3964
I      28640      3965
I       6300      3966
I      13737      3967
I       5924      3968
I        902      3969
I       1845      3970
I      15159      3971
I       7928      3972
I      32158      3973
I      23115      3974
I        993      3975
I      20934      3976
I       1570      3977
I      21136      3978
I        859      3979
I      31591      3980
I      22345      3981
I       9618      3982
I      23872      3983
I       4128      3984
I      14461      3985
I       7469      3986
I       3789      3987
I       4971      3988
I      16646      3989
I      15987      3990
I      29829      3991
I      25204      3992
I       1651      3993
I      18744      3994
I      28133      3995
I        865      3996
I      28423      3997
I       8851      3998
I       4265      3999
I        627      4000
I       1801      4001
I       4124      4002
I      30841      4003
I       8469      4004
I      13338      4005
I      11902      4006
I      22592      4007
I      10823      4008
I      15088      4009
I       3931      4010
I       1660      4011
I       8388      4012
I      13238      4013
I       5804      4014
I      16775      4015
I      13006      4016
I      15691      4017
I       7828      4018
I      16054      4019
I      27847      4020
I       4095      4021
I      30458      4022
I      31235      4023
I      18288      4024
I       9141      4025
I       3664      4026
I       1307      4027
I      21652      4028
I      12833      4029
I       3433      4030
I      21726      4031
I      30168      4032
I      27082      4033
I      21495      4034
I      26380      4035
I      12394      4036
I       8531      4037
I       3496      4038
I      27204      4039
I      30320      4040
I      27063      4041
I      19031      4042
I      16563      4043
I        348      4044
I      30152      4045
I      28605      4046
I      32261      4047
I       6859      4048
I      19083      4049
I      29151      4050
I       7122      4051
I      28852      4052
I       1892      4053
I      12701      4054
I      16639      4055
I      24270      4056
I      17479      4057
I      12965      4058
I      28952      4059
I      25930      4060
I      30069      4061
I      21441      4062
I      31432      4063
I      13038      4064
I       7472      4065
I      10586      4066
I       3849      4067
I      17723      4068
I      28280      4069
I      24549      4070
I      30247      4071
I      25192      4072
I      29758      4073
I      26764      4074
I       4900      4075
I      28486      4076
I      27889      4077
I       9047      4078
I      32208      4079
I      10029      4080
I      15840      4081
I      12647      4082
I      12948      4083
I      25617      4084
I      10410      4085
I      19053      4086
I       4928      4087
I       8086      4088
I      19411      4089
I      25477      4090
I      12724      4091
I      14660      4092
I      27726      4093
I       1658      4094
I      22420      4095
I      26190      4096
I      32531      4097
I      31368      4098
I      30065      4099
I       8946      4100
I      32214      4101
I      16595      4102
I      31230      4103
I       2780      4104
I      28590      4105
I       2182      4106
I       9075      4107
I       3398      4108
I      32280      4109
I      31530      4110
I      14936      4111
I      23472      4112
I      25493      4113
I      13255      4114
I      12811      4115
I      15548      4116
I      23644      4117
I      27459      4118
I      20873      4119
I      28310      4120
I      12249      4121
I       5942      4122
I      16003      4123
I      22753      4124
I      22205      4125
I      25727      4126
I      19939      4127
I      23207      4128
I       9961      4129
I      26877      4130
I        511      4131
I      10521      4132
I      24278      4133
I        396      4134
I      20264      4135
I       6891      4136
I      13340      4137
I        747      4138
I      22688      4139
I      26627      4140
I      30836      4141
I      26703      4142
I      31223      4143
I      21750      4144
I      17171      4145
I       9925      4146
I       9796      4147
I      27932      4148
I      32256      4149
I      30101      4150
I       1857      4151
I      12609      4152
I      12050      4153
I      11373      4154
I        374      4155
I      19944      4156
I      12896      4157
I      15120      4158
I      20171      4159
I      10855      4160
I      27244      4161
I      19446      4162
I      22806      4163
I       4131      4164
I      30584      4165
I      10372      4166
I      30385      4167
I      23672      4168
I       2951      4169
I      13242      4170
I       1695      4171
I      27781      4172
I      16096      4173
I       8128      4174
I      16432      4175
I       7013      4176
I      18217      4177
I       4646      4178
I      18898      4179
I      18831      4180
I      20093      4181
I       1686      4182
I       8208      4183
I       7844      4184
I       2080      4185
I      14630      4186
I      13656      4187
I      18999      4188
I      30826      4189
I      15549      4190
I      23940      4191
I      21092      4192
I      28277      4193
I      24642      4194
I      28216      4195
I      19559      4196
I       5713      4197
I      28791      4198
I      25460      4199
I      27015      4200
I      25174      4201
I       6874      4202
I      12750      4203
I      26581      4204
I      26048      4205
I      22181      4206
I      32486      4207
I       3100      4208
I      25900      4209
I      28247      4210
I       1790      4211
I       4027      4212
I      21378      4213
I       8072      4214
I      17466      4215
I      14701      4216
I      32546      4217
I      28598      4218
I      15098      4219
I       4346      4220
I       8563      4221
I       6183      4222
I       8234      4223
I       8321      4224
I      13337      4225
I      23733      4226
I       8831      4227
I      30983      4228
I      17053      4229
I       3619      4230
I      31396      4231
I       7852      4232
I      26059      4233
I      23130      4234
I      15234      4235
I      17374      4236
I      12317      4237
I       4010      4238
I      12272      4239
I       3535      4240
I      31130      4241
I      15437      4242
I      18603      4243
I      30749      4244
I       5846      4245
I      22561      4246
I      29102      4247
I       6035      4248
I      10015      4249
I      25326      4250
I      19273      4251
I      16291      4252
I      27834      4253
I      12846      4254
I       4256      4255
I       7932      4256
I      13034      4257
I      17194      4258
I      10872      4259
I      18253      4260
I        177      4261
I      23581      4262
I      16462      4263
I      22301      4264
I      26652      4265
I      18821      4266
I      24359      4267
I      21756      4268
I      19682      4269
I       3473      4270
I       2851      4271
I      30803      4272
I       5514      4273
I      17923      4274
I      24024      4275
I       5737      4276
I      23221      4277
I      27449      4278
I      18134      4279
I      20236      4280
I      30613      4281
I       3293      4282
I      21513      4283
I      26235      4284
I       4169      4285
I      18658      4286
I      18637      4287
I      32556      4288
I      10259      4289
I      14184      4290
I      16842      4291
I      29413      4292
I       1423      4293
I      17477      4294
I       6790      4295
I      18197      4296
I      26214      4297
I      13883      4298
I       7036      4299
I      30673      4300
I      22919      4301
I      12404      4302
I      30611      4303
I       6606      4304
I       2394      4305
I       5743      4306
I      10723      4307
I      29077      4308
I      10967      4309
I       5087      4310
I      32389      4311
I       7828      4312
I      20160      4313
I      30681      4314
I      19979      4315
I      21213      4316
I      15075      4317
I       5342      4318
I       9851      4319
I      32063      4320
I      25304      4321
I      27545      4322
I      16338      4323
I      21786      4324
I      22042      4325
I      15669      4326
I      17746      4327
I      12813      4328
I      30583      4329
I      24331      4330
I      22177      4331
I       3439      4332
I       9786      4333
I      25355      4334
I       8982      4335
I      26031      4336
I      18301      4337
I       2368      4338
I      31797      4339
I      10420      4340
I      27579      4341
I      19605      4342
I      17851      4343
I      11032      4344
I       7871      4345
I       3407      4346
I      22461      4347
I      25758      4348
I      21927      4349
I      25112      4350
I      22942      4351
I      12164      4352
I      21868      4353
I      29055      4354
I      23578      4355
I      19660      4356
I      32357      4357
I      25317      4358
I       3254      4359
I      22721      4360
I      29666      4361
I       5112      4362
I      28040      4363
I      25306      4364
I      17633      4365
I      17340      4366
I      12727      4367
I       1223      4368
I       8422      4369
I      16010      4370
I      29910      4371
I      26674      4372
I       1674      4373
I       2935      4374
I       8846      4375
I       7592      4376
I      26701      4377
I        853      4378
I      17834      4379
I       3096      4380
I      26674      4381
I      31943      4382
I       1655      4383
I      16709      4384
I      18080      4385
I       8583      4386
I       2358      4387
I      29862      4388
I       2276      4389
I      15006      4390
I      31939      4391
I       8576      4392
I      10812      4393
I      10005      4394
I      21269      4395
I      27577      4396
I      14215      4397
I       9864      4398
I      10218      4399
I      16856      4400
I       5214      4401
I      24983      4402
I      14159      4403
I       5321      4404
I       9299      4405
I      26863      4406
I      18607      4407
I       8041      4408
I      29906      4409
I      27524      4410
I      10479      4411
I      26777      4412
I      28324      4413
I       2946      4414
I      14980      4415
I      15902      4416
I      29705      4417
I      29548      4418
I      26303      4419
I      19045      4420
I      12590      4421
I       4768      4422
I      13230      4423
I      18809      4424
I      27706      4425
I       8888      4426
I      10882      4427
I      18552      4428
I      12944      4429
I       5784      4430
I      26644      4431
I      10445      4432
I         97      4433
I       1709      4434
I      19836      4435
I       4952      4436
I      20816      4437
I       4552      4438
I       4888      4439
I      11319      4440
I       1096      4441
I        462      4442
I      17932      4443
I       3228      4444
I       2886      4445
I       9139      4446
I      32228      4447
I       8621      4448
I      23913      4449
I       4931      4450
I      15410      4451
I      21720      4452
I      11787      4453
I       1752      4454
I      25287      4455
I      26336      4456
I      22326      4457
I      24273      4458
I      25216      4459
I       5987      4460
I      18671      4461
I      24863      4462
I      23951      4463
I       3071      4464
I       5339      4465
I       6385      4466
I        860      4467
I       4105      4468
I      23673      4469
I      24669      4470
I      22689      4471
I      20872      4472
I      15507      4473
I       5809      4474
I       4051      4475
I       8278      4476
I      27922      4477
I      31714      4478
I      17832      4479
I      12359      4480
I       9268      4481
I       8858      4482
I       7087      4483
I      23158      4484
I      14762      4485
I      11800      4486
I       9584      4487
I        711      4488
I       1728      4489
I      14408      4490
I      26695      4491
I      27448      4492
I       4142      4493
I      10415      4494
I      17387      4495
I      14140      4496
I      25774      4497
I      21046      4498
I      27916      4499
I       3092      4500
I       9560      4501
I      15091      4502
I      15154      4503
I      31552      4504
I       2147      4505
I      13510      4506
I      22517      4507
I      18209      4508
I      32375      4509
I       1144      4510
I      11090      4511
I      19805      4512
I      10903      4513
I       6666      4514
I      29942      4515
I      13558      4516
I      15596      4517
I      31719      4518
I      23790      4519
I      13651      4520
I       1511      4521
I       2679      4522
I      11398      4523
I      12723      4524
I       2765      4525
I      31814      4526
I       2008      4527
I      31401      4528
I       5145      4529
I       1826      4530
I      11141      4531
I      32170      4532
I       3165      4533
I      20114      4534
I       1362      4535
I      23436      4536
I      20809      4537
I       9187      4538
I      20688      4539
I      27304      4540
I      18891      4541
I       1698      4542
I       8520      4543
I      21206      4544
I      32661      4545
I      14319      4546
I      23714      4547
I      21162      4548
I      24266      4549
I      24743      4550
I      24698      4551
I       8127      4552
I      32765      4553
I      14623      4554
I      23927      4555
I      23963      4556
I       9209      4557
I      17577      4558
I      27382      4559
I      10725      4560
I      16405      4561
I       4357      4562
I      18098      4563
I      25269      4564
I       2358      4565
I      30571      4566
I      10338      4567
I        337      4568
I      13874      4569
I      28442      4570
I      17119      4571
I      24181      4572
I      17586      4573
I      27926      4574
I      22137      4575
I      29245      4576
I      15790      4577
I      23792      4578
I      23037      4579
I       9934      4580
I       7513      4581
I      30314      4582
I      23391      4583
I      14978      4584
I       6268      4585
I      30284      4586
I      17679      4587
I       5925      4588
I      21716      4589
I      25657      4590
I      23770      4591
I      13414      4592
I       1623      4593
I        672      4594
I      19378      4595
I      15106      4596
I      19065      4597
I      30933      4598
I      17867      4599
I      28184      4600
I      31585      4601
I      27848      4602
I      28042      4603
I       9301      4604
I       1361      4605
I      27626      4606
I      31876      4607
I      25821      4608
I      12728      4609
I      28706      4610
I       4817      4611
I      27339      4612
I        144      4613
I      24872      4614
I      13196      4615
I      18761      4616
I      15541      4617
I      16886      4618
I       1396      4619
I      26708      4620
I      31751      4621
I       6642      4622
I      31568      4623
I       5737      4624
I      25407      4625
I      29449      4626
I      22715      4627
I       5821      4628
I      22358      4629
I      21331      4630
I       4159      4631
I      30957      4632
I      28428      4633
I      15864      4634
I       3504      4635
I      13094      4636
I      16048      4637
I      15064      4638
I      31206      4639
I      29150      4640
I      10689      4641
I      18908      4642
I      28078      4643
I      19015      4644
I      22259      4645
I      26882      4646
I      11182      4647
I      28244      4648
I      17115      4649
I      29562      4650
I      24216      4651
I      16194      4652
I      19343      4653
I       1964      4654
I      12316      4655
I       4767      4656
I      16337      4657
I      26901      4658
I       2208      4659
I       3498      4660
I       2489      4661
I      32489      4662
I      27611      4663
I       4973      4664
I      22544      4665
I       1058      4666
I      28634      4667
I       3579      4668
I      20119      4669
I       9296      4670
I      30937      4671
I      17385      4672
I      18975      4673
I      25820      4674
I       8240      4675
I        471      4676
I      22836      4677
I      18338      4678
I      15255      4679
I      13985      4680
I       3693      4681
I      19691      4682
I      18982      4683
I       8502      4684
I      21283      4685
I      30703      4686
I      21151      4687
I       7918      4688
I      27577      4689
I      16643      4690
I      22636      4691
I      12745      4692
I      30207      4693
I      31511      4694
I       1511      4695
I      31214      4696
I      13233      4697
I      15164      4698
I      25363      4699
I      17260      4700
I      32485      4701
I      30465      4702
I      30308      4703
I      27387      4704
I      25774      4705
I      14728      4706
I      19497      4707
I       9592      4708
I      23538      4709
I      21569      4710
I      11245      4711
I      31614      4712
I      20150      4713
I      27572      4714
I       3702      4715
I      20295      4716
I       2630      4717
I      13352      4718
I      18749      4719
I       6671      4720
I        208      4721
I       6510      4722
I       2409      4723
I      21509      4724
I      31919      4725
I      18723      4726
I      29812      4727
I      18165      4728
I      22646      4729
I      20004      4730
I      10372      4731
I      29282      4732
I      21704      4733
I      26740      4734
I       8419      4735
I       7956      4736
I      19430      4737
I      26304      4738
I       8734      4739
I      28303      4740
I      24139      4741
I      22791      4742
I      16470      4743
I      18005      4744
I      21506      4745
I      21691      4746
I      24932      4747
I      16993      4748
I       2555      4749
I      23360      4750
I       8753      4751
I      13782      4752
I      20444      4753
I      20211      4754
I      22179      4755
I      19428      4756
I      17308      4757
I      14753      4758
I      13712      4759
I       7785      4760
I      15904      4761
I      12144      4762
I       8874      4763
I      22309      4764
I        843      4765
I      27302      4766
I       6332      4767
I      10714      4768
I       3170      4769
I      18686      4770
I       4519      4771
I      18235      4772
I      16135      4773
I       5215      4774
I      30678      4775
I      23697      4776
I        970      4777
I      25068      4778
I       1767      4779
I      23634      4780
I      10038      4781
I      11917      4782
I      27905      4783
I       8672      4784
I      14248      4785
I      17262      4786
I       6638      4787
I      22524      4788
I      32153      4789
I      20574      4790
I      11958      4791
I      14956      4792
I      13868      4793
I       2050      4794
I      20024      4795
I      14941      4796
I      20177      4797
I      26017      4798
I       1088      4799
I       5599      4800
I       5234      4801
I       9533      4802
I       9417      4803
I      23727      4804
I       8754      4805
I       1368      4806
I      17053      4807
I      14799      4808
I      16370      4809
I       4257      4810
I       7871      4811
I      17288      4812
I      16286      4813
I      30460      4814
I      30173      4815
I      21924      4816
I      18832      4817
I      17771      4818
I       5165      4819
I      32697      4820
I        973      4821
I      19320      4822
I      13760      4823
I      10233      4824
I      30675      4825
I       9999      4826
I      24869      4827
I      25965      4828
I       5445      4829
I      12008      4830
I      17493      4831
I       9634      4832
I      18645      4833
I      14386      4834
I       9157      4835
I      16018      4836
I      23196      4837
I      26411      4838
I       4340      4839
I       5852      4840
I      25276      4841
I      26829      4842
I      19270      4843
I      18963      4844
I       9254      4845
I       8788      4846
I      18441      4847
I      27191      4848
I      28822      4849
I      18641      4850
I      26815      4851
I      27674      4852
I       6785      4853
I      10332      4854
I      27448      4855
I       6187      4856
I      31391      4857
I      21933      4858
I      25084      4859
I      14609      4860
I      11622      4861
I      20067      4862
I      12125      4863
I      25427      4864
I      25829      4865
I      14077      4866
I      22386      4867
I      26395      4868
I      21339      4869
I       7866      4870
I       4846      4871
I       4541      4872
I       8697      4873
I      22332      4874
I      18458      4875
I      24388      4876
I       7793      4877
I      25918      4878
I      32715      4879
I      23968      4880
I      29497      4881
I      18121      4882
I      17862      4883
I       9565      4884
I      11683      4885
I      22956      4886
I      29528      4887
I      25596      4888
I      18388      4889
I      18441      4890
I      29361      4891
I      30316      4892
I      19958      4893
I      24470      4894
I      23839      4895
I       1711      4896
I      19145      4897
I      27520      4898
I      13124      4899
I      20697      4900
I      18386      4901
I       5539      4902
I      31287      4903
I      18574      4904
I       6495      4905
I       4963      4906
I      19236      4907
I       8549      4908
I      12330      4909
I      12180      4910
I      14895      4911
I      16110      4912
I      13521      4913
I        592      4914
I      30333      4915
I      29345      4916
I       6315      4917
I      13445      4918
I      24082      4919
I      20608      4920
I       1097      4921
I      11186      4922
I      32425      4923
I      31360      4924
I      12328      4925
I      31016      4926
I      30080      4927
I       2671      4928
I      22994      4929
I      12921      4930
I      24037      4931
I      15036      4932
I      28530      4933
I        647      4934
I       9495      4935
I      32599      4936
I      13896      4937
I       3074      4938
I        332      4939
I       4902      4940
I       5741      4941
I      32225      4942
I      32535      4943
I      19605      4944
I       9554      4945
I      11536      4946
I      11806      4947
I      15369      4948
I      12156      4949
I       1233      4950
I      22918      4951
I       2250      4952
I      12256      4953
I      18710      4954
I       2470      4955
I      32093      4956
I       2210      4957
I      32183      4958
I       2776      4959
I       3540      4960
I      32695      4961
I       7917      4962
I      30691      4963
I      11550      4964
I      25494      4965
I       7360      4966
I      31141      4967
I      17454      4968
I       7469      4969
I      10955      4970
I      11953      4971
I      22768      4972
I      14815      4973
I       9593      4974
I      30895      4975
I      21858      4976
I       7534      4977
I       4224      4978
I        580      4979
I       9947      4980
I      12438      4981
I      19437      4982
I      10670      4983
I      16114      4984
I      31254      4985
I       8344      4986
I      27471      4987
I       7776      4988
I        940      4989
I      11541      4990
I      17268      4991
I      26615      4992
I      22784      4993
I      24732      4994
I       2522      4995
I       2502      4996
I      24225      4997
I       3019      4998
I      16632      4999
I      16152      5000
I      16673      5001
I       9108      5002
I        699      5003
I      12961      5004
I      11927      5005
I       8320      5006
I      29067      5007
I       8198      5008
I      29831      5009
I       2554      5010
I      13170      5011
I       5015      5012
I      26747      5013
I      21195      5014
I       6754      5015
I       4523      5016
I      12442      5017
I      10855      5018
I      23427      5019
I      32400      5020
I       6251      5021
I       2965      5022
I      23239      5023
I      20903      5024
I      12935      5025
I      19919      5026
I      18764      5027
I      24015      5028
I      20585      5029
I      18804      5030
I      23457      5031
I      18843      5032
I      30812      5033
I      25252      5034
I       6425      5035
I      29001      5036
I      11079      5037
I      16931      5038
I      23711      5039
I      20113      5040
I      12367      5041
I      20742      5042
I        892      5043
I      22250      5044
I        101      5045
I      13261      5046
I      20754      5047
I       5783      5048
I      12209      5049
I      19897      5050
I      11925      5051
I       1979      5052
I      19164      5053
I      24026      5054
I      25944      5055
I       5201      5056
I       6068      5057
I      25159      5058
I       3166      5059
I      29363      5060
I        863      5061
I       9852      5062
I      13752      5063
I       1495      5064
I      24576      5065
I      24027      5066
I      23622      5067
I      10452      5068
I      13031      5069
I      14403      5070
I      25104      5071
I      14956      5072
I      32332      5073
I      25455      5074
I       5143      5075
I       2201      5076
I      13372      5077
I       6534      5078
I      22322      5079
I      23326      5080
I      17986      5081
I       6175      5082
I       9583      5083
I      32703      5084
I       3982      5085
I       2419      5086
I      23740      5087
I       4387      5088
I      17765      5089
I       4491      5090
I      31184      5091
I      13157      5092
I      21980      5093
I      11331      5094
I      19370      5095
I      17730      5096
I      11595      5097
I      24142      5098
I      17085      5099
I        690      5100
I      24069      5101
I      26608      5102
I      22454      5103
I      24553      5104
I       3989      5105
I      29658      5106
I       5609      5107
I      16221      5108
I      31414      5109
I      13069      5110
I      19557      5111
I      21345      5112
I      17828      5113
I       4373      5114
I       8480      5115
I       5575      5116
I      18017      5117
I      19414      5118
I      17307      5119
I       2523      5120
I       1186      5121
I      31354      5122
I       8286      5123
I       1486      5124
I      32760      5125
I      12363      5126
I      31233      5127
I      15160      5128
I      32382      5129
I      31545      5130
I      18994      5131
I      16358      5132
I      16723      5133
I        908      5134
I      20191      5135
I       5158      5136
I      28014      5137
I      18628      5138
I       7338      5139
I      19744      5140
I      19172      5141
I      12109      5142
I      14759      5143
I      15222      5144
I      19227      5145
I       8663      5146
I      26156      5147
I      16354      5148
I      26562      5149
I      24568      5150
I      31016      5151
I      10157      5152
I       3882      5153
I      13499      5154
I      10965      5155
I      27540      5156
I       1566      5157
I       9713      5158
I       8116      5159
I      23770      5160
I      13971      5161
I      25696      5162
I       9217      5163
I      23467      5164
I       1212      5165
I      15502      5166
I      21187      5167
I      28633      5168
I      24427      5169
I      30417      5170
I      32333      5171
I       3588      5172
I      23556      5173
I      11223      5174
I       1289      5175
I       7733      5176
I      19412      5177
I       9811      5178
I        437      5179
I      17811      5180
I       8815      5181
I      16015      5182
I       1586      5183
I      18290      5184
I       8302      5185
I      18082      5186
I       5321      5187
I      23339      5188
I      18416      5189
I      29451      5190
I      21694      5191
I      11680      5192
I      31781      5193
I       5686      5194
I      32465      5195
I      18759      5196
I      32471      5197
I      26050      5198
I      25704      5199
I      13187      5200
I      18997      5201
I      28925      5202
I       7439      5203
I      31600      5204
I      12863      5205
I      17176      5206
I       4883      5207
I      32479      5208
I      29230      5209
I      11561      5210
I      11699      5211
I        668      5212
I      32551      5213
I      10736      5214
I       2083      5215
I      10513      5216
I        899      5217
I      10467      5218
I       2434      5219
I      28258      5220
I      31040      5221
I      31400      5222
I       9021      5223
I      21012      5224
I      29332      5225
I       3815      5226
I       6855      5227
I       1052      5228
I       8058      5229
I      16438      5230
I      26202      5231
I      29981      5232
I      16225      5233
I       8915      5234
I      32742      5235
I       7682      5236
I      26657      5237
I       3253      5238
I      20670      5239
I      10489      5240
I      15340      5241
I      24600      5242
I      27635      5243
I      19261      5244
I      29913      5245
I      10861      5246
I        616      5247
I       8969      5248
I      15453      5249
I      15038      5250
I      22265      5251
I      27456      5252
I      15762      5253
I      13076      5254
I      27382      5255
I       9930      5256
I       7548      5257
I      10584      5258
I      14442      5259
I       3012      5260
I      26197      5261
I      11754      5262
I      30270      5263
I      20507      5264
I       5053      5265
I      23627      5266
I      31870      5267
I      29503      5268
I      31424      5269
I      19892      5270
I      26890      5271
I       9498      5272
I      21627      5273
I       5140      5274
I       3082      5275
I       6931      5276
I       9954      5277
I       6416      5278
I       9720      5279
I      22180      5280
I       2375      5281
I      31889      5282
I      22876      5283
I      30212      5284
I      22832      5285
I      18144      5286
I      19950      5287
I       2164      5288
I      30030      5289
I      26714      5290
I      11388      5291
I        999      5292
I      29657      5293
I        240      5294
I      15129      5295
I      28269      5296
I      26614      5297
I      32759      5298
I       5975      5299
I      28036      5300
I      19454      5301
I       8827      5302
I       8851      5303
I      17002      5304
I       2085      5305
I      24967      5306
I        797      5307
I       3100      5308
I       6464      5309
I      31075      5310
I       7883      5311
I      26904      5312
I      26911      5313
I      18744      5314
I       6364      5315
I       9406      5316
I       1377      5317
I       3997      5318
I      29282      5319
I      26540      5320
I         53      5321
I      14173      5322
I      13924      5323
I      19111      5324
I       9721      5325
I       8265      5326
I      18936      5327
I      10448      5328
I       9913      5329
I      13056      5330
I      18816      5331
I      29188      5332
I      31289      5333
I      17875      5334
I      24197      5335
I      20012      5336
I      27871      5337
I      13444      5338
I      28277      5339
I      28390      5340
I      22470      5341
I      23624      5342
I      19641      5343
I      18705      5344
I       1604      5345
I      25613      5346
I       5407      5347
I       1107      5348
I      12023      5349
I      15451      5350
I      10008      5351
I      14397      5352
I      31287      5353
I      12875      5354
I      23609      5355
I      30669      5356
I       6088      5357
I       1067      5358
I       6429      5359
I       4505      5360
I       6973      5361
I      32038      5362
I      19500      5363
I      24736      5364
I       5867      5365
I       2483      5366
I      31119      5367
I      15318      5368
I      21575      5369
I       2809      5370
I      25898      5371
I      15478      5372
I       4603      5373
I      14484      5374
I      13503      5375
I       5321      5376
I      13172      5377
I      30168      5378
I       5331      5379
I      20676      5380
I      19254      5381
I      20995      5382
I      26289      5383
I       2173      5384
I       7919      5385
I      11588      5386
I      15728      5387
I      23383      5388
I       9009      5389
I      19882      5390
I        555      5391
I      14681      5392
I      19321      5393
I      26607      5394
I      16393      5395
I       6199      5396
I      10103      5397
I      11769      5398
I       4249      5399
I       4469      5400
I      21599      5401
I       3518      5402
I      26196      5403
I      12917      5404
I       7865      5405
I      11825      5406
I      16565      5407
I       2520      5408
I      25132      5409
I        108      5410
I      23846      5411
I       9912      5412
I      22323      5413
I      27176      5414
I       7937      5415
I       7268      5416
I      18370      5417
I       3167      5418
I      23226      5419
I       8334      5420
I       8691      5421
I       6560      5422
I      28172      5423
I      10487      5424
I       6848      5425
I      26386      5426
I      21068      5427
I      15871      5428
I       2473      5429
I       4064      5430
I      24917      5431
I      14011      5432
I      10523      5433
I      19791      5434
I       8165      5435
I      14545      5436
I       5582      5437
I      10773      5438
I      21300      5439
I      14897      5440
I      28391      5441
I      28572      5442
I      12691      5443
I         53      5444
I       6244      5445
I      26342      5446
I      30677      5447
I       7897      5448
I       8009      5449
I       4453      5450
I      14873      5451
I      20091      5452
I      22019      5453
I      22278      5454
I      22285      5455
I        248      5456
I      16135      5457
I      25111      5458
I      18609      5459
I       8952      5460
I       3432      5461
I      16053      5462
I      20063      5463
I      29151      5464
I       3925      5465
I      28911      5466
I      26295      5467
I       5481      5468
I       4136      5469
I      14685      5470
I      31733      5471
I       4068      5472
I       8534      5473
I      29119      5474
I       3491      5475
I      27203      5476
I      11334      5477
I       3491      5478
I      21078      5479
I      16921      5480
I      19236      5481
I      10257      5482
I      18518      5483
I      18546      5484
I       5370      5485
I      24943      5486
I      22853      5487
I        240      5488
I      11067      5489
I      31411      5490
I      26274      5491
I      13150      5492
I      30325      5493
I      15238      5494
I      17621      5495
I      17788      5496
I       2432      5497
I      32404      5498
I       8977      5499
I      11760      5500
I       4187      5501
I       2212      5502
I       8499      5503
I      11235      5504
I      25638      5505
I      30025      5506
I      30673      5507
I        426      5508
I       7070      5509
I      14484      5510
I      29810      5511
I       9278      5512
I      22747      5513
I      32659      5514
I      23860      5515
I       4212      5516
I      14655      5517
I      31464      5518
I      29369      5519
I      28916      5520
I       2403      5521
I      31939      5522
I       8553      5523
I      25949      5524
I        617      5525
I       8378      5526
I       3992      5527
I       1080      5528
I      16144      5529
I      11242      5530
I      14922      5531
I      28432      5532
I       8496      5533
I      30755      5534
I      19842      5535
I       6850      5536
I      13594      5537
I       4490      5538
I      15153      5539
I       9679      5540
I       3938      5541
I      16913      5542
I      11034      5543
I       8418      5544
I      19599      5545
I      12258      5546
I       7665      5547
I       4726      5548
I      14419      5549
I       7079      5550
I      21693      5551
I       4876      5552
I      26697      5553
I        683      5554
I      12990      5555
I       5127      5556
I       9343      5557
I      16428      5558
I        111      5559
I      17664      5560
I      32272      5561
I       1782      5562
I       7234      5563
I       5199      5564
I      26359      5565
I       7671      5566
I      16825      5567
I      23567      5568
I      22611      5569
I      30523      5570
I      22315      5571
I      20387      5572
I       1736      5573
I      24478      5574
I      10278      5575
I      23791      5576
I      24091      5577
I      12870      5578
I      26376      5579
I      21119      5580
I      16192      5581
I      32122      5582
I      17693      5583
I      16542      5584
I       5719      5585
I      29148      5586
I      22011      5587
I       9720      5588
I       9046      5589
I      31424      5590
I      20879      5591
I      16578      5592
I      18975      5593
I      17872      5594
I        960      5595
I      29521      5596
I      27052      5597
I       9231      5598
I      15757      5599
I       7383      5600
I      22780      5601
I      22098      5602
I      30203      5603
I      23656      5604
I      18252      5605
I       1122      5606
I      29484      5607
I      29148      5608
I      17981      5609
I      30398      5610
I        824      5611
I        863      5612
I      27250      5613
I      22416      5614
I       9827      5615
I       6735      5616
I      13028      5617
I      12008      5618
I      19207      5619
I       4339      5620
I       4566      5621
I      13103      5622
I      11728      5623
I      11072      5624
I      29393      5625
I       8299      5626
I      21619      5627
I      32087      5628
I      22383      5629
I      14350      5630
I      19625      5631
I      25874      5632
I      21630      5633
I      14041      5634
I      21326      5635
I        841      5636
I        977      5637
I       8052      5638
I        381      5639
I        971      5640
I      31810      5641
I      22699      5642
I      14798      5643
I       9133      5644
I      29155      5645
I      11929      5646
I       7690      5647
I       2938      5648
I      29429      5649
I       7714      5650
I       4960      5651
I      28938      5652
I       5640      5653
I       7926      5654
I      27068      5655
I      13893      5656
I      19224      5657
I      27816      5658
I      10495      5659
I      12327      5660
I      30877      5661
I      11921      5662
I       7948      5663
I      28099      5664
I       2458      5665
I        713      5666
I      13169      5667
I      29491      5668
I       1859      5669
I       8514      5670
I       7456      5671
I       7453      5672
I        983      5673
I      11007      5674
I      24599      5675
I      13246      5676
I       8320      5677
I      29739      5678
I      29638      5679
I      16830      5680
I       8452      5681
I      12585      5682
I      18699      5683
I      16991      5684
I      16098      5685
I      22032      5686
I       3204      5687
I      23610      5688
I      26747      5689
I       2473      5690
I      24626      5691
I       7665      5692
I       1915      5693
I      13410      5694
I       1904      5695
I      28323      5696
I      19528      5697
I      24201      5698
I       8547      5699
I      20450      5700
I      32412      5701
I      15986      5702
I      22371      5703
I      17805      5704
I      11484      5705
I      19393      5706
I      19509      5707
I      18345      5708
I       6272      5709
I      22884      5710
I      18356      5711
I       4035      5712
I      20572      5713
I      20921      5714
I      27676      5715
I      13485      5716
I      10975      5717
I      19983      5718
I      11532      5719
I       5170      5720
I       9089      5721
I       6861      5722
I       1509      5723
I       2739      5724
I       2348      5725
I      18477      5726
I      13610      5727
I      27356      5728
I      30163      5729
I      15521      5730
I      22524      5731
I      18039      5732
I      30584      5733
I      28625      5734
I      17645      5735
I      24631      5736
I      26912      5737
I      10002      5738
I       1421      5739
I      30074      5740
I      27696      5741
I       8085      5742
I      30303      5743
I      18048      5744
I      27805      5745
I       5243      5746
I       8206      5747
I      28528      5748
I       9882      5749
I      29470      5750
I      23671      5751
I      28057      5752
I      19904      5753
I      29797      5754
I      11851      5755
I       8149      5756
I      24851      5757
I      29018      5758
I       3612      5759
I       9113      5760
I      15866      5761
I       2299      5762
I      26523      5763
I       3189      5764
I      24845      5765
I      11242      5766
I      14910      5767
I      11724      5768
I      27609      5769
I      12478      5770
I       4185      5771
I      30729      5772
I      13567      5773
I      23407      5774
I      20955      5775
I      18709      5776
I       9493      5777
I      22326      5778
I       8695      5779
I       3281      5780
I      26527      5781
I      16754      5782
I      11921      5783
I      24342      5784
I        964      5785
I       2501      5786
I       8510      5787
I       8131      5788
I      27896      5789
I       1686      5790
I      12544      5791
I       7952      5792
I       7564      5793
I       7961      5794
I      13977      5795
I      28546      5796
I       6771      5797
I       7238      5798
I      12753      5799
I         11      5800
I      16209      5801
I       2068      5802
I      10506      5803
I      15315      5804
I      10228      5805
I      15056      5806
I      26507      5807
I      20789      5808
I      19531      5809
I      11886      5810
I      18752      5811
I       4398      5812
I      25469      5813
I      15493      5814
I       5449      5815
I      11368      5816
I      14090      5817
I      31448      5818
I       9276      5819
I      12323      5820
I       9246      5821
I      30152      5822
I      16304      5823
I       3359      5824
I      23907      5825
I      20671      5826
I      16418      5827
I      18553      5828
I      10163      5829
I       8749      5830
I       8147      5831
I      16744      5832
I      25715      5833
I       6410      5834
I      13006      5835
I      12838      5836
I       2520      5837
I      31480      5838
I      15915      5839
I       2191      5840
I      10186      5841
I      14638      5842
I      22821      5843
I      16247      5844
I      10398      5845
I      21277      5846
I      20332      5847
I      14711      5848
I       5926      5849
I       9106      5850
I      22487      5851
I       5595      5852
I      13613      5853
I       2226      5854
I      30730      5855
I      23925      5856
I      31153      5857
I      11518      5858
I      11484      5859
I       1666      5860
I       9511      5861
I      32634      5862
I      12616      5863
I       6827      5864
I      31225      5865
I      19602      5866
I      10882      5867
I      21889      5868
I       9961      5869
I       8156      5870
I      13890      5871
I      27545      5872
I       5498      5873
I        881      5874
I      26879      5875
I      19600      5876
I      11987      5877
I      25307      5878
I       2587      5879
I      15514      5880
I      11065      5881
I       5473      5882
I       3529      5883
I      25435      5884
I       5268      5885
I      26633      5886
I      27749      5887
I      30713      5888
I      15942      5889
I      17335      5890
I      32517      5891
I      10438      5892
I       9821      5893
I       2180      5894
I      28796      5895
I       9133      5896
I      30580      5897
I       1848      5898
I      17839      5899
I      18956      5900
I      13440      5901
I       6907      5902
I      24784      5903
I      12850      5904
I      21605      5905
I      19646      5906
I      13640      5907
I      12433      5908
I      14137      5909
I      27434      5910
I       7882      5911
I      22412      5912
I      20201      5913
I      21189      5914
I      18479      5915
I      31889      5916
I      21391      5917
I       7409      5918
I      23529      5919
I      17665      5920
I       2846      5921
I      29096      5922
I       8831      5923
I       3160      5924
I       2034      5925
I       8106      5926
I      17076      5927
I      15067      5928
I       1814      5929
I       6289      5930
I      17499      5931
I      27079      5932
I      22861      5933
I        888      5934
I      26932      5935
I      20336      5936
I       9489      5937
I       4110      5938
I         77      5939
I      26819      5940
I      15403      5941
I       4869      5942
I      29574      5943
I      15296      5944
I      23573      5945
I      17699      5946
I       1817      5947
I      24405      5948
I        615      5949
I      11888      5950
I      26639      5951
I      14760      5952
I       6550      5953
I      20871      5954
I      25201      5955
I      25497      5956
I      16349      5957
I      25068      5958
I      21634      5959
I      20584      5960
I      22100      5961
I      26611      5962
I        637      5963
I      31353      5964
I      11767      5965
I      30435      5966
I       9070      5967
I       7390      5968
I      28911      5969
I      27369      5970
I      14914      5971
I      12392      5972
I      20536      5973
I      11561      5974
I      27486      5975
I      10052      5976
I       2035      5977
I       8491      5978
I      22000      5979
I      32597      5980
I      31584      5981
I      13759      5982
I      18598      5983
I       2604      5984
I      30678      5985
I       4999      5986
I      13124      5987
I      26845      5988
I       3256      5989
I      25027      5990
I       1201      5991
I       6260      5992
I       8110      5993
I       7014      5994
I      24715      5995
I      30279      5996
I      27131      5997
I      15608      5998
I       4920      5999
I      25456      6000
I       8214      6001
I      25351      6002
I      13946      6003
I      16682      6004
I      31676      6005
I      32078      6006
I      20303      6007
I       7492      6008
I      25971      6009
I      18915      6010
I       1439      6011
I      10687      6012
I      14662      6013
I      26820      6014
I      24965      6015
I      29700      6016
I      30624      6017
I       9357      6018
I       4754      6019
I      26046      6020
I        438      6021
I       3507      6022
I      24885      6023
I       6439      6024
I      32316      6025
I      14106      6026
I      10084      6027
I      18484      6028
I      30063      6029
I      13802      6030
I      21307      6031
I      18456      6032
I      23361      6033
I      23270      6034
I      28662      6035
I      31504      6036
I      10189      6037
I      25993      6038
I      19643      6039
I      15214      6040
I        104      6041
I      20546      6042
I      30604      6043
I      13097      6044
I      11762      6045
I      32104      6046
I      23313      6047
I       4246      6048
I       8971      6049
I      30339      6050
I      28813      6051
I       5044      6052
I      24220      6053
I      26015      6054
I      26897      6055
I       5674      6056
I      29676      6057
I       1224      6058
I         32      6059
I      18673      6060
I      10089      6061
I        966      6062
I       8998      6063
I       5032      6064
I      16261      6065
I      29978      6066
I      12728      6067
I       3503      6068
I      23457      6069
I      26006      6070
I      24731      6071
I       1845      6072
I      17329      6073
I       2181      6074
I      15478      6075
I      17988      6076
I      16597      6077
I      14587      6078
I       7159      6079
I      15851      6080
I       8685      6081
I       7660      6082
I      15971      6083
I      21166      6084
I      21437      6085
I      28722      6086
I      25366      6087
I       4167      6088
I      32165      6089
I       7008      6090
I       9933      6091
I      28145      6092
I      31194      6093
I      11975      6094
I      14706      6095
I      24814      6096
I       2318      6097
I      30730      6098
I      20671      6099
I      21692      6100
I       7663      6101
I      25299      6102
I      10215      6103
I      11424      6104
I       4704      6105
I      12801      6106
I       7957      6107
I      16617      6108
I      30749      6109
I      23148      6110
I        853      6111
I       1918      6112
I       4042      6113
I      11631      6114
I      28428      6115
I      12769      6116
I       9001      6117
I       8836      6118
I       2960      6119
I       5503      6120
I       9679      6121
I      18831      6122
I      15266      6123
I      12015      6124
I      10053      6125
I      29103      6126
I       2697      6127
I      24454      6128
I      29804      6129
I      31225      6130
I       4779      6131
I       4105      6132
I      16587      6133
I      14001      6134
I      13834      6135
I       1826      6136
I       7197      6137
I      18629      6138
I      28326      6139
I      20635      6140
I      26411      6141
I      29348      6142
I      15129      6143
I      26050      6144
I      14944      6145
I       6583      6146
I      17138      6147
I      10996      6148
I        992      6149
I      14135      6150
I      30505      6151
I      25671      6152
I      25871      6153
I       8745      6154
I       8539      6155
I      24730      6156
I      31947      6157
I      32597      6158
I      22293      6159
I       1915      6160
I      17641      6161
I       8879      6162
I       5434      6163
I      30828      6164
I      18888      6165
I      13376      6166
I      27456      6167
I      15279      6168
I      25828      6169
I       5992      6170
I      22077      6171
I      20847      6172
I      12729      6173
I        714      6174
I      26200      6175
I       1408      6176
I      21365      6177
I      21733      6178
I       6458      6179
I      26636      6180
I       2737      6181
I      19329      6182
I         70      6183
I      21402      6184
I      12946      6185
I       1280      6186
I      21773      6187
I      12738      6188
I      14970      6189
I      25785      6190
I      24020      6191
I      27305      6192
I      23064      6193
I       8182      6194
I      10916      6195
I       1858      6196
I      21312      6197
I      28080      6198
I      18397      6199
I      15061      6200
I      22910      6201
I      25198      6202
I        132      6203
I      29110      6204
I      21001      6205
I      16788      6206
I      31597      6207
I      22805      6208
I         43      6209
I       7330      6210
I        918      6211
I      16866      6212
I      21216      6213
I      31104      6214
I      27879      6215
I      23305      6216
I      24867      6217
I        566      6218
I      32111      6219
I      28794      6220
I      17739      6221
I      14591      6222
I      15692      6223
I      19533      6224
I      22843      6225
I      28486      6226
I       1606      6227
I       6158      6228
I       4831      6229
I      23793      6230
I       9885      6231
I      11066      6232
I      16887      6233
I      12128      6234
I      18519      6235
I      29791      6236
I      21622      6237
I       9081      6238
I       9457      6239
I      22598      6240
I      16398      6241
I      25583      6242
I       2434      6243
I      14825      6244
I       3287      6245
I      26953      6246
I       9722      6247
I      10962      6248
I      31736      6249
I      29106      6250
I       7194      6251
I       9255      6252
I       6458      6253
I       4811      6254
I      22220      6255
I      24577      6256
I      23945      6257
I      13397      6258
I       5169      6259
I      17898      6260
I       9134      6261
I      22670      6262
I      25198      6263
I      10660      6264
I      10580      6265
I       9401      6266
I       9550      6267
I      10957      6268
I       6271      6269
I      22523      6270
I      10494      6271
I      12266      6272
I       8385      6273
I      24549      6274
I        172      6275
I       9778      6276
I       1698      6277
I       1342      6278
I       5680      6279
I      30328      6280
I      19180      6281
I       9597      6282
I      32504      6283
I       6735      6284
I      14851      6285
I      14609      6286
I      12884      6287
I       9418      6288
I      22703      6289
I      18606      6290
I      18723      6291
I      20419      6292
I      14007      6293
I        514      6294
I      25587      6295
I      30890      6296
I       5807      6297
I      17525      6298
I      24891      6299
I      12933      6300
I       1821      6301
I       2814      6302
I      23931      6303
I      23849      6304
I      30226      6305
I      10099      6306
I      18786      6307
I      21474      6308
I      29496      6309
I      20388      6310
I        815      6311
I      10304      6312
I      18634      6313
I       4448      6314
I      21850      6315
I      31846      6316
I      17125      6317
I      22524      6318
I      22533      6319
I      14381      6320
I      27911      6321
I      17033      6322
I      15505      6323
I      13623      6324
I      24904      6325
I      12437      6326
I      24822      6327
I      14478      6328
I      15649      6329
I      28644      6330
I      16494      6331
I       6478      6332
I      19610      6333
I      28745      6334
I      28766      6335
I      26961      6336
I        527      6337
I      28255      6338
I      13580      6339
I      19540      6340
I       8729      6341
I      25201      6342
I       4445      6343
I      20940      6344
I       9240      6345
I      21221      6346
I       6005      6347
I      12695      6348
I      23567      6349
I      13999      6350
I      18541      6351
I      11695      6352
I       8761      6353
I      22284      6354
I       4036      6355
I      11062      6356
I      24069      6357
I      31468      6358
I      17386      6359
I      28227      6360
I      15555      6361
I       4892      6362
I         55      6363
I      16134      6364
I       1182      6365
I      19377      6366
I      29574      6367
I       7383      6368
I       3427      6369
I       4002      6370
I      32512      6371
I      10340      6372
I       1296      6373
I      12691      6374
I      32608      6375
I      13476      6376
I      27906      6377
I       8312      6378
I       8729      6379
I       8680      6380
I       1194      6381
I      16933      6382
I        585      6383
I      32302      6384
I      28615      6385
I       6391      6386
I      11669      6387
I      28674      6388
I        426      6389
I      28628      6390
I      21783      6391
I      26841      6392
I      13280      6393
I      14152      6394
I      23930      6395
I      12489      6396
I       1526      6397
I      21113      6398
I      14875      6399
I       6109      6400
I      17532      6401
I      30694      6402
I      32591      6403
I      26648      6404
I      11952      6405
I      10622      6406
I       9410      6407
I      14851      6408
I      12722      6409
I      18346      6410
I      30347      6411
I      30190      6412
I      22137      6413
I      18362      6414
I        232      6415
I      28491      6416
I       9232      6417
I      14636      6418
I       6929      6419
I       5022      6420
I      27358      6421
I      12639      6422
I       3893      6423
I       6506      6424
I      22644      6425
I       1997      6426
I       8231      6427
I      20943      6428
I       4085      6429
I      32390      6430
I      18097      6431
I      11544      6432
I      32181      6433
I      10773      6434
I      29632      6435
I       3019      6436
I      28610      6437
I       2620      6438
I      14031      6439
I      13923      6440
I      30707      6441
I      12959      6442
I      10143      6443
I       9597      6444
I      28230      6445
I      27241      6446
I      19379      6447
I       4811      6448
I      24539      6449
I       6293      6450
I       6214      6451
I      13587      6452
I      25420      6453
I      12160      6454
I       7282      6455
I      10721      6456
I       4741      6457
I      30051      6458
I       3498      6459
I      19240      6460
I        802      6461
I       6003      6462
I      31767      6463
I       5162      6464
I      22031      6465
I      28132      6466
I       3299      6467
I      11861      6468
I       4616      6469
I       2013      6470
I      24485      6471
I       9600      6472
I      25653      6473
I        386      6474
I       6347      6475
I      15067      6476
I      12092      6477
I      12859      6478
I       9318      6479
I       3486      6480
I      21533      6481
I      28167      6482
I      24646      6483
I      14513      6484
I      17398      6485
I      16041      6486
I      20575      6487
I        712      6488
I       5974      6489
I      25529      6490
I      31198      6491
I      27658      6492
I      13374      6493
I      21889      6494
I       9830      6495
I       1059      6496
I      23402      6497
I      22687      6498
I      27708      6499
I      17952      6500
I      29965      6501
I       9663      6502
I      20632      6503
I       2425      6504
I      24144      6505
I      16417      6506
I      28157      6507
I      24820      6508
I       7168      6509
I       5038      6510
I      31633      6511
I        423      6512
I      15335      6513
I      11570      6514
I       4922      6515
I      29870      6516
I      12240      6517
I      19963      6518
I      30041      6519
I       3051      6520
I       4532      6521
I       2512      6522
I      23916      6523
I      24441      6524
I      14906      6525
I      14692      6526
I      27047      6527
I      25389      6528
I       8706      6529
I      28756      6530
I      24735      6531
I      26003      6532
I       4501      6533
I        327      6534
I      13250      6535
I      29270      6536
I       3574      6537
I      29456      6538
I      17823      6539
I      20545      6540
I      27644      6541
I      25172      6542
I      14858      6543
I      22837      6544
I      11164      6545
I      19942      6546
I       1938      6547
I      12908      6548
I      15721      6549
I      15495      6550
I       9200      6551
I      17069      6552
I        361      6553
I      32361      6554
I       1875      6555
I      13495      6556
I      22224      6557
I       8836      6558
I      32440      6559
I      12582      6560
I       8900      6561
I       8181      6562
I      20038      6563
I      30149      6564
I       9828      6565
I      14234      6566
I       3712      6567
I      32726      6568
I      14260      6569
I      12709      6570
I       1859      6571
I       4962      6572
I      17323      6573
I      17565      6574
I       5225      6575
I      31686      6576
I       5262      6577
I      16084      6578
I      25208      6579
I       7302      6580
I      31618      6581
I      24985      6582
I      15581      6583
I      13952      6584
I      23847      6585
I      31969      6586
I      25174      6587
I      22951      6588
I        645      6589
I       1095      6590
I      27000      6591
I      10470      6592
I      22431      6593
I       9286      6594
I      20949      6595
I       1959      6596
I      28777      6597
I       2993      6598
I      24706      6599
I      23547      6600
I       4811      6601
I      22390      6602
I       7295      6603
I      27809      6604
I       3005      6605
I      20549      6606
I       9522      6607
I       7356      6608
I       1350      6609
I      29939      6610
I       8733      6611
I       8479      6612
I      31720      6613
I      23830      6614
I       7560      6615
I       4894      6616
I       7995      6617
I       2949      6618
I      29052      6619
I      11509      6620
I      26191      6621
I       6705      6622
I       7788      6623
I      24416      6624
I       1544      6625
I      28253      6626
I      29658      6627
I      30367      6628
I      23586      6629
I      14885      6630
I      32630      6631
I      21799      6632
I      20759      6633
I       5062      6634
I      26935      6635
I      28366      6636
I      13112      6637
I       8027      6638
I      28676      6639
I      16169      6640
I       8074      6641
I      24451      6642
I      28312      6643
I      24542      6644
I      26739      6645
I       7500      6646
I      18404      6647
I      21502      6648
I      29441      6649
I      20254      6650
I      20997      6651
I       1337      6652
I      21255      6653
I      18298      6654
I       9380      6655
I      13309      6656
I      29133      6657
I        962      6658
I       9898      6659
I      15256      6660
I       1803      6661
I      28119      6662
I      15310      6663
I       3023      6664
I       6238      6665
I       8243      6666
I        142      6667
I       2629      6668
I      25215      6669
I      29472      6670
I       8812      6671
I       6866      6672
I      27598      6673
I      18945      6674
I       4677      6675
I       4778      6676
I       9045      6677
I      30403      6678
I      22704      6679
I      27198      6680
I      20091      6681
I      11598      6682
I      17352      6683
I      29326      6684
I       8544      6685
I      31124      6686
I      18144      6687
I       3177      6688
I       8366      6689
I      22527      6690
I       5808      6691
I      29764      6692
I      13256      6693
I      27832      6694
I       5111      6695
I      15159      6696
I      19439      6697
I      23746      6698
I      13966      6699
I      19487      6700
I        681      6701
I      21287      6702
I      25944      6703
I       8353      6704
I        948      6705
I       2731      6706
I       5020      6707
I      29089      6708
I      28223      6709
I      12748      6710
I       6321      6711
I      29346      6712
I      14640      6713
I      14349      6714
I      30819      6715
I      17486      6716
I      13270      6717
I       8707      6718
I       5369      6719
I      11922      6720
I      13950      6721
I      31453      6722
I      28261      6723
I      19995      6724
I      24317      6725
I      18771      6726
I       3965      6727
I      17905      6728
I      15512      6729
I      15210      6730
I      30138      6731
I      16884      6732
I        521      6733
I      24085      6734
I       2478      6735
I      29326      6736
I      20470      6737
I       2211      6738
I      15119      6739
I      22699      6740
I       2600      6741
I       7755      6742
I      11668      6743
I      18437      6744
I      13010      6745
I      25391      6746
I       2436      6747
I      27852      6748
I      22505      6749
I      19404      6750
I       4548      6751
I      21254      6752
I      18029      6753
I      23106      6754
I       1058      6755
I       8031      6756
I      27388      6757
I      20694      6758
I       4099      6759
I      17916      6760
I      29019      6761
I       7507      6762
I      16942      6763
I       4456      6764
I      23511      6765
I      26727      6766
I      21002      6767
I      27009      6768
I      27870      6769
I      31678      6770
I       8625      6771
I       3481      6772
I      14406      6773
I      18816      6774
I      26854      6775
I       4351      6776
I      13025      6777
I      17779      6778
I      14009      6779
I       5633      6780
I      22060      6781
I      21414      6782
I       4009      6783
I      11391      6784
I      13219      6785
I      27687      6786
I       6835      6787
I       7733      6788
I      20070      6789
I      16947      6790
I      31129      6791
I       9547      6792
I      22244      6793
I      22965      6794
I      17028      6795
I      16877      6796
I      17077      6797
I       1690      6798
I      14193      6799
I      22429      6800
I        453      6801
I      32148      6802
I      13420      6803
I      21254      6804
I      24466      6805
I       9293      6806
I      26190      6807
I      30701      6808
I      15663      6809
I      12816      6810
I       6623      6811
I      18092      6812
I      16570      6813
I       1305      6814
I      21096      6815
I      18642      6816
I      19164      6817
I      21023      6818
I      18015      6819
I      21767      6820
I       1194      6821
I       5358      6822
I      24595      6823
I      19646      6824
I      24528      6825
I      12034      6826
I      30165      6827
I       7237      6828
I      26094      6829
I      12889      6830
I      17647      6831
I      19560      6832
I      25432      6833
I       3215      6834
I      14999      6835
I      10798      6836
I      10392      6837
I      12964      6838
I      12604      6839
I      22886      6840
I      12783      6841
I      22925      6842
I      16099      6843
I      26022      6844
I       3792      6845
I        631      6846
I      31096      6847
I      30916      6848
I      11766      6849
I      23169      6850
I       7003      6851
I      26944      6852
I      13724      6853
I      11669      6854
I      25064      6855
I       7706      6856
I       8801      6857
I      16933      6858
I      10059      6859
I      28156      6860
I      18337      6861
I      21232      6862
I      27735      6863
I      11028      6864
I       9047      6865
I      14430      6866
I      23083      6867
I        896      6868
I      32060      6869
I       8308      6870
I      26276      6871
I       7234      6872
I       3906      6873
I      14579      6874
I      17581      6875
I      24301      6876
I      15987      6877
I      23417      6878
I      11861      6879
I       9825      6880
I      16309      6881
I       8880      6882
I      10267      6883
I      29773      6884
I      30311      6885
I      25449      6886
I       7472      6887
I      22784      6888
I      16016      6889
I       2810      6890
I      30271      6891
I       6761      6892
I      26666      6893
I      21182      6894
I      15320      6895
I      18658      6896
I      12008      6897
I       6879      6898
I       2964      6899
I      12204      6900
I       2198      6901
I      10946      6902
I      28080      6903
I      30271      6904
I       3552      6905
I      11609      6906
I        916      6907
I      21950      6908
I      29706      6909
I      19535      6910
I        918      6911
I      30052      6912
I      12861      6913
I      10986      6914
I      10596      6915
I      30200      6916
I      27760      6917
I      12458      6918
I       5725      6919
I       8234      6920
I      30164      6921
I       1165      6922
I      20379      6923
I      30594      6924
I      26255      6925
I      30714      6926
I      31360      6927
I      28481      6928
I      11510      6929
I       1031      6930
I       5508      6931
I        307      6932
I       1893      6933
I      26214      6934
I      11160      6935
I      21327      6936
I      23441      6937
I       2432      6938
I       9078      6939
I      31343      6940
I        986      6941
I      11339      6942
I      17607      6943
I      22883      6944
I      13765      6945
I       4760      6946
I       7478      6947
I      13256      6948
I       5696      6949
I      24619      6950
I      26023      6951
I       9100      6952
I      28654      6953
I      21256      6954
I      17442      6955
I      24274      6956
I       7966      6957
I      22407      6958
I      19311      6959
I      16719      6960
I      18481      6961
I      25832      6962
I      23570      6963
I      12604      6964
I       4950      6965
I       2444      6966
I      16561      6967
I      24866      6968
I      16495      6969
I      23723      6970
I      23995      6971
I      14356      6972
I      15081      6973
I       4035      6974
I      28421      6975
I      17965      6976
I      26954      6977
I      17807      6978
I      10481      6979
I      30854      6980
I      20349      6981
I       8620      6982
I      30363      6983
I      31073      6984
I      24750      6985
I      13321      6986
I        354      6987
I      15701      6988
I      19165      6989
I      31729      6990
I      29453      6991
I      23865      6992
I      25444      6993
I       4341      6994
I      31595      6995
I      21359      6996
I      19283      6997
I       2934      6998
I      19522      6999
I        658      7000
I      17569      7001
I      27121      7002
I       9583      7003
I      10950      7004
I      17912      7005
I      14652      7006
I      27270      7007
I      13233      7008
I       5234      7009
I      18385      7010
I       2561      7011
I       3048      7012
I      16946      7013
I      22032      7014
I      13722      7015
I        343      7016
I      27480      7017
I       8307      7018
I       6660      7019
I       6974      7020
I      15716      7021
I       7521      7022
I       8202      7023
I      17669      7024
I      26195      7025
I      28188      7026
I      22889      7027
I       2115      7028
I      24255      7029
I      23587      7030
I      12501      7031
I      32306      7032
I        726      7033
I       8869      7034
I      32636      7035
I       9571      7036
I      28698      7037
I       8103      7038
I      14298      7039
I        423      7040
I      24052      7041
I      22824      7042
I      24970      7043
I      25741      7044
I      22863      7045
I      26837      7046
I       3037      7047
I      26685      7048
I      28064      7049
I      22157      7050
I      15688      7051
I       4066      7052
I       4755      7053
I      21786      7054
I      22371      7055
I      24278      7056
I      16565      7057
I       3483      7058
I       9447      7059
I      16842      7060
I      18610      7061
I       6786      7062
I      12980      7063
I      19140      7064
I        844      7065
I       2710      7066
I      17364      7067
I      16032      7068
I        627      7069
I       8282      7070
I       1608      7071
I      29714      7072
I      30149      7073
I       8924      7074
I      11417      7075
I      19173      7076
I       8022      7077
I      32441      7078
I       7394      7079
I      31782      7080
I      30268      7081
I      16588      7082
I       1700      7083
I      30392      7084
I       7835      7085
I      18591      7086
I       1984      7087
I      19356      7088
I      14184      7089
I      10794      7090
I      32683      7091
I      19065      7092
I      20902      7093
I       6896      7094
I      13311      7095
I      16665      7096
I       7095      7097
I      30466      7098
I       9199      7099
I       9616      7100
I      14705      7101
I      14807      7102
I       1556      7103
I       1870      7104
I      13887      7105
I       8077      7106
I      14817      7107
I       1687      7108
I      17677      7109
I      12692      7110
I       7806      7111
I      29176      7112
I       1405      7113
I      16713      7114
I       9995      7115
I      19268      7116
I      19742      7117
I       7427      7118
I       5407      7119
I       4614      7120
I      13276      7121
I      22080      7122
I      11783      7123
I       5538      7124
I      30632      7125
I       5160      7126
I       2825      7127
I      13198      7128
I      19089      7129
I      20729      7130
I      28779      7131
I      20492      7132
I      20702      7133
I      27774      7134
I      27762      7135
I       9470      7136
I      29814      7137
I       8283      7138
I       2302      7139
I      24658      7140
I      12541      7141
I       7042      7142
I      24368      7143
I      15724      7144
I      21787      7145
I       9301      7146
I       9956      7147
I      17785      7148
I      29239      7149
I       3383      7150
I      20786      7151
I       9071      7152
I         58      7153
I      20927      7154
I      12756      7155
I      31015      7156
I       6246      7157
I       1074      7158
I      10170      7159
I          4      7160
I      17988      7161
I      29677      7162
I       1810      7163
I      23722      7164
I      18863      7165
I      27381      7166
I      26405      7167
I      13254      7168
I      23562      7169
I      17568      7170
I      30238      7171
I      31439      7172
I      13010      7173
I       4728      7174
I       6596      7175
I      15817      7176
I      22324      7177
I       1596      7178
I      15246      7179
I      28013      7180
I      16630      7181
I      31499      7182
I      21483      7183
I      12900      7184
I      16933      7185
I       7059      7186
I      14046      7187
I       8274      7188
I      26126      7189
I      18156      7190
I      30283      7191
I      18549      7192
I       7136      7193
I      19868      7194
I      30719      7195
I      32174      7196
I      11857      7197
I      28274      7198
I      11475      7199
I       4945      7200
I       3786      7201
I      14359      7202
I      28150      7203
I      16414      7204
I      31611      7205
I      29940      7206
I      20035      7207
I      17029      7208
I      13349      7209
I      23403      7210
I         30      7211
I      30375      7212
I      21061      7213
I      11397      7214
I      22775      7215
I       1281      7216
I      26850      7217
I      26686      7218
I        301      7219
I      14095      7220
I      21131      7221
I      20724      7222
I       5676      7223
I       5253      7224
I      12735      7225
I       3734      7226
I       8008      7227
I      28206      7228
I      32047      7229
I      27066      7230
I      29022      7231
I      28738      7232
I      20907      7233
I      29828      7234
I      15298      7235
I      31185      7236
I      20428      7237
I       9366      7238
I      15005      7239
I      14159      7240
I      15372      7241
I       2451      7242
I      22780      7243
I      14523      7244
I       3567      7245
I       1788      7246
I      10412      7247
I      29203      7248
I       6315      7249
I      31391      7250
I      26910      7251
I      14429      7252
I      21971      7253
I      28684      7254
I      15753      7255
I       7731      7256
I       9439      7257
I      29885      7258
I       3389      7259
I      12760      7260
I      20615      7261
I      31782      7262
I      26212      7263
I       3035      7264
I       3855      7265
I      13321      7266
I      19338      7267
I       2642      7268
I      20514      7269
I       6543      7270
I       7945      7271
I      11645      7272
I      26821      7273
I       1382      7274
I      15065      7275
I      11131      7276
I      26636      7277
I      11016      7278
I       9591      7279
I      30058      7280
I      16557      7281
I      18122      7282
I      31027      7283
I       7559      7284
I      28303      7285
I      32655      7286
I      15963      7287
I       6986      7288
I      22606      7289
I      16468      7290
I      16920      7291
I      17955      7292
I      17303      7293
I      18715      7294
I       4477      7295
I      18485      7296
I      14254      7297
I      32749      7298
I       1186      7299
I      14821      7300
I      17884      7301
I      32547      7302
I      32649      7303
I      15901      7304
I      12685      7305
I      22992      7306
I       4437      7307
I      14477      7308
I      21566      7309
I      14607      7310
I      26704      7311
I      13442      7312
I       9943      7313
I      30935      7314
I      11325      7315
I       1073      7316
I       5748      7317
I        917      7318
I      15564      7319
I       1140      7320
I      31379      7321
I      19279      7322
I      28934      7323
I      14924      7324
I      30091      7325
I      15660      7326
I      31518      7327
I      16608      7328
I       7879      7329
I         25      7330
I      30320      7331
I      28537      7332
I       4608      7333
I      15063      7334
I       9583      7335
I       6241      7336
I      19423      7337
I      16932      7338
I       2085      7339
I       7730      7340
I      21433      7341
I      27165      7342
I      23884      7343
I       9870      7344
I      21937      7345
I      22412      7346
I      22095      7347
I      18585      7348
I      25270      7349
I       4759      7350
I       7390      7351
I      18790      7352
I      28264      7353
I      20463      7354
I      28019      7355
I      23923      7356
I      26576      7357
I       7126      7358
I      23526      7359
I      28653      7360
I       9614      7361
I      13491      7362
I       4839      7363
I      14945      7364
I       3712      7365
I      15187      7366
I      15231      7367
I       2985      7368
I      18990      7369
I      17148      7370
I      24583      7371
I      31736      7372
I       2289      7373
I       8920      7374
I       6274      7375
I       2400      7376
I      32216      7377
I        388      7378
I        549      7379
I      11783      7380
I      27137      7381
I      26100      7382
I       1503      7383
I      13778      7384
I      19832      7385
I      26167      7386
I       6448      7387
I       4855      7388
I      19526      7389
I       3442      7390
I      21098      7391
I       6241      7392
I      32479      7393
I       6081      7394
I      25607      7395
I       3142      7396
I       2694      7397
I      10566      7398
I      21199      7399
I      31669      7400
I      29517      7401
I      15596      7402
I       7687      7403
I       2213      7404
I       9744      7405
I      14244      7406
I      16872      7407
I       8977      7408
I      30043      7409
I      24630      7410
I      24187      7411
I      22613      7412
I       3734      7413
I       8280      7414
I      23593      7415
I       9064      7416
I      13486      7417
I      14710      7418
I       6119      7419
I      12145      7420
I      29445      7421
I      27128      7422
I       8952      7423
I       6265      7424
I      28023      7425
I      11739      7426
I      11809      7427
I       4270      7428
I      14165      7429
I      16880      7430
I      22220      7431
I       8840      7432
I      11666      7433
I       6084      7434
I      12507      7435
I      24532      7436
I      12445      7437
I      23464      7438
I      19882      7439
I      23655      7440
I        737      7441
I      29969      7442
I       3805      7443
I      20239      7444
I      10288      7445
I      12633      7446
I      12193      7447
I      10853      7448
I      25699      7449
I      22058      7450
I      16410      7451
I       2145      7452
I      16361      7453
I       5101      7454
I      14136      7455
I      32583      7456
I      15819      7457
I      17383      7458
I      29571      7459
I      17299      7460
I       2968      7461
I      28989      7462
I       5794      7463
I       7717      7464
I      26745      7465
I      11857      7466
I      14980      7467
I      26148      7468
I      26290      7469
I      12849      7470
I       1809      7471
I      28009      7472
I      20202      7473
I       1262      7474
I       8467      7475
I      23443      7476
I      18214      7477
I      31116      7478
I      17328      7479
I      27978      7480
I      19376      7481
I      18842      7482
I      15151      7483
I      19438      7484
I      10917      7485
I       4465      7486
I      27978      7487
I       9417      7488
I        677      7489
I       8109      7490
I      10793      7491
I      31895      7492
I       2456      7493
I      15773      7494
I      21058      7495
I      15067      7496
I      24047      7497
I       7209      7498
I       8198      7499
I       8926      7500
I      26662      7501
I      20305      7502
I       3363      7503
I      13603      7504
I       2648      7505
I       9523      7506
I      21176      7507
I      14361      7508
I      12604      7509
I       6336      7510
I      10884      7511
I      16517      7512
I      17992      7513
I      23533      7514
I      23575      7515
I      14557      7516
I      13401      7517
I      32171      7518
I      30146      7519
I       5586      7520
I        738      7521
I      27361      7522
I      14851      7523
I      16098      7524
I       3707      7525
I      14545      7526
I      20372      7527
I      18794      7528
I       1797      7529
I       5393      7530
I       1069      7531
I      14825      7532
I      26377      7533
I      30020      7534
I      31116      7535
I      31896      7536
I      16444      7537
I      29879      7538
I      18554      7539
I      32088      7540
I       1758      7541
I      17486      7542
I       1757      7543
I      25294      7544
I      14689      7545
I      27664      7546
I      16725      7547
I         96      7548
I      32208      7549
I      31559      7550
I      15477      7551
I       9589      7552
I      15585      7553
I      20671      7554
I      27504      7555
I       4042      7556
I      27831      7557
I      12824      7558
I       9305      7559
I       5526      7560
I       8735      7561
I      13341      7562
I      16205      7563
I       6781      7564
I      28908      7565
I      26358      7566
I      28478      7567
I      10265      7568
I      32662      7569
I       9381      7570
I      22365      7571
I      29770      7572
I       9993      7573
I      16002      7574
I      24932      7575
I       9497      7576
I      10304      7577
I      16252      7578
I      32353      7579
I       1804      7580
I      10532      7581
I       7927      7582
I       8788      7583
I      21194      7584
I      11153      7585
I      22880      7586
I      32663      7587
I      28254      7588
I      10929      7589
I      31582      7590
I      15364      7591
I       3341      7592
I      14774      7593
I      13134      7594
I      32250      7595
I       6719      7596
I      28384      7597
I       8198      7598
I      26349      7599
I       2052      7600
I      21263      7601
I      18468      7602
I      31311      7603
I      12706      7604
I       9993      7605
I       8166      7606
I      18349      7607
I      10583      7608
I       3741      7609
I        959      7610
I      31525      7611
I      14958      7612
I      27072      7613
I        858      7614
I      31146      7615
I      15411      7616
I      29822      7617
I         88      7618
I       8118      7619
I      10349      7620
I       5898      7621
I      15085      7622
I      29528      7623
I      10708      7624
I        129      7625
I      32583      7626
I      22170      7627
I       7952      7628
I      32649      7629
I       5763      7630
I      12944      7631
I      20370      7632
I       3076      7633
I      31896      7634
I      13015      7635
I       1281      7636
I      24872      7637
I       3616      7638
I      13494      7639
I      17619      7640
I       3105      7641
I      23164      7642
I       3419      7643
I      11241      7644
I       3921      7645
I      17672      7646
I      20355      7647
I      30552      7648
I      30465      7649
I      15190      7650
I      29355      7651
I      12496      7652
I      12024      7653
I      25784      7654
I       2554      7655
I       9159      7656
I      21534      7657
I      13326      7658
I      19414      7659
I      28385      7660
I      13746      7661
I      28299      7662
I       1795      7663
I       1247      7664
I       4244      7665
I        391      7666
I      22773      7667
I       8486      7668
I      27446      7669
I      27361      7670
I       5832      7671
I       4587      7672
I      20496      7673
I       9830      7674
I       1846      7675
I      25637      7676
I      30920      7677
I      29612      7678
I      25128      7679
I       7925      7680
I       9344      7681
I       7404      7682
I      28441      7683
I      31646      7684
I      12028      7685
I        783      7686
I      17440      7687
I       5293      7688
I      11062      7689
I      19865      7690
I      11436      7691
I      23552      7692
I      24736      7693
I      14363      7694
I      24864      7695
I       6120      7696
I      18286      7697
I      22044      7698
I      26948      7699
I      27009      7700
I       5694      7701
I      22740      7702
I       4161      7703
I       8769      7704
I      31039      7705
I      16574      7706
I      15039      7707
I      19837      7708
I      10334      7709
I      13871      7710
I      18767      7711
I      20982      7712
I      28397      7713
I      25819      7714
I      31781      7715
I       3383      7716
I       4098      7717
I      17229      7718
I      18031      7719
I      13884      7720
I      29823      7721
I      25954      7722
I      13074      7723
I      11497      7724
I      13641      7725
I       6162      7726
I      29358      7727
I       7416      7728
I        895      7729
I      20551      7730
I       7115      7731
I      22133      7732
I      17126      7733
I       6435      7734
I       4515      7735
I       5977      7736
I      22081      7737
I      20404      7738
I      27937      7739
I       1752      7740
I      10579      7741
I      15294      7742
I      27314      7743
I       1074      7744
I      25362      7745
I      18373      7746
I      26038      7747
I      20131      7748
I      27345      7749
I      24507      7750
I      11477      7751
I      16281      7752
I      19681      7753
I       8884      7754
I      25051      7755
I      20336      7756
I       9352      7757
I      30462      7758
I        456      7759
I      11828      7760
I       1814      7761
I       7904      7762
I      29285      7763
I      10798      7764
I       5262      7765
I       6174      7766
I      26866      7767
I      29839      7768
I      32598      7769
I      24690      7770
I      12804      7771
I       1395      7772
I      10248      7773
I       3688      7774
I      22641      7775
I      28233      7776
I       4755      7777
I      16005      7778
I      12537      7779
I       9755      7780
I      27460      7781
I      10500      7782
I      15559      7783
I       7616      7784
I      22397      7785
I      18323      7786
I      11798      7787
I      22140      7788
I      11152      7789
I      24353      7790
I      11021      7791
I      27506      7792
I      27317      7793
I      22079      7794
I      24675      7795
I       7949      7796
I      12996      7797
I       8436      7798
I      27973      7799
I      18800      7800
I      10219      7801
I      19678      7802
I      16338      7803
I       5871      7804
I      27942      7805
I      12559      7806
I      18211      7807
I      16718      7808
I      10087      7809
I      19012      7810
I       9028      7811
I      19369      7812
I      27949      7813
I      28305      7814
I      18197      7815
I       4145      7816
I      18855      7817
I      26889      7818
I       1360      7819
I       1646      7820
I      22693      7821
I      26853      7822
I      10963      7823
I      29624      7824
I       8692      7825
I       8476      7826
I      21262      7827
I      32509      7828
I      10685      7829
I      29653      7830
I      13325      7831
I       7191      7832
I      21079      7833
I      10141      7834
I      17835      7835
I      22118      7836
I      23583      7837
I       5017      7838
I      11562      7839
I      17575      7840
I      24742      7841
I      26570      7842
I      32377      7843
I      17428      7844
I       9827      7845
I      15295      7846
I      20375      7847
I      11551      7848
I       6369      7849
I      20369      7850
I      20692      7851
I      20244      7852
I      27471      7853
I      16338      7854
I         64      7855
I      11409      7856
I      10134      7857
I       2915      7858
I       5684      7859
I      17333      7860
I       3698      7861
I      14782      7862
I      22102      7863
I       2418      7864
I      13002      7865
I      32238      7866
I      13809      7867
I       4256      7868
I       5001      7869
I       2444      7870
I      20105      7871
I      10674      7872
I      15046      7873
I      23336      7874
I      13489      7875
I      25036      7876
I      11893      7877
I      16449      7878
I      27527      7879
I       6393      7880
I      30339      7881
I      16620      7882
I      11962      7883
I      11239      7884
I      27402      7885
I       1799      7886
I      17804      7887
I       8518      7888
I        154      7889
I       8786      7890
I      17163      7891
I      16701      7892
I      12710      7893
I      13914      7894
I      22417      7895
I       9847      7896
I      20716      7897
I      28539      7898
I      27139      7899
I      25619      7900
I      27831      7901
I       1701      7902
I      19806      7903
I      17026      7904
I      29698      7905
I       2496      7906
I      29352      7907
I       2124      7908
I       2913      7909
I       4857      7910
I      12619      7911
I       5836      7912
I      16501      7913
I      15013      7914
I       5886      7915
I      20711      7916
I      28989      7917
I       6161      7918
I      22703      7919
I       9893      7920
I        893      7921
I      19596      7922
I       9166      7923
I      23260      7924
I      28792      7925
I       1840      7926
I         56      7927
I       3884      7928
I      19383      7929
I       8393      7930
I       4479      7931
I      27460      7932
I       4008      7933
I       4914      7934
I       4348      7935
I      27382      7936
I      12111      7937
I      12387      7938
I      20260      7939
I       2322      7940
I      27611      7941
I      29465      7942
I       6981      7943
I        944      7944
I       7262      7945
I      20746      7946
I       9079      7947
I       5926      7948
I       4568      7949
I      32066      7950
I      10920      7951
I      16299      7952
I      15197      7953
I      11032      7954
I       1997      7955
I      15840      7956
I      18627      7957
I      15853      7958
I      15321      7959
I        721      7960
I       9555      7961
I      15703      7962
I        376      7963
I      11377      7964
I       5153      7965
I       5743      7966
I      18283      7967
I      10774      7968
I       7460      7969
I      29324      7970
I       3251      7971
I      20821      7972
I      12687      7973
I      14037      7974
I      23293      7975
I      19989      7976
I       5560      7977
I      12553      7978
I       4198      7979
I      31810      7980
I       7130      7981
I       2041      7982
I       7749      7983
I      25418      7984
I       5038      7985
I      23061      7986
I      22583      7987
I      22933      7988
I       3944      7989
I      26847      7990
I       6296      7991
I      23700      7992
I      21019      7993
I      14083      7994
I      22097      7995
I       8127      7996
I      24470      7997
I       5360      7998
I      20737      7999
I       6114      8000
I       3048      8001
I       2967      8002
I       3263      8003
I      22290      8004
I      20565      8005
I      31497      8006
I      21705      8007
I      29962      8008
I      25003      8009
I      29246      8010
I      22013      8011
I      23691      8012
I      12762      8013
I      30391      8014
I       2652      8015
I       1733      8016
I      23154      8017
I      12161      8018
I      13932      8019
I       7347      8020
I      16090      8021
I      12691      8022
I      20834      8023
I       5155      8024
I       7163      8025
I      18023      8026
I      22279      8027
I       4261      8028
I       6674      8029
I      20251      8030
I      32400      8031
I      24491      8032
I       2129      8033
I      17702      8034
I      15690      8035
I       9345      8036
I       9927      8037
I      28135      8038
I      28295      8039
I      10614      8040
I      22469      8041
I      29256      8042
I       6148      8043
I      21512      8044
I      26302      8045
I      14747      8046
I       3374      8047
I       2504      8048
I      22987      8049
I      31787      8050
I      26634      8051
I      13122      8052
I       4371      8053
I      13543      8054
I      20384      8055
I      31168      8056
I      22980      8057
I      30936      8058
I      19393      8059
I      17008      8060
I      29212      8061
I       1229      8062
I      22219      8063
I       3244      8064
I       9695      8065
I       4308      8066
I       4218      8067
I      22565      8068
I      23783      8069
I      15114      8070
I       2751      8071
I      10930      8072
I      22694      8073
I      13484      8074
I      27475      8075
I      28790      8076
I       3434      8077
I      17840      8078
I      14833      8079
I       4208      8080
I      31600      8081
I      24236      8082
I       7280      8083
I       4131      8084
I      12674      8085
I      18771      8086
I      10868      8087
I       1151      8088
I      19055      8089
I      19634      8090
I      12354      8091
I      19154      8092
I      13996      8093
I      16249      8094
I       5959      8095
I      15465      8096
I      31306      8097
I      18697      8098
I       3625      8099
I       4956      8100
I      31390      8101
I       3595      8102
I       3364      8103
I      16678      8104
I      29969      8105
I      25339      8106
I      12704      8107
I      26539      8108
I        638      8109
I       2950      8110
I      20645      8111
I      27582      8112
I       3300      8113
I      24859      8114
I      27286      8115
I       7708      8116
I      22453      8117
I      27798      8118
I      21190      8119
I      24499      8120
I      24160      8121
I       5153      8122
I      24809      8123
I      19781      8124
I      22438      8125
I       6250      8126
I       2103      8127
I       2603      8128
I        893      8129
I       5913      8130
I      14241      8131
I      24258      8132
I       8130      8133
I      13600      8134
I      11704      8135
I       5181      8136
I      28308      8137
I      27573      8138
I      16517      8139
I      11677      8140
I      14177      8141
I      15424      8142
I       7899      8143
I      18457      8144
I      29477      8145
I      18088      8146
I       2412      8147
I       3336      8148
I       5287      8149
I      26696      8150
I      10504      8151
I      18062      8152
I      32480      8153
I      24325      8154
I      12814      8155
I      15610      8156
I      10914      8157
I      15097      8158
I       8918      8159
I      10767      8160
I      21486      8161
I      10180      8162
I       7602      8163
I      23226      8164
I      18188      8165
I       4244      8166
I      28937      8167
I      27187      8168
I      14018      8169
I      30496      8170
I      21852      8171
I      30897      8172
I      13539      8173
I      21851      8174
I       6433      8175
I      20591      8176
I      19408      8177
I      14014      8178
I      18611      8179
I      26105      8180
I      29664      8181
I      29315      8182
I      17467      8183
I       4850      8184
I      12653      8185
I       2405      8186
I        225      8187
I      12609      8188
I       3133      8189
I      20810      8190
I      31106      8191
I      29409      8192
I      28710      8193
I       7408      8194
I      10780      8195
I      21375      8196
I      25994      8197
I      22649      8198
I      14096      8199
I      20647      8200
I      32548      8201
I      14370      8202
I      17296      8203
I      26563      8204
I      13038      8205
I       3355      8206
I      14639      8207
I      21882      8208
I      31283      8209
I       5832      8210
I       7418      8211
I       8048      8212
I      20996      8213
I       5007      8214
I      12056      8215
I       2140      8216
I      25731      8217
I      11358      8218
I      16341      8219
I       2955      8220
I      10854      8221
I      18045      8222
I      11703      8223
I      20219      8224
I      10470      8225
I       3791      8226
I       5058      8227
I      28626      8228
I      31471      8229
I      28810      8230
I       4291      8231
I      20546      8232
I      11200      8233
I      14733      8234
I       6898      8235
I      16603      8236
I       7211      8237
I      15213      8238
I      11353      8239
I      29984      8240
I       3180      8241
I      19322      8242
I      13293      8243
I      14975      8244
I      22408      8245
I      27480      8246
I      27920      8247
I      27692      8248
I      10914      8249
I      18789      8250
I        759      8251
I      18747      8252
I      25406      8253
I      20596      8254
I      22066      8255
I       5406      8256
I      31616      8257
I       3625      8258
I      28262      8259
I      26854      8260
I       4612      8261
I      28327      8262
I      13037      8263
I      16871      8264
I      21277      8265
I       7424      8266
I      15147      8267
I      21993      8268
I      15688      8269
I        369      8270
I      29591      8271
I       5745      8272
I       7319      8273
I      13287      8274
I      15005      8275
I       8602      8276
I       5317      8277
I       1590      8278
I      14950      8279
I       7620      8280
I      12292      8281
I       9247      8282
I      17807      8283
I      16151      8284
I        505      8285
I      12762      8286
I       8161      8287
I      13098      8288
I      25904      8289
I       9784      8290
I       2249      8291
I      30732      8292
I      13369      8293
I      13909      8294
I      15712      8295
I      13943      8296
I      25594      8297
I      12746      8298
I      11388      8299
I      24393      8300
I      29576      8301
I      22748      8302
I      22801      8303
I       5219      8304
I      21271      8305
I      16554      8306
I      14574      8307
I       4392      8308
I      32140      8309
I       2571      8310
I       2975      8311
I        802      8312
I       4304      8313
I        268      8314
I      24168      8315
I      21004      8316
I       7222      8317
I      16148      8318
I        487      8319
I       7210      8320
I      31036      8321
I      12570      8322
I      17298      8323
I      11312      8324
I      13212      8325
I      30632      8326
I      29194      8327
I      26461      8328
I       8940      8329
I      29288      8330
I      12390      8331
I       7373      8332
I      31667      8333
I       2239      8334
I       5625      8335
I      17700      8336
I      13992      8337
I      16255      8338
I       2933      8339
I       9600      8340
I      21670      8341
I       1068      8342
I      17610      8343
I      26719      8344
I      10098      8345
I      25713      8346
I      31519      8347
I      30616      8348
I      12862      8349
I      29497      8350
I      24127      8351
I      21181      8352
I      25120      8353
I      13688      8354
I       2496      8355
I      24425      8356
I      20328      8357
I      29937      8358
I      18558      8359
I       3076      8360
I      13834      8361
I      17907      8362
I      22411      8363
I      29792      8364
I       9261      8365
I      27084      8366
I       4490      8367
I      23104      8368
I      12500      8369
I       6101      8370
I      23995      8371
I      31976      8372
I      24602      8373
I      25542      8374
I      14940      8375
I      26502      8376
I      16820      8377
I      23898      8378
I      10558      8379
I      27445      8380
I       1312      8381
I      25448      8382
I      26308      8383
I      23602      8384
I      18311      8385
I      23203      8386
I       8356      8387
I      11320      8388
I       8092      8389
I      18294      8390
I        415      8391
I      23187      8392
I      27098      8393
I      32256      8394
I       9074      8395
I       4287      8396
I      19699      8397
I        314      8398
I      27788      8399
I      28058      8400
I      17195      8401
I       1196      8402
I       4335      8403
I      28472      8404
I      12642      8405
I      28221      8406
I       4586      8407
I      14761      8408
I      31698      8409
I      11687      8410
I      20281      8411
I         20      8412
I      23989      8413
I      14230      8414
I       2789      8415
I      22437      8416
I      31437      8417
I      31208      8418
I      12470      8419
I       7842      8420
I      20938      8421
I       2878      8422
I      21818      8423
I       6023      8424
I        546      8425
I      31733      8426
I       3672      8427
I      21962      8428
I      23025      8429
I      10645      8430
I      24162      8431
I      21122      8432
I      22639      8433
I       1191      8434
I       6814      8435
I      31638      8436
I       9530      8437
I      28912      8438
I      13535      8439
I      32234      8440
I       2974      8441
I      26609      8442
I       4256      8443
I      11639      8444
I       1162      8445
I        786      8446
I       6287      8447
I      20298      8448
I      24954      8449
I       4079      8450
I      16775      8451
I       3096      8452
I        804      8453
I      17083      8454
I      28401      8455
I        141      8456
I      11372      8457
I      31494      8458
I      23341      8459
I       9944      8460
I      30546      8461
I      17951      8462
I      29184      8463
I      19132      8464
I      17535      8465
I       9087      8466
I       8389      8467
I       5010      8468
I      30771      8469
I      18171      8470
I      22653      8471
I       8699      8472
I      28292      8473
I       3761      8474
I        446      8475
I      30397      8476
I      11463      8477
I      28676      8478
I      17662      8479
I      32652      8480
I       1230      8481
I      23831      8482
I       9776      8483
I      12885      8484
I       2061      8485
I      14275      8486
I      14557      8487
I      31212      8488
I      27912      8489
I       3161      8490
I      26020      8491
I       2527      8492
I      19666      8493
I      15312      8494
I      32666      8495
I      16635      8496
I      22271      8497
I      12047      8498
I      11574      8499
I      24772      8500
I      25036      8501
I      12097      8502
I      15554      8503
I       3490      8504
I      19987      8505
I      12071      8506
I      10560      8507
I      28679      8508
I      13300      8509
I      11474      8510
I        228      8511
I      30780      8512
I       7108      8513
I      28326      8514
I      21691      8515
I      13020      8516
I       8272      8517
I      26477      8518
I      20709      8519
I       7044      8520
I       5771      8521
I      12950      8522
I      31163      8523
I      20718      8524
I      14604      8525
I      16258      8526
I      29094      8527
I      20722      8528
I      18216      8529
I      20557      8530
I      28690      8531
I      20049      8532
I       6746      8533
I      10611      8534
I       3280      8535
I      20332      8536
I      19169      8537
I      28823      8538
I      29444      8539
I      15933      8540
I       1063      8541
I       6107      8542
I      21690      8543
I      29738      8544
I      25692      8545
I       2794      8546
I      29297      8547
I      23971      8548
I       4769      8549
I      11672      8550
I      21835      8551
I      18365      8552
I      10650      8553
I      13092      8554
I      25206      8555
I      11857      8556
I      25468      8557
I      21163      8558
I      30485      8559
I       9852      8560
I       2361      8561
I      29285      8562
I      23207      8563
I      24980      8564
I      11257      8565
I       4969      8566
I       2198      8567
I      23358      8568
I      18830      8569
I      31724      8570
I      29709      8571
I      32352      8572
I      29151      8573
I       9118      8574
I        764      8575
I      28197      8576
I      10245      8577
I      31517      8578
I        530      8579
I       2422      8580
I      23916      8581
I      13388      8582
I       5636      8583
I      13565      8584
I      23098      8585
I      17833      8586
I      16154      8587
I      13775      8588
I      21632      8589
I       7197      8590
I      23367      8591
I      27086      8592
I      15928      8593
I       6010      8594
I      29777      8595
I       4070      8596
I        335      8597
I      12317      8598
I       2120      8599
I       1448      8600
I      18812      8601
I      24111      8602
I      30356      8603
I       6571      8604
I       6346      8605
I       4216      8606
I      18394      8607
I      29222      8608
I       8888      8609
I      11084      8610
I       3213      8611
I      18756      8612
I      12394      8613
I      29568      8614
I      27763      8615
I      20651      8616
I      22228      8617
I      22282      8618
I       3482      8619
I      31653      8620
I      16406      8621
I      11882      8622
I      26318      8623
I      13372      8624
I       5865      8625
I      22382      8626
I       2303      8627
I      21336      8628
I      17914      8629
I      30930      8630
I      18168      8631
I      22770      8632
I      26499      8633
I      19248      8634
I      13310      8635
I      13141      8636
I      11034      8637
I      10480      8638
I      28569      8639
I      23687      8640
I      11372      8641
I      12073      8642
I      31219      8643
I      22065      8644
I      25828      8645
I      31725      8646
I       2670      8647
I       9714      8648
I        436      8649
I      23455      8650
I      12403      8651
I      24787      8652
I       3386      8653
I      15109      8654
I      31459      8655
I      26677      8656
I      12769      8657
I      24616      8658
I       5922      8659
I      28900      8660
I      29284      8661
I      18073      8662
I       5040      8663
I       9518      8664
I       8508      8665
I      23609      8666
I      28499      8667
I      28777      8668
I      32322      8669
I      12338      8670
I       4267      8671
I      26558      8672
I      25650      8673
I      16126      8674
I      19178      8675
I      10952      8676
I      27015      8677
I       3117      8678
I      15965      8679
I       2494      8680
I       9302      8681
I       5790      8682
I      10822      8683
I      11808      8684
I      14643      8685
I       9054      8686
I      21576      8687
I      16758      8688
I      16707      8689
I      10507      8690
I       7583      8691
I      28655      8692
I      17801      8693
I      16966      8694
I       5612      8695
I      28741      8696
I      30183      8697
I       2683      8698
I      14643      8699
I      27715      8700
I       7003      8701
I       8412      8702
I       9973      8703
I      21203      8704
I       3921      8705
I      15132      8706
I      20683      8707
I      11088      8708
I      17382      8709
I       9713      8710
I      23734      8711
I      16456      8712
I      22169      8713
I        529      8714
I      32476      8715
I      21123      8716
I      16991      8717
I      21998      8718
I      11412      8719
I      30202      8720
I       6506      8721
I      11639      8722
I      15809      8723
I      29326      8724
I      12904      8725
I       7715      8726
I      32725      8727
I       5840      8728
I       8627      8729
I      28248      8730
I      27036      8731
I       9109      8732
I      28936      8733
I      13181      8734
I       7257      8735
I       3908      8736
I      24094      8737
I        706      8738
I      26551      8739
I      25461      8740
I      28330      8741
I      28107      8742
I      27199      8743
I       4561      8744
I       1907      8745
I      25778      8746
I       2931      8747
I      18479      8748
I      25539      8749
I      13139      8750
I      26830      8751
I       8363      8752
I      22537      8753
I      28164      8754
I      22403      8755
I      22173      8756
I       9205      8757
I      29370      8758
I      19320      8759
I      26993      8760
I      17641      8761
I       2319      8762
I      13992      8763
I       7246      8764
I      27743      8765
I       6473      8766
I      16496      8767
I      31628      8768
I      13266      8769
I      31492      8770
I      10526      8771
I       8243      8772
I       7648      8773
I      30553      8774
I      23745      8775
I       7978      8776
I      28637      8777
I      13040      8778
I      27799      8779
I       5372      8780
I      25754      8781
I      17763      8782
I       6087      8783
I      24295      8784
I       8708      8785
I      18445      8786
I      22110      8787
I       5937      8788
I      26559      8789
I       7448      8790
I       4534      8791
I      31186      8792
I      32380      8793
I      24256      8794
I       4102      8795
I      15829      8796
I      19971      8797
I      23748      8798
I       1820      8799
I      32057      8800
I      19100      8801
I       7251      8802
I       7809      8803
I      32299      8804
I      17596      8805
I      23111      8806
I      11910      8807
I      24771      8808
I      30175      8809
I       9286      8810
I        949      8811
I        365      8812
I      21422      8813
I      26385      8814
I      22905      8815
I      14991      8816
I      20214      8817
I       4334      8818
I       6372      8819
I       6045      8820
I      28681      8821
I       1764      8822
I       5180      8823
I      23696      8824
I      24588      8825
I        395      8826
I      29453      8827
I      28033      8828
I       3126      8829
I       3296      8830
I      13372      8831
I      15226      8832
I      30204      8833
I      22030      8834
I      29712      8835
I       8652      8836
I      24302      8837
I       6670      8838
I      26219      8839
I      29068      8840
I       4367      8841
I       4759      8842
I      10722      8843
I       4192      8844
I      18862      8845
I      18400      8846
I      13141      8847
I      28508      8848
I       5087      8849
I      30363      8850
I      17636      8851
I      22532      8852
I      19061      8853
I      25802      8854
I       3075      8855
I       3385      8856
I      15770      8857
I       6242      8858
I      21398      8859
I       2918      8860
I      28671      8861
I      10504      8862
I      14778      8863
I      30292      8864
I      25767      8865
I        387      8866
I      11728      8867
I      19057      8868
I      28566      8869
I       7592      8870
I      13654      8871
I      29750      8872
I      24179      8873
I      10451      8874
I      15466      8875
I      26901      8876
I      31844      8877
I       8541      8878
I      18516      8879
I      21374      8880
I       8112      8881
I      31016      8882
I      13677      8883
I      26208      8884
I      26676      8885
I       3466      8886
I      14152      8887
I      23524      8888
I      31484      8889
I      11977      8890
I      32429      8891
I       9736      8892
I       5338      8893
I       7591      8894
I       8012      8895
I      17044      8896
I      12203      8897
I      22582      8898
I      15219      8899
I      26897      8900
I       1782      8901
I      20332      8902
I      11740      8903
I      26973      8904
I       1467      8905
I      29133      8906
I       6473      8907
I      28879      8908
I       7992      8909
I      27625      8910
I       4538      8911
I      18030      8912
I       2449      8913
I      23519      8914
I       1398      8915
I       4662      8916
I       7869      8917
I      23612      8918
I      15749      8919
I      10764      8920
I       7772      8921
I      22738      8922
I      20991      8923
I        893      8924
I      14429      8925
I      16348      8926
I       1781      8927
I      19645      8928
I      27484      8929
I         45      8930
I      29292      8931
I      12357      8932
I      12802      8933
I      28180      8934
I      18095      8935
I      26408      8936
I      31572      8937
I      13086      8938
I      13474      8939
I      13993      8940
I      12971      8941
I      24580      8942
I      28629      8943
I      26650      8944
I      27004      8945
I      10182      8946
I      28269      8947
I      15204      8948
I       9826      8949
I      23291      8950
I       7735      8951
I       7126      8952
I      19984      8953
I      14423      8954
I       3587      8955
I      30555      8956
I      11846      8957
I      18320      8958
I       3717      8959
I       1219      8960
I      20738      8961
I      13759      8962
I      21702      8963
I      23103      8964
I      28524      8965
I       8823      8966
I       2302      8967
I      19100      8968
I       5176      8969
I      17070      8970
I      26675      8971
I        829      8972
I      16275      8973
I       8363      8974
I      27089      8975
I       9703      8976
I      12550      8977
I      26588      8978
I      17161      8979
I      19467      8980
I      31938      8981
I      15736      8982
I       1136      8983
I      14350      8984
I      10275      8985
I      12211      8986
I      16398      8987
I      18274      8988
I      27266      8989
I      26963      8990
I      20609      8991
I      15352      8992
I       3440      8993
I      28726      8994
I       4671      8995
I      25341      8996
I      21659      8997
I      27828      8998
I       3993      8999
I      19002      9000
I      22708      9001
I      26276      9002
I      28901      9003
I      25413      9004
I      12108      9005
I      11725      9006
I      24259      9007
I      22241      9008
I      31738      9009
I      10269      9010
I       7280      9011
I      31298      9012
I      12665      9013
I      11608      9014
I      21011      9015
I      28886      9016
I      25734      9017
I      11343      9018
I      25328      9019
I      28227      9020
I      14163      9021
I      15874      9022
I       8883      9023
I        227      9024
I      22922      9025
I      24221      9026
I      32375      9027
I       7149      9028
I      10674      9029
I      10648      9030
I      21889      9031
I      23816      9032
I       4647      9033
I      27783      9034
I      18562      9035
I       7069      9036
I      24069      9037
I      11646      9038
I      12890      9039
I      13227      9040
I      16593      9041
I       7411      9042
I      29843      9043
I      25738      9044
I      20566      9045
I      20943      9046
I       9815      9047
I      26867      9048
I      30026      9049
I      16516      9050
I      29006      9051
I      10630      9052
I       7979      9053
I       7351      9054
I      31520      9055
I      19075      9056
I      17018      9057
I      13624      9058
I       6363      9059
I      17172      9060
I      11887      9061
I       4619      9062
I      32704      9063
I       6099      9064
I      14517      9065
I      19201      9066
I      28819      9067
I       3287      9068
I      25519      9069
I      28351      9070
I      20894      9071
I      25207      9072
I      19912      9073
I      25497      9074
I       1563      9075
I      24166      9076
I      10734      9077
I       1019      9078
I      22656      9079
I        712      9080
I       2142      9081
I      23925      9082
I      10055      9083
I      29732      9084
I      23656      9085
I      14932      9086
I       1831      9087
I      17021      9088
I      21153      9089
I      16315      9090
I      14426      9091
I      31301      9092
I      13357      9093
I      27797      9094
I      16954      9095
I      30935      9096
I      19991      9097
I      30248      9098
I       4318      9099
I       6596      9100
I       2540      9101
I      21782      9102
I      28448      9103
I      28136      9104
I       7429      9105
I       1820      9106
I      16980      9107
I      12941      9108
I      27152      9109
I      19061      9110
I       6157      9111
I      24548      9112
I      19757      9113
I      16164      9114
I      25182      9115
I      29298      9116
I       7447      9117
I      10058      9118
I      20583      9119
I      30923      9120
I       3641      9121
I      14429      9122
I      12380      9123
I      16486      9124
I      28921      9125
I       9347      9126
I      29883      9127
I      21806      9128
I      31183      9129
I       3771      9130
I      20080      9131
I       8481      9132
I      24250      9133
I      25387      9134
I      21666      9135
I      16384      9136
I      21753      9137
I      10551      9138
I       1508      9139
I      25744      9140
I      23251      9141
I      13045      9142
I      19391      9143
I      19479      9144
I       7137      9145
I       1198      9146
I      23931      9147
I       9137      9148
I      20397      9149
I      18144      9150
I      18044      9151
I       4863      9152
I      11352      9153
I      16311      9154
I      29563      9155
I      12386      9156
I       2888      9157
I      15363      9158
I       5553      9159
I      25543      9160
I       6048      9161
I      13343      9162
I      22437      9163
I       9108      9164
I      15141      9165
I       8073      9166
I       2769      9167
I      11290      9168
I       6440      9169
I       8751      9170
I       8630      9171
I       2227      9172
I       3067      9173
I      27934      9174
I      27583      9175
I      19651      9176
I       9107      9177
I      28246      9178
I      23218      9179
I      24526      9180
I       5392      9181
I      12757      9182
I       2983      9183
I       9154      9184
I      25684      9185
I      12222      9186
I      28671      9187
I      19504      9188
I       7236      9189
I      13972      9190
I      32694      9191
I      21088      9192
I       1333      9193
I      30599      9194
I       9367      9195
I      16243      9196
I       4234      9197
I        522      9198
I      14709      9199
I       4607      9200
I       7143      9201
I      19936      9202
I      23091      9203
I      16554      9204
I      26221      9205
I      19197      9206
I      28600      9207
I      25837      9208
I       9825      9209
I      25396      9210
I       4704      9211
I      21981      9212
I      18519      9213
I      30302      9214
I       4038      9215
I       5518      9216
I      28295      9217
I      13346      9218
I      21017      9219
I      25268      9220
I      26000      9221
I       9114      9222
I      32198      9223
I      17809      9224
I      19597      9225
I       7052      9226
I      11317      9227
I       3469      9228
I      12127      9229
I      13792      9230
I      15118      9231
I      30380      9232
I      10013      9233
I       2654      9234
I      24790      9235
I      12911      9236
I      10500      9237
I      24965      9238
I       7857      9239
I      10093      9240
I      26652      9241
I        967      9242
I      30087      9243
I      32123      9244
I      20210      9245
I       8873      9246
I       2135      9247
I      15871      9248
I      27219      9249
I       1211      9250
I      27381      9251
I       2046      9252
I      15360      9253
I       6528      9254
I      26049      9255
I      31476      9256
I      10993      9257
I      25163      9258
I      25797      9259
I      15812      9260
I       3303      9261
I      20530      9262
I      26599      9263
I       1314      9264
I      12862      9265
I      23996      9266
I      16946      9267
I      24153      9268
I      32335      9269
I      20630      9270
I       2582      9271
I      15161      9272
I      28732      9273
I      26974      9274
I      32109      9275
I       5223      9276
I      14765      9277
I        220      9278
I      21569      9279
I         47      9280
I      10488      9281
I      14729      9282
I      12033      9283
I      20820      9284
I       1564      9285
I      11811      9286
I      11168      9287
I      26714      9288
I      11462      9289
I       5011      9290
I      10677      9291
I      31541      9292
I      19519      9293
I      16199      9294
I      23578      9295
I      30705      9296
I      16739      9297
I      23192      9298
I      30224      9299
I      23152      9300
I       4497      9301
I      30535      9302
I      18532      9303
I      17390      9304
I      13688      9305
I      12866      9306
I      29875      9307
I        660      9308
I      24511      9309
I      29204      9310
I      14919      9311
I      22796      9312
I      24720      9313
I      14054      9314
I      11621      9315
I      30843      9316
I      28134      9317
I       6779      9318
I      19609      9319
I      19181      9320
I      20473      9321
I      20671      9322
I      14214      9323
I       4557      9324
I      18431      9325
I      11981      9326
I      29737      9327
I       2239      9328
I      18495      9329
I      25653      9330
I       9696      9331
I       7826      9332
I       9306      9333
I        665      9334
I      12915      9335
I      25775      9336
I      24355      9337
I      30105      9338
I      26762      9339
I      31942      9340
I      22918      9341
I      19863      9342
I      17935      9343
I      19743      9344
I        664      9345
I      16487      9346
I      23809      9347
I      28017      9348
I       6110      9349
I      22936      9350
I      28147      9351
I      15219      9352
I       8024      9353
I       1818      9354
I      18039      9355
I      27238      9356
I      25002      9357
I      30593      9358
I       4855      9359
I       7841      9360
I       6082      9361
I       6402      9362
I      24237      9363
I      26388      9364
I       9660      9365
I       5784      9366
I      12605      9367
I      17690      9368
I      19464      9369
I      16288      9370
I       4233      9371
I      25274      9372
I       9252      9373
I        256      9374
I      28542      9375
I      27768      9376
I      30885      9377
I      19497      9378
I       5148      9379
I      16685      9380
I      10005      9381
I      14243      9382
I      32215      9383
I      20697      9384
I      12704      9385
I      19441      9386
I      18337      9387
I      13014      9388
I      10474      9389
I      24810      9390
I      26119      9391
I      12541      9392
I       8218      9393
I      29301      9394
I       1086      9395
I       8546      9396
I      14859      9397
I       4270      9398
I      31249      9399
I       1581      9400
I      17273      9401
I       3017      9402
I       1124      9403
I       3515      9404
I      11461      9405
I       1917      9406
I      21069      9407
I       5598      9408
I      14094      9409
I       5704      9410
I        239      9411
I       1062      9412
I      19657      9413
I      32133      9414
I      10971      9415
I       3409      9416
I      18205      9417
I      24415      9418
I      23574      9419
I      15619      9420
I      26393      9421
I       1837      9422
I      15034      9423
I      13840      9424
I       2599      9425
I      25656      9426
I      30569      9427
I      29835      9428
I       3337      9429
I      19064      9430
I      19099      9431
I      22532      9432
I      12179      9433
I      11587      9434
I       5121      9435
I      32617      9436
I       2618      9437
I      10343      9438
I      26261      9439
I      12057      9440
I      18527      9441
I      29059      9442
I      13355      9443
I      17958      9444
I      16245      9445
I       7924      9446
I      31944      9447
I       3509      9448
I      15113      9449
I      23225      9450
I      31022      9451
I      20084      9452
I      17411      9453
I       1914      9454
I      13940      9455
I      26076      9456
I      26762      9457
I       6315      9458
I      20669      9459
I      26440      9460
I      23683      9461
I      10666      9462
I      17941      9463
I       6377      9464
I      17665      9465
I       8994      9466
I       8492      9467
I      19576      9468
I      17189      9469
I      16897      9470
I      30678      9471
I      23962      9472
I      23026      9473
I       4827      9474
I      27336      9475
I      30220      9476
I      20065      9477
I       4766      9478
I       7335      9479
I       6924      9480
I      16235      9481
I       3284      9482
I       6410      9483
I      10937      9484
I      23403      9485
I       7094      9486
I       7631      9487
I       5649      9488
I      31338      9489
I       5375      9490
I       5060      9491
I      10242      9492
I      17895      9493
I       8859      9494
I      22204      9495
I      23704      9496
I      20341      9497
I      31729      9498
I      11235      9499
I      18430      9500
I      19482      9501
I      26177      9502
I      25372      9503
I      29652      9504
I      13607      9505
I      31320      9506
I      15432      9507
I       8604      9508
I      26187      9509
I      14456      9510
I      26916      9511
I      21515      9512
I      20919      9513
I      20229      9514
I      17049      9515
I       7490      9516
I      17877      9517
I      25789      9518
I       7649      9519
I      16588      9520
I       9331      9521
I      20542      9522
I       6228      9523
I       7616      9524
I      25948      9525
I      25617      9526
I      15680      9527
I      27309      9528
I      15283      9529
I       9061      9530
I      10878      9531
I      15370      9532
I       4791      9533
I       2988      9534
I      13329      9535
I      28244      9536
I       3365      9537
I      17487      9538
I      32736      9539
I       6018      9540
I      31977      9541
I      32413      9542
I      14737      9543
I      29562      9544
I      32455      9545
I      32305      9546
I      19704      9547
I      10308      9548
I      17223      9549
I      12083      9550
I       2980      9551
I      10778      9552
I      28287      9553
I      15399      9554
I       3744      9555
I      28503      9556
I      12849      9557
I      11797      9558
I      22304      9559
I       6095      9560
I       1605      9561
I      24028      9562
I      23771      9563
I       6781      9564
I      20404      9565
I       2052      9566
I      22779      9567
I       9095      9568
I      24343      9569
I      21904      9570
I      13661      9571
I       1666      9572
I      14912      9573
I      14956      9574
I      19498      9575
I      26632      9576
I      27464      9577
I      31161      9578
I       8214      9579
I       1768      9580
I      14521      9581
I      22378      9582
I      15577      9583
I      32129      9584
I      12966      9585
I       2404      9586
I       9672      9587
I      13459      9588
I      15280      9589
I      23143      9590
I      32720      9591
I      17968      9592
I      18738      9593
I      25466      9594
I      12843      9595
I       8635      9596
I      19963      9597
I      20951      9598
I      28077      9599
I      20422      9600
I       1102      9601
I       3539      9602
I      15207      9603
I      12893      9604
I      26791      9605
I      24070      9606
I      14271      9607
I      19507      9608
I       5295      9609
I      19440      9610
I       9711      9611
I      29889      9612
I      31171      9613
I      13703      9614
I       8097      9615
I       5572      9616
I       7487      9617
I       9554      9618
I      13930      9619
I       3312      9620
I      20718      9621
I       8359      9622
I      30203      9623
I      16365      9624
I      10978      9625
I       4566      9626
I       6923      9627
I      30235      9628
I        649      9629
I      22220      9630
I      21381      9631
I       3390      9632
I      28757      9633
I       1807      9634
I       7800      9635
I      29933      9636
I       5627      9637
I      17388      9638
I      11490      9639
I      15847      9640
I      15331      9641
I      20761      9642
I       9002      9643
I       7051      9644
I      29421      9645
I      24466      9646
I      17116      9647
I      13084      9648
I      26849      9649
I      23777      9650
I      28444      9651
I      27832      9652
I      17891      9653
I      15918      9654
I       6736      9655
I      12886      9656
I       9808      9657
I      28455      9658
I      32292      9659
I      25283      9660
I      31450      9661
I      26501      9662
I       7423      9663
I      15343      9664
I      31064      9665
I      13623      9666
I      26168      9667
I      10551      9668
I      21413      9669
I      13410      9670
I      16622      9671
I      31446      9672
I      28715      9673
I      17477      9674
I      28503      9675
I       3091      9676
I        642      9677
I      25287      9678
I       2463      9679
I      16066      9680
I       9535      9681
I      31340      9682
I      26234      9683
I       5272      9684
I       8357      9685
I      29149      9686
I      28367      9687
I      15522      9688
I       7814      9689
I      28056      9690
I        835      9691
I      23319      9692
I      17398      9693
I      20598      9694
I      27374      9695
I      14013      9696
I       4122      9697
I       4599      9698
I      24794      9699
I      16570      9700
I      23772      9701
I      13580      9702
I       8092      9703
I      20686      9704
I      14890      9705
I      23679      9706
I      27637      9707
I      22989      9708
I        999      9709
I       3465      9710
I      29332      9711
I      12231      9712
I       6301      9713
I      10691      9714
I      17449      9715
I       1305      9716
I      18096      9717
I      12601      9718
I      27687      9719
I       2082      9720
I      11898      9721
I       1393      9722
I      18613      9723
I      31676      9724
I       4231      9725
I      24581      9726
I        745      9727
I      26027      9728
I      24626      9729
I      32457      9730
I      30085      9731
I      11835      9732
I      11929      9733
I      25770      9734
I       6738      9735
I      32486      9736
I       2569      9737
I      16387      9738
I      24249      9739
I      23188      9740
I      21061      9741
I      31514      9742
I        529      9743
I      24094      9744
I       6577      9745
I      29539      9746
I      13025      9747
I      17100      9748
I      31087      9749
I      29248      9750
I      27128      9751
I      12187      9752
I      22660      9753
I      14343      9754
I      29877      9755
I       3425      9756
I       4485      9757
I      22885      9758
I       4806      9759
I        870      9760
I      23613      9761
I       3524      9762
I      27559      9763
I      25951      9764
I       6880      9765
I      22792      9766
I      10487      9767
I      16968      9768
I       9792      9769
I      27855      9770
I       8500      9771
I      14028      9772
I      24136      9773
I       9770      9774
I      18267      9775
I       1868      9776
I       5929      9777
I      31419      9778
I       4006      9779
I      19998      9780
I      23464      9781
I      22306      9782
I      31279      9783
I      12723      9784
I      31033      9785
I        561      9786
I       5851      9787
I      32378      9788
I       1540      9789
I       7672      9790
I      32133      9791
I      13327      9792
I      26557      9793
I      28057      9794
I       7428      9795
I      17812      9796
I      18008      9797
I      20240      9798
I      25201      9799
I      28582      9800
I      20151      9801
I       8447      9802
I       9727      9803
I       9302      9804
I      21368      9805
I      16266      9806
I      15698      9807
I      10761      9808
I       9058      9809
I      27920      9810
I       2224      9811
I       6502      9812
I      25528      9813
I      25154      9814
I       9992      9815
I       4668      9816
I       4003      9817
I       4417      9818
I      17987      9819
I       8601      9820
I       7939      9821
I      17786      9822
I       5300      9823
I      22672      9824
I       9410      9825
I      29761      9826
I      21804      9827
I      21057      9828
I      21465      9829
I        898      9830
I      20509      9831
I      13743      9832
I      31739      9833
I      31541      9834
I      19298      9835
I      27494      9836
I       7106      9837
I       5909      9838
I      30346      9839
I      12587      9840
I      17597      9841
I       4952      9842
I        592      9843
I       5836      9844
I      19494      9845
I        123      9846
I      25848      9847
I      12257      9848
I      25449      9849
I      29196      9850
I      27080      9851
I      30721      9852
I      25711      9853
I      22799      9854
I      11848      9855
I      30752      9856
I      11380      9857
I      32255      9858
I      24105      9859
I      15023      9860
I      26277      9861
I      10115      9862
I      17539      9863
I       8422      9864
I      21652      9865
I      17658      9866
I      12032      9867
I      14736      9868
I      14717      9869
I      13866      9870
I       4554      9871
I        203      9872
I      19890      9873
I       4482      9874
I      14609      9875
I      24568      9876
I       8132      9877
I       3604      9878
I      25160      9879
I      22990      9880
I      30198      9881
I       1380      9882
I        691      9883
I      31224      9884
I      21082      9885
I      17007      9886
I      30164      9887
I       7639      9888
I      21708      9889
I      29813      9890
I       6986      9891
I      13415      9892
I      14178      9893
I      20738      9894
I      20540      9895
I      12778      9896
I      31117      9897
I      31483      9898
I      19167      9899
I      20502      9900
I       6631      9901
I      24671      9902
I      26223      9903
I      11895      9904
I      28727      9905
I       4568      9906
I      10275      9907
I      22508      9908
I      22144      9909
I      27727      9910
I       9217      9911
I      24089      9912
I      27165      9913
I      14046      9914
I      10808      9915
I       7467      9916
I      21561      9917
I      26736      9918
I      26098      9919
I       7687      9920
I      23421      9921
I        525      9922
I      12740      9923
I      26094      9924
I      20474      9925
I      13482      9926
I      30525      9927
I      20188      9928
I      29269      9929
I      14435      9930
I      17063      9931
I      29750      9932
I      11598      9933
I       7335      9934
I      24394      9935
I      23488      9936
I      14402      9937
I      20436      9938
I      24264      9939
I      15422      9940
I        317      9941
I      13025      9942
I      28608      9943
I      23042      9944
I       7187      9945
I      29364      9946
I      15533      9947
I      31971      9948
I      15012      9949
I       4760      9950
I       5297      9951
I       7857      9952
I      32069      9953
I      20394      9954
I       3600      9955
I      24719      9956
I       7551      9957
I      16776      9958
I       7074      9959
I      24144      9960
I      14317      9961
I       7915      9962
I       3967      9963
I       1554      9964
I      20952      9965
I      15603      9966
I      20466      9967
I      15149      9968
I       8631      9969
I       8360      9970
I      30396      9971
I      23815      9972
I      32206      9973
I       6913      9974
I      15863      9975
I       6928      9976
I      16534      9977
I       7739      9978
I      24066      9979
I       3531      9980
I      16305      9981
I      15827      9982
I      29327      9983
I      23378      9984
I      29504      9985
I      30962      9986
I       7867      9987
I      18117      9988
I      11332      9989
I       5369      9990
I       1543      9991
I       8157      9992
I      29272      9993
I       9460      9994
I      17963      9995
I       7571      9996
I      30025      9997
I      20745      9998
I      30030      9999
I      29245     10000
I      21397     10001
I      24701     10002
I      29412     10003
I      32063     10004
I      25776     10005
I      23231     10006
I       9127     10007
I      19163     10008
I      21720     10009
I      28009     10010
I      20855     10011
I      19170     10012
I      29915     10013
I       2318     10014
I      13820     10015
I       9054     10016
I      29282     10017
I      26733     10018
I      29624     10019
I      29323     10020
I       3530     10021
I      30194     10022
I       8151     10023
I      29102     10024
I       4870     10025
I       6109     10026
I       9236     10027
I       5458     10028
I      10331     10029
I       9024     10030
I      20580     10031
I       6667     10032
I      13862     10033
I       3514     10034
I       7222     10035
I       2751     10036
I      12184     10037
I      15753     10038
I      18327     10039
I      13780     10040
I       7664     10041
I      19335     10042
I      10943     10043
I       6557     10044
I       5028     10045
I      19454     10046
I       6257     10047
I      11966     10048
I      16737     10049
I      11403     10050
I      22984     10051
I        876     10052
I      15753     10053
I      17505     10054
I      25136     10055
I      26858     10056
I       8058     10057
I      27039     10058
I      27338     10059
I       4378     10060
I       6347     10061
I       3867     10062
I      13914     10063
I       7356     10064
I      17717     10065
I      21625     10066
I      19752     10067
I      27765     10068
I       5385     10069
I      13658     10070
I      12674     10071
I      32039     10072
I      11544     10073
I       9897     10074
I      19424     10075
I      19516     10076
I      11686     10077
I      24825     10078
I      23455     10079
I      18248     10080
I       6916     10081
I      30175     10082
I      19580     10083
I       8768     10084
I      31013     10085
I      31892     10086
I       1858     10087
I      14879     10088
I      17682     10089
I       9426     10090
I      20770     10091
I      32372     10092
I      14187     10093
I      16858     10094
I      15603     10095
I       9679     10096
I      32051     10097
I      14467     10098
I      28296     10099
I      21846     10100
I      29070     10101
I      30858     10102
I      24209     10103
I      15533     10104
I      20097     10105
I      15990     10106
I       8136     10107
I       7837     10108
I      19205     10109
I       2445     10110
I      14596     10111
I      31501     10112
I      10746     10113
I      19110     10114
I      17907     10115
I      10000     10116
I       9864     10117
I      32190     10118
I      27578     10119
I       5896     10120
I       3597     10121
I      27660     10122
I      22604     10123
I      22989     10124
I       1976     10125
I      31166     10126
I      27041     10127
I      31946     10128
I      22823     10129
I      28784     10130
I      17400     10131
I        885     10132
I       2659     10133
I      25884     10134
I      18863     10135
I      22194     10136
I       8120     10137
I       2987     10138
I       5860     10139
I      16583     10140
I      14927     10141
I      29450     10142
I      19322     10143
I      11370     10144
I      32419     10145
I       6044     10146
I      11515     10147
I      15835     10148
I       3411     10149
I      20740     10150
I      11082     10151
I      22049     10152
I      17185     10153
I      25443     10154
I        876     10155
I       9259     10156
I      19199     10157
I       5944     10158
I      29514     10159
I      10460     10160
I       7456     10161
I       9453     10162
I      21843     10163
I       8179     10164
I      21861     10165
I      16862     10166
I       4164     10167
I       3284     10168
I      26613     10169
I       5882     10170
I       4539     10171
I      19078     10172
I      23942     10173
I       4865     10174
I      18487     10175
I      20539     10176
I       7895     10177
I      21870     10178
I      30263     10179
I      24283     10180
I      28976     10181
I      28265     10182
I       6473     10183
I      16306     10184
I      25559     10185
I       1202     10186
I      29611     10187
I       5708     10188
I      25804     10189
I      15973     10190
I      16538     10191
I      31757     10192
I      31899     10193
I       3219     10194
I      31253     10195
I      22755     10196
I      24533     10197
I      16478     10198
I      30589     10199
I       2973     10200
I      24221     10201
I        674     10202
I      18780     10203
I      29746     10204
I      28678     10205
I      21175     10206
I      24310     10207
I       5527     10208
I      17676     10209
I       1486     10210
I      24553     10211
I      16804     10212
I       8417     10213
I       6821     10214
I       1205     10215
I      26957     10216
I      18883     10217
I      26078     10218
I      20346     10219
I       4385     10220
I       1289     10221
I      14743     10222
I      29275     10223
I      32426     10224
I      20330     10225
I      18107     10226
I       3390     10227
I      20322     10228
I      16902     10229
I       6495     10230
I      31142     10231
I      31846     10232
I       9842     10233
I      20059     10234
I      10708     10235
I       7570     10236
I      28672     10237
I      32755     10238
I       8990     10239
I      22538     10240
I       4734     10241
I      11105     10242
I      18628     10243
I      10115     10244
I      16778     10245
I       8263     10246
I       5157     10247
I      20805     10248
I        917     10249
I      23322     10250
I      18512     10251
I       2471     10252
I      16113     10253
I       6275     10254
I      32029     10255
I       2926     10256
I      25247     10257
I        837     10258
I       2366     10259
I      31556     10260
I      27042     10261
I      20416     10262
I      15110     10263
I      31869     10264
I        537     10265
I      24554     10266
I      23781     10267
I      19019     10268
I      16053     10269
I       1061     10270
I      24689     10271
I      17701     10272
I      11048     10273
I       2016     10274
I       5746     10275
I      31719     10276
I       4232     10277
I      12096     10278
I      21961     10279
I      31181     10280
I      20839     10281
I      20326     10282
I      26317     10283
I       4515     10284
I      28623     10285
I      20177     10286
I       7713     10287
I      32563     10288
I      11748     10289
I      10171     10290
I       2399     10291
I      12807     10292
I      10772     10293
I      29698     10294
I       7639     10295
I      29538     10296
I       3609     10297
I      21479     10298
I      30756     10299
I      29607     10300
I      11078     10301
I      23572     10302
I      27911     10303
I      15176     10304
I       6362     10305
I       8291     10306
I      11468     10307
I      11079     10308
I      12916     10309
I      12192     10310
I       3947     10311
I      31057     10312
I      21485     10313
I      17374     10314
I      29498     10315
I      20986     10316
I      14583     10317
I      28014     10318
I       3953     10319
I       3710     10320
I      12272     10321
I      19919     10322
I        909     10323
I       5308     10324
I       5177     10325
I       4793     10326
I       1062     10327
I      11065     10328
I        612     10329
I      25722     10330
I       5788     10331
I      20204     10332
I       9577     10333
I       9777     10334
I      29302     10335
I      15234     10336
I       5003     10337
I       9665     10338
I      15547     10339
I      25487     10340
I      25008     10341
I      29932     10342
I       8737     10343
I       3562     10344
I      11048     10345
I      25554     10346
I      28372     10347
I       7508     10348
I       5021     10349
I      27649     10350
I       6111     10351
I       3080     10352
I       8939     10353
I      29376     10354
I      32461     10355
I       6071     10356
I      25196     10357
I      24329     10358
I      25980     10359
I      22504     10360
I      30063     10361
I      19337     10362
I       7573     10363
I      21237     10364
I      20156     10365
I      27697     10366
I      19404     10367
I      24120     10368
I      32228     10369
I       5696     10370
I      26387     10371
I        252     10372
I       8648     10373
I      29142     10374
I      18870     10375
I      31609     10376
I      22271     10377
I       6626     10378
I       4864     10379
I      25933     10380
I      21084     10381
I      31373     10382
I       8637     10383
I      30824     10384
I      15437     10385
I      27612     10386
I      26686     10387
I       7137     10388
I      11090     10389
I       4329     10390
I      14429     10391
I       1701     10392
I      15108     10393
I      10791     10394
I       9751     10395
I      26963     10396
I      13255     10397
I      18814     10398
I       8874     10399
I      20227     10400
I       4991     10401
I        995     10402
I      12096     10403
I      14783     10404
I      13694     10405
I      23006     10406
I      15042     10407
I        831     10408
I       1173     10409
I      25974     10410
I      26392     10411
I      21527     10412
I      27157     10413
I       2376     10414
I      29701     10415
I      21568     10416
I      16945     10417
I      10065     10418
I      17501     10419
I      16713     10420
I       4125     10421
I      10086     10422
I       2692     10423
I       2760     10424
I      11911     10425
I      28252     10426
I      14321     10427
I      19209     10428
I       6864     10429
I      11634     10430
I      16025     10431
I      18251     10432
I      31229     10433
I      32172     10434
I       4503     10435
I      14888     10436
I      10581     10437
I      21295     10438
I      10686     10439
I      14210     10440
I      18839     10441
I      32365     10442
I      30253     10443
I       6564     10444
I      16468     10445
I      16928     10446
I       3122     10447
I      32744     10448
I       8413     10449
I      28438     10450
I      13389     10451
I      13797     10452
I      10160     10453
I      27100     10454
I      11325     10455
I       2876     10456
I      23327     10457
I      13672     10458
I      16332     10459
I       1903     10460
I       3674     10461
I       6167     10462
I      26308     10463
I        939     10464
I      19247     10465
I       4658     10466
I      14089     10467
I       2702     10468
I      22501     10469
I      31844     10470
I      16061     10471
I      22138     10472
I      13174     10473
I       8088     10474
I      31185     10475
I      30868     10476
I      11502     10477
I       4130     10478
I      32143     10479
I      18409     10480
I      32627     10481
I       6710     10482
I      16860     10483
I      26453     10484
I      11228     10485
I      11715     10486
I      16341     10487
I       9614     10488
I       5357     10489
I      31127     10490
I      19537     10491
I      29045     10492
I       1284     10493
I      31654     10494
I      24740     10495
I      13721     10496
I       4480     10497
I      11604     10498
I      23847     10499
I       3532     10500
I       5998     10501
I      29470     10502
I       6721     10503
I       9742     10504
I      16977     10505
I      29400     10506
I      24871     10507
I      12962     10508
I       8256     10509
I        905     10510
I       3220     10511
I      28727     10512
I      24747     10513
I       3162     10514
I      16059     10515
I      14382     10516
I      16281     10517
I      29050     10518
I      11562     10519
I      16533     10520
I      11311     10521
I      25903     10522
I      23828     10523
I      14481     10524
I      11762     10525
I      12766     10526
I       1623     10527
I      28832     10528
I      10576     10529
I      21987     10530
I      17177     10531
I       1362     10532
I       8778     10533
I      31625     10534
I      20415     10535
I       1138     10536
I      15173     10537
I       6375     10538
I       2675     10539
I       5436     10540
I      14127     10541
I      27759     10542
I      30131     10543
I      12420     10544
I       6748     10545
I       5516     10546
I       7751     10547
I      14883     10548
I      17617     10549
I       6568     10550
I      12983     10551
I      21213     10552
I       7402     10553
I      13585     10554
I      27384     10555
I      25834     10556
I       5982     10557
I       4017     10558
I       9573     10559
I        836     10560
I       6924     10561
I       6815     10562
I      28823     10563
I      14739     10564
I       7691     10565
I      14799     10566
I      21385     10567
I       2784     10568
I       5015     10569
I      23535     10570
I      18246     10571
I      30803     10572
I      18268     10573
I      20083     10574
I      25887     10575
I      15616     10576
I       6283     10577
I      16678     10578
I       3155     10579
I       5318     10580
I      12748     10581
I      17627     10582
I      19321     10583
I      28000     10584
I      17725     10585
I      20560     10586
I      26289     10587
I      18567     10588
I       8464     10589
I       9377     10590
I      10991     10591
I      15072     10592
I       2930     10593
I      19058     10594
I      21491     10595
I      18206     10596
I      11608     10597
I      21487     10598
I      29670     10599
I      26109     10600
I      13484     10601
I       7214     10602
I      12119     10603
I      10005     10604
I       7140     10605
I      21562     10606
I      24563     10607
I      21198     10608
I      31585     10609
I      30330     10610
I      29660     10611
I      15454     10612
I      16501     10613
I      19876     10614
I      30335     10615
I      20392     10616
I       5133     10617
I       2379     10618
I      23116     10619
I      24038     10620
I      20462     10621
I       7378     10622
I      22756     10623
I       9642     10624
I       7773     10625
I      15914     10626
I      26970     10627
I       3457     10628
I      29534     10629
I      12027     10630
I      28478     10631
I      22334     10632
I      12557     10633
I      30880     10634
I      24922     10635
I      30653     10636
I      25022     10637
I      21948     10638
I      13581     10639
I        104     10640
I      23087     10641
I      20268     10642
I       8686     10643
I      13711     10644
I      30915     10645
I      24676     10646
I       3244     10647
I      26831     10648
I      20529     10649
I      22361     10650
I      24971     10651
I       9265     10652
I      32519     10653
I      15064     10654
I      28927     10655
I      22667     10656
I       1686     10657
I      17354     10658
I      31881     10659
I      19008     10660
I      31120     10661
I      26488     10662
I      13948     10663
I      16989     10664
I        623     10665
I      28328     10666
I      28573     10667
I       7503     10668
I      30446     10669
I      14968     10670
I       9242     10671
I      22363     10672
I      24471     10673
I      10554     10674
I      17577     10675
I       3561     10676
I      18717     10677
I      32515     10678
I      14807     10679
I      18112     10680
I      12164     10681
I      28930     10682
I      31872     10683
I      20232     10684
I      15999     10685
I      11651     10686
I      24118     10687
I       9496     10688
I      24520     10689
I       3829     10690
I      13461     10691
I      12452     10692
I       3625     10693
I      26389     10694
I      16455     10695
I      29694     10696
I      21906     10697
I       3973     10698
I      32327     10699
I      30560     10700
I      31238     10701
I      25287     10702
I      32703     10703
I      31314     10704
I      30701     10705
I      22170     10706
I      23539     10707
I      31041     10708
I       5615     10709
I      12535     10710
I      27688     10711
I      24125     10712
I       7362     10713
I      25741     10714
I       9187     10715
I      29090     10716
I      22497     10717
I      10780     10718
I        420     10719
I      16343     10720
I      11283     10721
I      21176     10722
I      14349     10723
I       4181     10724
I      22145     10725
I      11897     10726
I       7717     10727
I      26381     10728
I      26283     10729
I      16807     10730
I      18955     10731
I      16558     10732
I      25749     10733
I      15424     10734
I      14810     10735
I      24931     10736
I       4490     10737
I      17144     10738
I      11786     10739
I       3717     10740
I       2774     10741
I      16201     10742
I        268     10743
I      26985     10744
I      10228     10745
I      26317     10746
I       5168     10747
I      25548     10748
I      19135     10749
I      19591     10750
I      14180     10751
I      31908     10752
I       6620     10753
I        134     10754
I        517     10755
I       2721     10756
I       3121     10757
I      29257     10758
I      15835     10759
I      26979     10760
I      31618     10761
I      16097     10762
I      29287     10763
I      11708     10764
I      22782     10765
I      10373     10766
I      20119     10767
I      32575     10768
I       6901     10769
I      24888     10770
I      30592     10771
I       7582     10772
I      29916     10773
I      23142     10774
I      25974     10775
I       5063     10776
I       5124     10777
I      24450     10778
I      32404     10779
I      32114     10780
I       8292     10781
I       5253     10782
I      18219     10783
I       2241     10784
I      29679     10785
I       8555     10786
I      13814     10787
I      30155     10788
I       3781     10789
I       8889     10790
I      32636     10791
I      31821     10792
I      23255     10793
I      10554     10794
I       9842     10795
I        695     10796
I      32172     10797
I      16240     10798
I       6931     10799
I      32627     10800
I       7396     10801
I       2004     10802
I      32249     10803
I       6134     10804
I       7795     10805
I      13536     10806
I       8572     10807
I      16112     10808
I      27342     10809
I      21480     10810
I      25450     10811
I      24945     10812
I      29084     10813
I      32641     10814
I      28088     10815
I      22142     10816
I      22016     10817
I      30756     10818
I      13702     10819
I      20313     10820
I       4731     10821
I      18247     10822
I      15066     10823
I      17241     10824
I      23388     10825
I      12793     10826
I       5575     10827
I      19700     10828
I      30847     10829
I       2031     10830
I      32340     10831
I      17041     10832
I      10687     10833
I       3175     10834
I       6776     10835
I      10438     10836
I      17503     10837
I      21063     10838
I       9884     10839
I       2762     10840
I       8466     10841
I      17802     10842
I      13562     10843
I       5549     10844
I      16038     10845
I       6115     10846
I        903     10847
I      31059     10848
I      25237     10849
I      15907     10850
I      32270     10851
I      27157     10852
I      10376     10853
I       6082     10854
I        277     10855
I      22835     10856
I       8834     10857
I        760     10858
I      31372     10859
I      20728     10860
I      22104     10861
I      11866     10862
I      20430     10863
I      32325     10864
I       7485     10865
I       5202     10866
I      11054     10867
I      13466     10868
I       9276     10869
I      20167     10870
I       8157     10871
I      22413     10872
I      15180     10873
I      26395     10874
I      24890     10875
I      29833     10876
I      10889     10877
I      25614     10878
I       1786     10879
I       4867     10880
I       2934     10881
I      11277     10882
I      25872     10883
I      28084     10884
I      28524     10885
I      28971     10886
I      29665     10887
I       5335     10888
I       8127     10889
I      19816     10890
I      18196     10891
I      27510     10892
I      18681     10893
I      22789     10894
I      27758     10895
I      15052     10896
I      27171     10897
I      18026     10898
I      22430     10899
I      14122     10900
I      12808     10901
I      12306     10902
I       1220     10903
I      18911     10904
I      24423     10905
I      30327     10906
I       6640     10907
I      28877     10908
I      28889     10909
I      21632     10910
I      16535     10911
I      28898     10912
I       9852     10913
I       5626     10914
I      32663     10915
I      12745     10916
I       6097     10917
I      13679     10918
I      30807     10919
I      31733     10920
I      26866     10921
I       2206     10922
I      14879     10923
I      13906     10924
I      31572     10925
I      24450     10926
I      20234     10927
I      11867     10928
I      15964     10929
I       3128     10930
I       9230     10931
I      10974     10932
I      19443     10933
I      25260     10934
I       1632     10935
I      14159     10936
I      32376     10937
I      24491     10938
I        256     10939
I       8388     10940
I      13731     10941
I      31781     10942
I       9797     10943
I      31631     10944
I       5956     10945
I      26538     10946
I      25676     10947
I       8221     10948
I      22225     10949
I      25419     10950
I       7899     10951
I      19579     10952
I      20782     10953
I       7348     10954
I        194     10955
I       9589     10956
I      22603     10957
I         66     10958
I      21654     10959
I      25913     10960
I      12185     10961
I      27426     10962
I      28582     10963
I      13673     10964
I      24588     10965
I      23461     10966
I      13810     10967
I      31656     10968
I       4440     10969
I      14804     10970
I       1669     10971
I       4443     10972
I      19740     10973
I       7229     10974
I      23837     10975
I      26634     10976
I       8257     10977
I       6228     10978
I      20261     10979
I       5618     10980
I      25708     10981
I      24582     10982
I      15783     10983
I      20403     10984
I      23675     10985
I        227     10986
I      30715     10987
I      32012     10988
I      22269     10989
I      25658     10990
I      17990     10991
I      12958     10992
I      27960     10993
I      15466     10994
I       4857     10995
I      14381     10996
I      10429     10997
I      26528     10998
I      30635     10999
I       7282     11000
I      21742     11001
I      25336     11002
I      15646     11003
I      27200     11004
I       7496     11005
I      22876     11006
I      14603     11007
I        425     11008
I       7179     11009
I      23491     11010
I       2494     11011
I       5902     11012
I      20230     11013
I      29080     11014
I      15698     11015
I      20894     11016
I      22930     11017
I      23812     11018
I      19101     11019
I       2794     11020
I      22225     11021
I      13377     11022
I      20163     11023
I      19156     11024
I      26118     11025
I      22900     11026
I       1077     11027
I      30365     11028
I       9666     11029
I       2574     11030
I       7675     11031
I       1011     11032
I      30665     11033
I      26606     11034
I      11087     11035
I      22024     11036
I      14738     11037
I      16704     11038
I       5504     11039
I       8282     11040
I      31961     11041
I       4308     11042
I      26342     11043
I       5425     11044
I      21846     11045
I      31115     11046
I      17058     11047
I       2418     11048
I       6391     11049
I      30717     11050
I       5209     11051
I       5769     11052
I       5383     11053
I      13609     11054
I      26507     11055
I      15742     11056
I      12928     11057
I        385     11058
I      28849     11059
I      28819     11060
I      29005     11061
I      26601     11062
I      20125     11063
I       9457     11064
I      28161     11065
I       1391     11066
I      29927     11067
I      20811     11068
I      31373     11069
I      19041     11070
I      24983     11071
I      10454     11072
I      19414     11073
I      30029     11074
I      15957     11075
I      30768     11076
I       1448     11077
I      25957     11078
I      28212     11079
I       3633     11080
I       8509     11081
I         44     11082
I       5211     11083
I       1798     11084
I       2478     11085
I      31417     11086
I       7165     11087
I      26313     11088
I       2684     11089
I       6985     11090
I      16992     11091
I       6549     11092
I       9612     11093
I      28544     11094
I      27276     11095
I      23622     11096
I      32227     11097
I      13992     11098
I      10370     11099
I      16636     11100
I       7808     11101
I         18     11102
I      12867     11103
I      28355     11104
I       2578     11105
I       8658     11106
I      28355     11107
I      13968     11108
I      21827     11109
I      18603     11110
I      12513     11111
I      20054     11112
I      24931     11113
I      30415     11114
I      13849     11115
I       1114     11116
I       3650     11117
I      22068     11118
I       4954     11119
I       4376     11120
I      27518     11121
I      27577     11122
I       7989     11123
I      20789     11124
I      19488     11125
I      18761     11126
I      10172     11127
I       5034     11128
I       9614     11129
I      17321     11130
I       1870     11131
I      15354     11132
I      24798     11133
I      21008     11134
I      13998     11135
I      15681     11136
I        730     11137
I      17109     11138
I      18560     11139
I      25706     11140
I      26271     11141
I      29106     11142
I      11984     11143
I      12535     11144
I        143     11145
I       8896     11146
I      20404     11147
I       8976     11148
I      26576     11149
I       5085     11150
I       6627     11151
I       2838     11152
I       7540     11153
I      11378     11154
I      15117     11155
I       6628     11156
I         88     11157
I        153     11158
I      24664     11159
I      28701     11160
I      23427     11161
I      18912     11162
I      11316     11163
I      17897     11164
I      28097     11165
I      16844     11166
I      28041     11167
I      30788     11168
I      31049     11169
I      22478     11170
I       8224     11171
I      23510     11172
I      29248     11173
I      26713     11174
I      25919     11175
I       8115     11176
I       7281     11177
I       5125     11178
I      19163     11179
I       2751     11180
I      32010     11181
I      21470     11182
I        826     11183
I      22918     11184
I      31995     11185
I      13726     11186
I      27943     11187
I      14135     11188
I       5590     11189
I      29733     11190
I       5307     11191
I       1080     11192
I        127     11193
I       5615     11194
I      15177     11195
I       3004     11196
I      17237     11197
I      14010     11198
I      23689     11199
I      25585     11200
I      18599     11201
I      18273     11202
I      24994     11203
I      29198     11204
I      28696     11205
I      14092     11206
I      18932     11207
I      14666     11208
I      13343     11209
I      23029     11210
I       9093     11211
I      30683     11212
I       2659     11213
I       7890     11214
I      21093     11215
I      14858     11216
I       7528     11217
I      23922     11218
I      21156     11219
I          9     11220
I      12296     11221
I       7815     11222
I      24239     11223
I      14636     11224
I      14307     11225
I      14913     11226
I      31628     11227
I        460     11228
I      15836     11229
I      30642     11230
I       3226     11231
I      13964     11232
I        849     11233
I      31609     11234
I      21583     11235
I      23935     11236
I      29078     11237
I       7008     11238
I      18728     11239
I       7223     11240
I      21988     11241
I      17720     11242
I       2424     11243
I      24838     11244
I      27199     11245
I       9778     11246
I      26130     11247
I      25829     11248
I      32762     11249
I      22241     11250
I      26624     11251
I      29439     11252
I      19046     11253
I       1301     11254
I       5484     11255
I      11957     11256
I       8380     11257
I      18652     11258
I      12866     11259
I      22802     11260
I       5711     11261
I       1370     11262
I      19595     11263
I       1599     11264
I      24996     11265
I      14700     11266
I      30561     11267
I      20568     11268
I      20754     11269
I      19323     11270
I      15442     11271
I       1301     11272
I      23097     11273
I      20863     11274
I       4304     11275
I       2059     11276
I      28524     11277
I      15742     11278
I      16949     11279
I      25992     11280
I      24112     11281
I       5382     11282
I      18572     11283
I      17907     11284
I      29748     11285
I      16118     11286
I      26187     11287
I      18232     11288
I      14818     11289
I       9831     11290
I      10938     11291
I       1087     11292
I      22279     11293
I      10284     11294
I      23915     11295
I       2756     11296
I      18734     11297
I      23287     11298
I      26096     11299
I      24751     11300
I       4117     11301
I      30602     11302
I      29209     11303
I      13506     11304
I      13981     11305
I      25876     11306
I      20653     11307
I        812     11308
I       6841     11309
I       1717     11310
I       7041     11311
I      13214     11312
I      14846     11313
I      30856     11314
I      31333     11315
I       5158     11316
I       3036     11317
I      16759     11318
I      16822     11319
I        383     11320
I       7714     11321
I      25678     11322
I       2149     11323
I      23131     11324
I      24685     11325
I      26028     11326
I       1262     11327
I      22452     11328
I      18373     11329
I       8500     11330
I      15320     11331
I      24308     11332
I      19742     11333
I       5524     11334
I      20695     11335
I      24538     11336
I      21311     11337
I        197     11338
I       2809     11339
I      19097     11340
I       7187     11341
I      16784     11342
I      12441     11343
I      24740     11344
I       1912     11345
I       9668     11346
I        936     11347
I      23232     11348
I      26472     11349
I       2466     11350
I      21139     11351
I       8670     11352
I      14601     11353
I      31225     11354
I      12851     11355
I      10080     11356
I      23522     11357
I       4851     11358
I       1078     11359
I      19986     11360
I      32641     11361
I      22359     11362
I       7544     11363
I      24035     11364
I       3740     11365
I      17431     11366
I      16710     11367
I      10309     11368
I      16514     11369
I      13708     11370
I      24482     11371
I       6304     11372
I      15631     11373
I      18780     11374
I      18310     11375
I      23980     11376
I       8352     11377
I        938     11378
I       7010     11379
I       8521     11380
I      23739     11381
I      11287     11382
I      13752     11383
I       6318     11384
I      21306     11385
I       2748     11386
I      25373     11387
I      18078     11388
I      10872     11389
I      24446     11390
I       7123     11391
I      13987     11392
I      23242     11393
I      27644     11394
I      29816     11395
I      19787     11396
I      23344     11397
I       1755     11398
I      19312     11399
I      25458     11400
I      15644     11401
I      29921     11402
I      28593     11403
I      10204     11404
I      12505     11405
I      32397     11406
I      28093     11407
I      18375     11408
I       8223     11409
I      12306     11410
I      24063     11411
I      25442     11412
I       6977     11413
I      23410     11414
I       6465     11415
I       3494     11416
I      28818     11417
I      10967     11418
I      32458     11419
I       6159     11420
I      11425     11421
I       7146     11422
I       4990     11423
I      20007     11424
I      10648     11425
I      19044     11426
I      17023     11427
I      15664     11428
I      21844     11429
I      28030     11430
I       3679     11431
I      31945     11432
I       4104     11433
I      19126     11434
I      26903     11435
I      25115     11436
I       5117     11437
I      27707     11438
I      31119     11439
I      28253     11440
I      23735     11441
I       5541     11442
I       4490     11443
I      11612     11444
I       1583     11445
I      25747     11446
I       7657     11447
I      14567     11448
I      22975     11449
I      17839     11450
I      28691     11451
I      21825     11452
I      27862     11453
I      20600     11454
I      14855     11455
I       4000     11456
I       9351     11457
I      25338     11458
I      26453     11459
I       4503     11460
I      17857     11461
I      27550     11462
I      18808     11463
I      13516     11464
I        731     11465
I       9942     11466
I      15681     11467
I      32466     11468
I       4328     11469
I      10408     11470
I      26511     11471
I      18891     11472
I      30257     11473
I      28940     11474
I       8928     11475
I       3168     11476
I       2595     11477
I      13379     11478
I      24957     11479
I      21062     11480
I      10671     11481
I       2575     11482
I       7205     11483
I      30191     11484
I       2968     11485
I      26799     11486
I      18687     11487
I       3776     11488
I       4735     11489
I      31546     11490
I      12836     11491
I      13215     11492
I      29040     11493
I       4369     11494
I       7948     11495
I      10102     11496
I       8521     11497
I      12397     11498
I      21964     11499
I        504     11500
I      10216     11501
I      20740     11502
I      12266     11503
I      22610     11504
I      22128     11505
I      26683     11506
I      30130     11507
I       2199     11508
I      21522     11509
I      23405     11510
I       8592     11511
I      24880     11512
I      17672     11513
I        184     11514
I      25741     11515
I      26622     11516
I       6391     11517
I      20370     11518
I      31386     11519
I       6440     11520
I      20336     11521
I       8867     11522
I       6295     11523
I      15581     11524
I      10651     11525
I      28547     11526
I      20177     11527
I      16452     11528
I      16925     11529
I      11833     11530
I      22591     11531
I      14553     11532
I       2290     11533
I       3792     11534
I      27799     11535
I      23200     11536
I      15061     11537
I      30330     11538
I        650     11539
I      16288     11540
I      20949     11541
I      19731     11542
I      32743     11543
I      25632     11544
I      24270     11545
I      15478     11546
I      29361     11547
I      19148     11548
I      24258     11549
I      28363     11550
I      31255     11551
I      21178     11552
I      31684     11553
I      16794     11554
I       6119     11555
I      15612     11556
I      29128     11557
I      28218     11558
I      24419     11559
I      27570     11560
I      21887     11561
I      10008     11562
I      26642     11563
I      11733     11564
I      14233     11565
I      24670     11566
I      25554     11567
I      20578     11568
I      16770     11569
I       3667     11570
I       2997     11571
I       3646     11572
I       5938     11573
I       7996     11574
I        285     11575
I      11911     11576
I       4884     11577
I      20871     11578
I      14770     11579
I       9700     11580
I      13876     11581
I      21769     11582
I      19263     11583
I      31597     11584
I      20605     11585
I      26924     11586
I       9574     11587
I      24154     11588
I      16251     11589
I      15953     11590
I      21102     11591
I      28651     11592
I       9410     11593
I      22307     11594
I       3809     11595
I       3918     11596
I      32279     11597
I      32203     11598
I      13702     11599
I      20014     11600
I      29592     11601
I      26758     11602
I      26361     11603
I       4305     11604
I       1772     11605
I      21132     11606
I      20562     11607
I      19474     11608
I      11237     11609
I       8601     11610
I      24613     11611
I      21750     11612
I       8280     11613
I      16383     11614
I      19633     11615
I      29016     11616
I      10858     11617
I      26122     11618
I      14464     11619
I       3258     11620
I      16255     11621
I       8491     11622
I       4837     11623
I      31676     11624
I       4259     11625
I      16382     11626
I      29934     11627
I      19661     11628
I      18660     11629
I      27314     11630
I       6417     11631
I      24607     11632
I      15446     11633
I        296     11634
I      21823     11635
I      16934     11636
I      31093     11637
I      27169     11638
I      22055     11639
I      19597     11640
I      11601     11641
I      18295     11642
I      15948     11643
I      25829     11644
I      17740     11645
I       5541     11646
I       6997     11647
I      30898     11648
I      21575     11649
I      30903     11650
I      10330     11651
I      12007     11652
I      26482     11653
I       4660     11654
I       2898     11655
I      20337     11656
I      24348     11657
I      16616     11658
I      15579     11659
I      14142     11660
I      29388     11661
I       3354     11662
I      29807     11663
I       3374     11664
I      21615     11665
I       7678     11666
I      27184     11667
I      20495     11668
I       4616     11669
I      12097     11670
I        473     11671
I      19681     11672
I      11082     11673
I      25830     11674
I      17151     11675
I      15910     11676
I      17620     11677
I      28289     11678
I       7673     11679
I        271     11680
I      31952     11681
I      10721     11682
I      21329     11683
I      18785     11684
I        935     11685
I      11635     11686
I      30507     11687
I      27592     11688
I      31825     11689
I      16100     11690
I      14658     11691
I      22369     11692
I       4453     11693
I      24283     11694
I      32023     11695
I       8068     11696
I       6763     11697
I       6490     11698
I      14793     11699
I      14446     11700
I      10959     11701
I        735     11702
I      15652     11703
I      31266     11704
I      19671     11705
I      12166     11706
I      30384     11707
I       3390     11708
I      17981     11709
I       1688     11710
I      31846     11711
I      26528     11712
I      12686     11713
I      27556     11714
I      19766     11715
I      15005     11716
I       9071     11717
I      11633     11718
I      31842     11719
I      14422     11720
I      28560     11721
I      21322     11722
I      14801     11723
I      14449     11724
I      29074     11725
I      19778     11726
I      19533     11727
I      29711     11728
I      17877     11729
I       4431     11730
I      11306     11731
I       4291     11732
I       1297     11733
I      16321     11734
I      21340     11735
I      31142     11736
I      15448     11737
I      29573     11738
I      16829     11739
I      30015     11740
I      24156     11741
I      27723     11742
I      25307     11743
I       4220     11744
I      29250     11745
I      28153     11746
I      24489     11747
I      22945     11748
I      30162     11749
I      29207     11750
I       4432     11751
I      30371     11752
I      32191     11753
I      25537     11754
I      19721     11755
I      29839     11756
I       6004     11757
I      17946     11758
I      17898     11759
I      11905     11760
I       6615     11761
I        769     11762
I      25075     11763
I      19501     11764
I         34     11765
I      29360     11766
I      14811     11767
I      14405     11768
I      17767     11769
I      27027     11770
I       4157     11771
I      16181     11772
I      25349     11773
I        616     11774
I      24129     11775
I      24472     11776
I      17564     11777
I      28841     11778
I      17815     11779
I      28504     11780
I       2996     11781
I       2361     11782
I       9483     11783
I      28814     11784
I      21254     11785
I       6600     11786
I      17639     11787
I      25018     11788
I      19119     11789
I      12368     11790
I       8174     11791
I      21246     11792
I      12438     11793
I      20993     11794
I      23198     11795
I      13452     11796
I      23333     11797
I       1298     11798
I      24740     11799
I      15642     11800
I      18484     11801
I      11988     11802
I      17364     11803
I       5370     11804
I      25727     11805
I      14958     11806
I      29026     11807
I       5742     11808
I      23698     11809
I      28614     11810
I       1431     11811
I      32322     11812
I      20711     11813
I      26779     11814
I       6564     11815
I      21641     11816
I      13973     11817
I      14338     11818
I       8482     11819
I       5217     11820
I      15561     11821
I       1393     11822
I      31536     11823
I      15834     11824
I      11940     11825
I      23361     11826
I      16975     11827
I      12132     11828
I      10985     11829
I       5327     11830
I       5269     11831
I      14026     11832
I      12074     11833
I      21323     11834
I      18487     11835
I       2076     11836
I       1841     11837
I       4119     11838
I       8635     11839
I      12432     11840
I       7057     11841
I      31606     11842
I       7485     11843
I      12716     11844
I      22386     11845
I       1219     11846
I       3679     11847
I      23820     11848
I       2281     11849
I      20948     11850
I       7241     11851
I       9103     11852
I      11407     11853
I      32214     11854
I       1153     11855
I      30852     11856
I      11436     11857
I      24308     11858
I      14432     11859
I       8242     11860
I       7191     11861
I      32356     11862
I      13406     11863
I      23105     11864
I      21714     11865
I        843     11866
I      17158     11867
I      10590     11868
I      14906     11869
I        974     11870
I      25562     11871
I      24655     11872
I      18250     11873
I       4380     11874
I       7771     11875
I       2221     11876
I      27504     11877
I      16533     11878
I      27958     11879
I      10361     11880
I       6956     11881
I       9134     11882
I       6065     11883
I      24007     11884
I      11813     11885
I       5386     11886
I      21209     11887
I      26920     11888
I      10218     11889
I       3804     11890
I      14673     11891
I      14773     11892
I      16184     11893
I      13519     11894
I      30652     11895
I        453     11896
I      15361     11897
I        984     11898
I      14150     11899
I       5180     11900
I      26439     11901
I       2953     11902
I       8336     11903
I      12680     11904
I      22500     11905
I      26594     11906
I      15886     11907
I       1010     11908
I       1222     11909
I       3785     11910
I       5970     11911
I      23294     11912
I      20874     11913
I      11135     11914
I      24934     11915
I      29059     11916
I      20852     11917
I       2685     11918
I      15485     11919
I      30081     11920
I      10251     11921
I      26386     11922
I      12000     11923
I      11889     11924
I      17200     11925
I      12413     11926
I      23355     11927
I      14189     11928
I       5388     11929
I      14609     11930
I      28545     11931
I      11922     11932
I      15518     11933
I        468     11934
I      10201     11935
I      32593     11936
I      13156     11937
I       6878     11938
I       8408     11939
I      15134     11940
I      28184     11941
I      26593     11942
I      13836     11943
I      25766     11944
I      29826     11945
I       8144     11946
I       9994     11947
I      28078     11948
I      11509     11949
I       5664     11950
I      28792     11951
I      26817     11952
I      30002     11953
I        736     11954
I       4309     11955
I      20639     11956
I      21364     11957
I       3448     11958
I      24195     11959
I      25003     11960
I      32567     11961
I      20099     11962
I      20834     11963
I      16570     11964
I      20606     11965
I      31602     11966
I      32147     11967
I       6623     11968
I      28292     11969
I      31034     11970
I      22925     11971
I      22262     11972
I       9141     11973
I       9405     11974
I      16662     11975
I      13690     11976
I       6821     11977
I      18930     11978
I      27895     11979
I       3455     11980
I      27695     11981
I       9548     11982
I      16707     11983
I      27074     11984
I       3398     11985
I       6777     11986
I      32633     11987
I       9686     11988
I      25226     11989
I      11478     11990
I      29379     11991
I      10519     11992
I      31759     11993
I      19142     11994
I      14000     11995
I      22503     11996
I      28027     11997
I        480     11998
I      20988     11999
I      32594     12000
I      25399     12001
I      14622     12002
I       3701     12003
I      15810     12004
I      27782     12005
I       2541     12006
I      21720     12007
I      23935     12008
I       8913     12009
I       1466     12010
I       9162     12011
I      30138     12012
I      19179     12013
I       4718     12014
I      28306     12015
I      29969     12016
I        217     12017
I      25106     12018
I      21102     12019
I      28670     12020
I      10535     12021
I       2187     12022
I      28520     12023
I       2849     12024
I      27566     12025
I      25293     12026
I       3318     12027
I        752     12028
I       5223     12029
I       3106     12030
I       9909     12031
I      30256     12032
I      24065     12033
I      23643     12034
I      23484     12035
I      25250     12036
I      23412     12037
I      14872     12038
I        775     12039
I       9270     12040
I      13511     12041
I      21175     12042
I      19988     12043
I      11158     12044
I      26315     12045
I      19592     12046
I       1054     12047
I       6986     12048
I       5199     12049
I       3521     12050
I       5338     12051
I      21407     12052
I      14241     12053
I      26357     12054
I       2884     12055
I      21682     12056
I       4547     12057
I      15712     12058
I      10178     12059
I        819     12060
I      29993     12061
I      17792     12062
I      13257     12063
I       6660     12064
I      25040     12065
I      15416     12066
I       3218     12067
I       3087     12068
I      12124     12069
I       6308     12070
I       2529     12071
I       1640     12072
I      14835     12073
I      24043     12074
I      32068     12075
I      23860     12076
I      31039     12077
I      31863     12078
I      29997     12079
I      26805     12080
I      26355     12081
I       3326     12082
I      29348     12083
I      31168     12084
I       7776     12085
I       4586     12086
I      14762     12087
I       2837     12088
I      10732     12089
I        860     12090
I      30646     12091
I       1170     12092
I       4173     12093
I       7683     12094
I      31039     12095
I      14319     12096
I      16289     12097
I        574     12098
I      19532     12099
I      13725     12100
I       2199     12101
I      27424     12102
I      28880     12103
I       6419     12104
I       4851     12105
I       3968     12106
I       9565     12107
I       6095     12108
I      32217     12109
I       7375     12110
I      23972     12111
I        781     12112
I      13693     12113
I      20830     12114
I       3023     12115
I      25432     12116
I      16992     12117
I      24342     12118
I      20974     12119
I      19425     12120
I      30066     12121
I      30668     12122
I      26743     12123
I      26051     12124
I       7441     12125
I      31999     12126
I      18603     12127
I      23940     12128
I      26311     12129
I      25006     12130
I      30323     12131
I       7568     12132
I      30705     12133
I      14268     12134
I       9097     12135
I      11406     12136
I      19158     12137
I       3726     12138
I      28654     12139
I       9984     12140
I       6883     12141
I      12730     12142
I       4569     12143
I      26748     12144
I      20605     12145
I      12997     12146
I       9270     12147
I       3288     12148
I      13072     12149
I       3202     12150
I        705     12151
I      26706     12152
I      23625     12153
I      25141     12154
I      21674     12155
I       8187     12156
I      30781     12157
I      28002     12158
I      11940     12159
I      25494     12160
I      18848     12161
I      31054     12162
I       1623     12163
I      31622     12164
I       2824     12165
I      26374     12166
I      16353     12167
I       6787     12168
I      23154     12169
I       7342     12170
I      23137     12171
I       3754     12172
I      30530     12173
I      21711     12174
I      19576     12175
I      17606     12176
I      19481     12177
I      13062     12178
I      27833     12179
I      22165     12180
I      24526     12181
I       8576     12182
I      25025     12183
I       3010     12184
I      30111     12185
I       6143     12186
I       9471     12187
I      17153     12188
I      17688     12189
I      23957     12190
I      25710     12191
I       3821     12192
I      28736     12193
I      12057     12194
I       7685     12195
I      15979     12196
I      26628     12197
I      20163     12198
I      13777     12199
I      19294     12200
I      25299     12201
I      11630     12202
I      14597     12203
I      22156     12204
I       7946     12205
I      32485     12206
I      15144     12207
I      30429     12208
I      23189     12209
I       6623     12210
I      12927     12211
I      27161     12212
I      23097     12213
I      26659     12214
I      24338     12215
I      32151     12216
I       5134     12217
I      21004     12218
I      23822     12219
I        868     12220
I      14239     12221
I      30347     12222
I      29891     12223
I      15528     12224
I      20799     12225
I      27057     12226
I      27786     12227
I       7438     12228
I      17708     12229
I      10033     12230
I      16225     12231
I       7953     12232
I       9401     12233
I      22346     12234
I      22500     12235
I      18799     12236
I      31444     12237
I       9884     12238
I      25265     12239
I       8362     12240
I      27605     12241
I      18283     12242
I      26216     12243
I      10508     12244
I       5910     12245
I      12563     12246
I       9810     12247
I      28680     12248
I      10661     12249
I      15866     12250
I      22387     12251
I       9472     12252
I      23037     12253
I       1676     12254
I       7396     12255
I      18190     12256
I      27575     12257
I      12258     12258
I      14535     12259
I      10206     12260
I      17067     12261
I      12380     12262
I       1755     12263
I       1692     12264
I      11318     12265
I      18509     12266
I      28261     12267
I       4010     12268
I      12043     12269
I      28654     12270
I      28307     12271
I      24564     12272
I      21545     12273
I      18610     12274
I       5371     12275
I       9606     12276
I      28693     12277
I      26621     12278
I       5012     12279
I      29319     12280
I      27697     12281
I      19155     12282
I      30818     12283
I      26268     12284
I       8122     12285
I      27785     12286
I       4416     12287
I      30776     12288
I      13268     12289
I      24042     12290
I       1450     12291
I      13244     12292
I      13104     12293
I      27989     12294
I      23228     12295
I      32194     12296
I      13650     12297
I       4387     12298
I       2631     12299
I      11737     12300
I      13356     12301
I      12228     12302
I       9059     12303
I       7899     12304
I       1003     12305
I      21092     12306
I      27598     12307
I      21434     12308
I      25453     12309
I      11724     12310
I      21126     12311
I      25681     12312
I      28394     12313
I      32197     12314
I       4581     12315
I       5368     12316
I      21882     12317
I      21819     12318
I      27531     12319
I       1013     12320
I      17573     12321
I       7465     12322
I      14326     12323
I       2332     12324
I      30779     12325
I       2005     12326
I      12153     12327
I      31513     12328
I       3332     12329
I      26633     12330
I      28455     12331
I       1460     12332
I       1167     12333
I       1109     12334
I      10698     12335
I      26025     12336
I       5861     12337
I       7594     12338
I      31132     12339
I      25555     12340
I      11002     12341
I      29052     12342
I      13907     12343
I      19293     12344
I      19913     12345
I      29887     12346
I      19220     12347
I      24822     12348
I       5083     12349
I       5520     12350
I      18571     12351
I      32297     12352
I      20228     12353
I      13319     12354
I      14090     12355
I      12131     12356
I      30426     12357
I      32249     12358
I       1234     12359
I      22105     12360
I      12925     12361
I       1567     12362
I      10876     12363
I      20035     12364
I      17935     12365
I       7108     12366
I      31889     12367
I      17543     12368
I      26148     12369
I      30402     12370
I      15174     12371
I       1448     12372
I      31918     12373
I      26060     12374
I      19100     12375
I      29130     12376
I      31476     12377
I      10547     12378
I      26943     12379
I      21381     12380
I      26755     12381
I      29752     12382
I      24303     12383
I      10292     12384
I       1732     12385
I       7877     12386
I      16579     12387
I      32200     12388
I       9773     12389
I      16630     12390
I      28154     12391
I      26264     12392
I      26678     12393
I       5554     12394
I      26650     12395
I      26801     12396
I      30908     12397
I      17778     12398
I      28963     12399
I      13265     12400
I      14035     12401
I       6007     12402
I       4970     12403
I      25528     12404
I       1885     12405
I      22376     12406
I        615     12407
I      17940     12408
I      27105     12409
I      19524     12410
I       8593     12411
I      27765     12412
I      12668     12413
I       6322     12414
I      30009     12415
I       8438     12416
I      24962     12417
I       7391     12418
I       9885     12419
I      11186     12420
I        793     12421
I      16010     12422
I       4321     12423
I      29865     12424
I      29674     12425
I      29626     12426
I       5448     12427
I      11713     12428
I      14046     12429
I       1826     12430
I       4121     12431
I       2895     12432
I       4784     12433
I       7655     12434
I      23232     12435
I      29626     12436
I      32387     12437
I      20448     12438
I       2922     12439
I       1197     12440
I      31131     12441
I      28373     12442
I       7650     12443
I       4577     12444
I      14845     12445
I      26223     12446
I      19982     12447
I      11566     12448
I       7675     12449
I       3098     12450
I      29896     12451
I       6262     12452
I      26639     12453
I      29473     12454
I      13115     12455
I      17753     12456
I      20131     12457
I      10641     12458
I       9892     12459
I      31256     12460
I      23109     12461
I      20832     12462
I      16970     12463
I       2094     12464
I      18977     12465
I      25158     12466
I       6278     12467
I      18760     12468
I      11724     12469
I      28126     12470
I       6723     12471
I      13890     12472
I      28281     12473
I      10550     12474
I      27942     12475
I       2047     12476
I      15231     12477
I      21890     12478
I      29310     12479
I      14487     12480
I      23448     12481
I      25413     12482
I      16776     12483
I      17754     12484
I       7955     12485
I      21890     12486
I       1824     12487
I        965     12488
I       9846     12489
I       5147     12490
I       1545     12491
I       4609     12492
I      11530     12493
I      11410     12494
I       1376     12495
I      10831     12496
I      29632     12497
I      29701     12498
I       2100     12499
I       6939     12500
I       6714     12501
I      27862     12502
I      25884     12503
I      29101     12504
I       4458     12505
I      11914     12506
I      30409     12507
I      16166     12508
I      24059     12509
I      17357     12510
I      13224     12511
I      30764     12512
I      30803     12513
I      29663     12514
I      31230     12515
I      29707     12516
I      27538     12517
I      20869     12518
I      26330     12519
I       8583     12520
I      20141     12521
I      18047     12522
I       6514     12523
I      16007     12524
I      18267     12525
I      28956     12526
I       7844     12527
I      11394     12528
I        361     12529
I      21926     12530
I      31223     12531
I       3357     12532
I      12789     12533
I       8323     12534
I      31808     12535
I       3642     12536
I       6772     12537
I      31184     12538
I      19199     12539
I      20117     12540
I      30398     12541
I       1981     12542
I      11097     12543
I      32543     12544
I      30893     12545
I       9316     12546
I       2643     12547
I      20315     12548
I      19189     12549
I      13687     12550
I       5467     12551
I      12366     12552
I       9986     12553
I      18435     12554
I      12278     12555
I      13145     12556
I      21626     12557
I      19279     12558
I      29516     12559
I       9113     12560
I      25177     12561
I      20797     12562
I      20349     12563
I      16898     12564
I      32056     12565
I      16736     12566
I      32008     12567
I      31743     12568
I      31957     12569
I       5521     12570
I       6681     12571
I        831     12572
I       9199     12573
I      27780     12574
I      12651     12575
I       2711     12576
I      15779     12577
I       5776     12578
I      18521     12579
I      16588     12580
I      23712     12581
I      31336     12582
I      18549     12583
I       5120     12584
I      31926     12585
I       4882     12586
I      24918     12587
I       2567     12588
I       4257     12589
I      11502     12590
I      19412     12591
I      19691     12592
I      29187     12593
I      13168     12594
I      32461     12595
I      26038     12596
I      25090     12597
I      12427     12598
I      18223     12599
I      12892     12600
I      11584     12601
I      10132     12602
I       3549     12603
I      12514     12604
I       7920     12605
I       7903     12606
I      24131     12607
I      21293     12608
I      29481     12609
I      32757     12610
I      32035     12611
I      20928     12612
I        444     12613
I      10724     12614
I      28164     12615
I      32638     12616
I       4917     12617
I       9396     12618
I       9684     12619
I      28449     12620
I      23812     12621
I      14670     12622
I        932     12623
I      28506     12624
I       7815     12625
I       9340     12626
I      31916     12627
I      31836     12628
I       9243     12629
I      13625     12630
I      11686     12631
I       2467     12632
I      10012     12633
I      13796     12634
I      18648     12635
I      13062     12636
I      23681     12637
I       6224     12638
I      23434     12639
I      27898     12640
I      11068     12641
I      16251     12642
I      22032     12643
I      25826     12644
I      17628     12645
I        870     12646
I      27170     12647
I      25181     12648
I      28534     12649
I      17872     12650
I      21019     12651
I      11468     12652
I      16812     12653
I      25623     12654
I       1343     12655
I      27422     12656
I      26131     12657
I      25808     12658
I       7396     12659
I       1164     12660
I        299     12661
I      22255     12662
I      22374     12663
I      31895     12664
I      30704     12665
I       8979     12666
I       2105     12667
I       1655     12668
I      15060     12669
I      19385     12670
I      10933     12671
I      29531     12672
I       6325     12673
I       4053     12674
I      24485     12675
I       4177     12676
I       1863     12677
I      13456     12678
I      21692     12679
I      18365     12680
I      22480     12681
I       2214     12682
I      31485     12683
I      20162     12684
I      18080     12685
I      15574     12686
I      31724     12687
I        207     12688
I      26867     12689
I      17540     12690
I       1568     12691
I      15144     12692
I       7688     12693
I      22965     12694
I      27033     12695
I      11951     12696
I       7727     12697
I      20026     12698
I      18957     12699
I      28356     12700
I      21737     12701
I      14579     12702
I       5582     12703
I      31932     12704
I      29551     12705
I       9477     12706
I      30924     12707
I       2228     12708
I      23008     12709
I      17956     12710
I        673     12711
I      32420     12712
I      17264     12713
I      31340     12714
I      11630     12715
I       2173     12716
I      18266     12717
I      23093     12718
I       5916     12719
I      21594     12720
I      28417     12721
I      19802     12722
I      23432     12723
I       6556     12724
I       5639     12725
I       5407     12726
I      10882     12727
I      13593     12728
I      30862     12729
I      28284     12730
I      10264     12731
I      27474     12732
I      25590     12733
I      10980     12734
I      19546     12735
I       2157     12736
I      11147     12737
I      24812     12738
I       8081     12739
I      30433     12740
I       9918     12741
I       1353     12742
I      16641     12743
I      15087     12744
I      30401     12745
I      31876     12746
I      31663     12747
I       5075     12748
I      30675     12749
I       5775     12750
I       8015     12751
I       6613     12752
I      17376     12753
I      22854     12754
I      24181     12755
I      27785     12756
I      14340     12757
I      13627     12758
I      20081     12759
I       1680     12760
I      29784     12761
I      15278     12762
I      24442     12763
I       9029     12764
I      19474     12765
I      13598     12766
I      14723     12767
I      28209     12768
I       1094     12769
I       7807     12770
I       8483     12771
I      11820     12772
I      10394     12773
I      21726     12774
I      15167     12775
I      26331     12776
I      25996     12777
I      26629     12778
I      11622     12779
I       4284     12780
I       8405     12781
I      30159     12782
I       8470     12783
I      19074     12784
I      31894     12785
I       9823     12786
I       9937     12787
I      11475     12788
I      12808     12789
I      32559     12790
I      31480     12791
I      22864     12792
I      22009     12793
I       5742     12794
I      19520     12795
I      21066     12796
I      19898     12797
I      16742     12798
I      18023     12799
I      13137     12800
I      12940     12801
I      13004     12802
I      20031     12803
I      23803     12804
I       3792     12805
I      26494     12806
I      20993     12807
I      24842     12808
I      11374     12809
I      16638     12810
I      11168     12811
I      26706     12812
I      15618     12813
I       4655     12814
I       7446     12815
I      14402     12816
I      23532     12817
I      13796     12818
I      26827     12819
I      29845     12820
I      13003     12821
I      19921     12822
I      25217     12823
I      31978     12824
I      17242     12825
I      21228     12826
I       3559     12827
I      27568     12828
I       6234     12829
I      23508     12830
I      28905     12831
I       1200     12832
I       1239     12833
I       1224     12834
I      10524     12835
I      29063     12836
I       3395     12837
I       2946     12838
I      24857     12839
I      20254     12840
I       2599     12841
I       4686     12842
I      28200     12843
I      12313     12844
I      14364     12845
I      11767     12846
I      27200     12847
I      13925     12848
I      22129     12849
I      30928     12850
I       3313     12851
I      28281     12852
I      27735     12853
I      18334     12854
I      22263     12855
I       3190     12856
I      17490     12857
I       9748     12858
I      32060     12859
I      13254     12860
I      10738     12861
I      31110     12862
I       5063     12863
I      30081     12864
I       2188     12865
I      14476     12866
I      24572     12867
I      11470     12868
I      20987     12869
I       5940     12870
I      26258     12871
I      32024     12872
I       7088     12873
I       7594     12874
I      26516     12875
I       7497     12876
I       5223     12877
I      28441     12878
I       2534     12879
I       8081     12880
I       7376     12881
I      24022     12882
I       3842     12883
I      19911     12884
I      28726     12885
I      29499     12886
I      26577     12887
I       4174     12888
I      13454     12889
I      13113     12890
I      15938     12891
I      12152     12892
I      31652     12893
I      16183     12894
I       9529     12895
I      13547     12896
I      16522     12897
I      30510     12898
I      14248     12899
I      25548     12900
I       1226     12901
I      27048     12902
I      16341     12903
I      17094     12904
I      30933     12905
I      22021     12906
I       3549     12907
I      12235     12908
I      14332     12909
I      18144     12910
I       2774     12911
I      23893     12912
I       4282     12913
I      13667     12914
I      13071     12915
I       8103     12916
I       1030     12917
I       2334     12918
I      10096     12919
I      22833     12920
I      17984     12921
I       2430     12922
I      27963     12923
I      28933     12924
I      26470     12925
I      32469     12926
I      14277     12927
I       2082     12928
I       9789     12929
I      21396     12930
I        411     12931
I       2207     12932
I      22461     12933
I       2386     12934
I       3889     12935
I      30455     12936
I      20942     12937
I       1002     12938
I      29574     12939
I      30111     12940
I       7222     12941
I      11766     12942
I      22918     12943
I       2734     12944
I      14261     12945
I      19815     12946
I      11760     12947
I      18442     12948
I      24452     12949
I      18564     12950
I      23452     12951
I      24858     12952
I      17035     12953
I       4537     12954
I       6457     12955
I      25263     12956
I      24197     12957
I      14718     12958
I      24961     12959
I      24239     12960
I      28336     12961
I      12469     12962
I      19821     12963
I      11940     12964
I      23551     12965
I      21914     12966
I      18109     12967
I       4712     12968
I       3674     12969
I      30710     12970
I      23180     12971
I      25855     12972
I       1840     12973
I      23812     12974
I       9488     12975
I      11393     12976
I      10327     12977
I       1292     12978
I       5178     12979
I      16347     12980
I       2709     12981
I       8327     12982
I      19427     12983
I      28948     12984
I      10898     12985
I       1032     12986
I       7656     12987
I      13885     12988
I       1626     12989
I       2731     12990
I      11985     12991
I      21761     12992
I       3129     12993
I      11324     12994
I        285     12995
I       1719     12996
I      32079     12997
I      10944     12998
I      16091     12999
I      29484     13000
I      18931     13001
I      15150     13002
I      29971     13003
I      22651     13004
I       2808     13005
I       3255     13006
I      21882     13007
I      26205     13008
I       7986     13009
I      13068     13010
I       2869     13011
I       3918     13012
I      18819     13013
I      10328     13014
I      25293     13015
I      29257     13016
I      21655     13017
I      14731     13018
I       3192     13019
I      14811     13020
I       8595     13021
I      13913     13022
I       6345     13023
I      20932     13024
I      22988     13025
I      10512     13026
I      13309     13027
I      10413     13028
I       7152     13029
I      31721     13030
I      26463     13031
I      29677     13032
I      18794     13033
I      15571     13034
I      18481     13035
I      15511     13036
I      14305     13037
I        918     13038
I      25281     13039
I      19439     13040
I      26339     13041
I      16447     13042
I      28277     13043
I      21962     13044
I      17599     13045
I       8735     13046
I      11740     13047
I       3096     13048
I       7180     13049
I      14128     13050
I      15726     13051
I      14010     13052
I       9730     13053
I        725     13054
I       9464     13055
I      25894     13056
I      29301     13057
I       8617     13058
I      10813     13059
I       7112     13060
I      25393     13061
I      32112     13062
I      11565     13063
I      17316     13064
I       2141     13065
I      16504     13066
I      15616     13067
I      15630     13068
I      24528     13069
I       6635     13070
I      19803     13071
I      22379     13072
I       2864     13073
I       6103     13074
I       9284     13075
I       1136     13076
I      18260     13077
I      30485     13078
I      18134     13079
I       8281     13080
I      10856     13081
I       5579     13082
I       4884     13083
I      32407     13084
I      20210     13085
I      28376     13086
I      19797     13087
I      26999     13088
I      13103     13089
I      28529     13090
I      20888     13091
I      14363     13092
I       6522     13093
I      24761     13094
I      14714     13095
I       4088     13096
I         57     13097
I       1878     13098
I       4808     13099
I      21084     13100
I      16282     13101
I      20968     13102
I       6639     13103
I      14103     13104
I      15951     13105
I      10274     13106
I       7322     13107
I       9305     13108
I      17937     13109
I      20855     13110
I       4801     13111
I      10219     13112
I      29841     13113
I      32190     13114
I      25316     13115
I      31107     13116
I      25008     13117
I      10890     13118
I      23916     13119
I      21687     13120
I      14629     13121
I      16800     13122
I       8225     13123
I       9266     13124
I       1519     13125
I      19587     13126
I      29230     13127
I      16809     13128
I      11945     13129
I      24118     13130
I      17925     13131
I      20422     13132
I      14082     13133
I      29492     13134
I      18834     13135
I      10626     13136
I       4853     13137
I      30682     13138
I       9937     13139
I      17189     13140
I       5421     13141
I        766     13142
I       9876     13143
I      28071     13144
I      16458     13145
I      24587     13146
I      22954     13147
I      31073     13148
I      11539     13149
I      24497     13150
I       9554     13151
I      25915     13152
I      29888     13153
I       1319     13154
I       8627     13155
I      21414     13156
I      18911     13157
I       7173     13158
I      26495     13159
I      12558     13160
I        924     13161
I      22827     13162
I      20693     13163
I      28215     13164
I      17411     13165
I      17518     13166
I      23035     13167
I      31514     13168
I      29046     13169
I       8782     13170
I      20122     13171
I      21147     13172
I      24099     13173
I      25940     13174
I      17351     13175
I      23103     13176
I      25041     13177
I       5173     13178
I      11032     13179
I      22349     13180
I       3402     13181
I      11992     13182
I      23186     13183
I      28698     13184
I      18411     13185
I      14889     13186
I      26345     13187
I       3290     13188
I        464     13189
I      24533     13190
I      22128     13191
I      12370     13192
I      16355     13193
I      25907     13194
I       1709     13195
I       8208     13196
I      19926     13197
I      10874     13198
I       6817     13199
I      14845     13200
I       2050     13201
I      10363     13202
I      18743     13203
I      32569     13204
I      30843     13205
I      26429     13206
I      19205     13207
I      13470     13208
I      10246     13209
I      18384     13210
I      25701     13211
I      11783     13212
I      17833     13213
I      29782     13214
I       4314     13215
I       4261     13216
I      12052     13217
I      32643     13218
I       7364     13219
I      11728     13220
I       2486     13221
I      19302     13222
I       7138     13223
I      30026     13224
I      24218     13225
I      18331     13226
I      28308     13227
I      32670     13228
I      16959     13229
I       5471     13230
I       3277     13231
I      19494     13232
I      22868     13233
I      17960     13234
I       2598     13235
I      10725     13236
I      22002     13237
I      30506     13238
I       7484     13239
I      32572     13240
I       1661     13241
I       8175     13242
I       4723     13243
I       4211     13244
I      15809     13245
I      17984     13246
I      27425     13247
I      31752     13248
I      28705     13249
I      32703     13250
I      23885     13251
I      32654     13252
I       7057     13253
I      17442     13254
I      11511     13255
I      25832     13256
I      29585     13257
I      11720     13258
I        548     13259
I        944     13260
I       9856     13261
I      19979     13262
I       2790     13263
I      24039     13264
I       6163     13265
I      14792     13266
I      22784     13267
I      25132     13268
I       3634     13269
I      27788     13270
I      21417     13271
I       8165     13272
I      18832     13273
I       6719     13274
I      14300     13275
I      14971     13276
I       4073     13277
I      31777     13278
I       6641     13279
I       7028     13280
I      13187     13281
I      21099     13282
I      22968     13283
I      17618     13284
I       9161     13285
I      23615     13286
I      30256     13287
I      31112     13288
I      13084     13289
I       6594     13290
I      16116     13291
I        228     13292
I       4750     13293
I       4087     13294
I      14415     13295
I      23488     13296
I      32634     13297
I      30994     13298
I      30757     13299
I       8237     13300
I       4086     13301
I      18628     13302
I      18885     13303
I       9615     13304
I       5298     13305
I      30399     13306
I      25062     13307
I      22527     13308
I      13993     13309
I       4567     13310
I      17489     13311
I      19887     13312
I       6561     13313
I      22994     13314
I       8405     13315
I      23844     13316
I      22932     13317
I      13864     13318
I      26558     13319
I       9769     13320
I      16940     13321
I       8441     13322
I        392     13323
I        982     13324
I      18061     13325
I      11102     13326
I      24389     13327
I      11696     13328
I      22535     13329
I      26066     13330
I      25727     13331
I      23717     13332
I       4592     13333
I      11992     13334
I      11402     13335
I      16521     13336
I       7519     13337
I       9120     13338
I      19910     13339
I      27251     13340
I      24364     13341
I        694     13342
I       7986     13343
I       3093     13344
I      21439     13345
I      11408     13346
I       8805     13347
I      23007     13348
I       7880     13349
I      24845     13350
I      27447     13351
I       3375     13352
I      14426     13353
I      17421     13354
I      15745     13355
I       7427     13356
I      32606     13357
I      13806     13358
I       2192     13359
I      23156     13360
I      16792     13361
I      14374     13362
I      28026     13363
I      22607     13364
I       1382     13365
I       1381     13366
I      28172     13367
I       7818     13368
I       4206     13369
I      26596     13370
I      27527     13371
I       2503     13372
I      15754     13373
I      13587     13374
I      20977     13375
I      30340     13376
I      10034     13377
I      12681     13378
I       6790     13379
I      27092     13380
I       5142     13381
I      25554     13382
I      17856     13383
I       9663     13384
I      24391     13385
I      31873     13386
I      12988     13387
I       5267     13388
I      18610     13389
I       6474     13390
I      19207     13391
I       7124     13392
I      32762     13393
I      27663     13394
I      14221     13395
I      11314     13396
I      21218     13397
I      31709     13398
I      25901     13399
I       1378     13400
I      19508     13401
I       5786     13402
I       1434     13403
I       2372     13404
I      19338     13405
I      21056     13406
I      19273     13407
I      12968     13408
I      24880     13409
I      20950     13410
I      14428     13411
I       9713     13412
I      23736     13413
I       9974     13414
I      18459     13415
I      19928     13416
I      23405     13417
I        365     13418
I       5724     13419
I      10088     13420
I         39     13421
I      19112     13422
I      25075     13423
I      12440     13424
I      17404     13425
I      18328     13426
I      27402     13427
I       3252     13428
I      14344     13429
I      31743     13430
I      13336     13431
I      27340     13432
I      31731     13433
I       3133     13434
I        869     13435
I       6411     13436
I       4341     13437
I      25074     13438
I      15652     13439
I       7539     13440
I       1422     13441
I       2541     13442
I      30898     13443
I      30328     13444
I      31409     13445
I      12588     13446
I      11996     13447
I       5131     13448
I      15063     13449
I       3627     13450
I      15103     13451
I      28689     13452
I      26114     13453
I      25977     13454
I      15324     13455
I      13819     13456
I      16203     13457
I       2655     13458
I      28924     13459
I      28245     13460
I      24167     13461
I      16767     13462
I      21320     13463
I       6280     13464
I      23343     13465
I      15206     13466
I      30103     13467
I      11395     13468
I      18363     13469
I      31869     13470
I      13963     13471
I      10411     13472
I      28225     13473
I      19286     13474
I      20534     13475
I      26351     13476
I      27617     13477
I      10863     13478
I       6733     13479
I      25558     13480
I      30349     13481
I       7270     13482
I      28587     13483
I      17858     13484
I      14354     13485
I       6255     13486
I      25651     13487
I      26150     13488
I      19351     13489
I        796     13490
I      22561     13491
I      10891     13492
I       2933     13493
I      17737     13494
I      11619     13495
I      19884     13496
I      14566     13497
I      13488     13498
I      11605     13499
I      13443     13500
I       5428     13501
I      10414     13502
I       6564     13503
I       7156     13504
I      30564     13505
I       5805     13506
I      25594     13507
I      28451     13508
I       6764     13509
I       6169     13510
I       6727     13511
I      23745     13512
I      12098     13513
I       2513     13514
I      16519     13515
I      18805     13516
I       3402     13517
I      10209     13518
I       1868     13519
I      18435     13520
I       9923     13521
I       7340     13522
I        718     13523
I      29420     13524
I      11857     13525
I      14410     13526
I      27104     13527
I      22956     13528
I       6043     13529
I      12208     13530
I      26555     13531
I      26534     13532
I      23803     13533
I      19378     13534
I      18751     13535
I      11414     13536
I      29480     13537
I      31075     13538
I      18400     13539
I      27034     13540
I      31012     13541
I      14943     13542
I        760     13543
I       7821     13544
I      29095     13545
I      32322     13546
I      31733     13547
I      30814     13548
I      15088     13549
I      11680     13550
I       4024     13551
I        102     13552
I       2070     13553
I        900     13554
I      25009     13555
I      17609     13556
I      11567     13557
I      29177     13558
I      13501     13559
I       4618     13560
I      27954     13561
I      18989     13562
I      14903     13563
I      22162     13564
I      17158     13565
I      20441     13566
I      16242     13567
I      30864     13568
I       1463     13569
I      15978     13570
I      14029     13571
I      32262     13572
I      28112     13573
I        290     13574
I       5047     13575
I       7572     13576
I       8196     13577
I      23133     13578
I      17664     13579
I       3282     13580
I      30924     13581
I      18638     13582
I       3441     13583
I       3614     13584
I      15950     13585
I      29197     13586
I      11988     13587
I       6958     13588
I      18017     13589
I       2231     13590
I      29707     13591
I      25405     13592
I      22307     13593
I      20443     13594
I      28702     13595
I       4930     13596
I       7907     13597
I      11897     13598
I      16750     13599
I       3577     13600
I      13342     13601
I       5323     13602
I       9385     13603
I      16093     13604
I      31709     13605
I      28419     13606
I       7367     13607
I      31986     13608
I      27902     13609
I      25616     13610
I       8827     13611
I       1243     13612
I      20182     13613
I      28054     13614
I      26704     13615
I      11696     13616
I      21926     13617
I      32180     13618
I       9060     13619
I      21786     13620
I      31845     13621
I      24915     13622
I      24896     13623
I       2004     13624
I       9712     13625
I       8628     13626
I      28716     13627
I      18695     13628
I       2574     13629
I      10683     13630
I       1385     13631
I      32461     13632
I       2454     13633
I       5051     13634
I      21786     13635
I      10608     13636
I      28722     13637
I      29910     13638
I      13711     13639
I      23414     13640
I      11485     13641
I      30933     13642
I      25869     13643
I       9826     13644
I      32408     13645
I      18145     13646
I      29587     13647
I      12534     13648
I       6176     13649
I      32530     13650
I      21257     13651
I      29185     13652
I      31333     13653
I      21541     13654
I      21430     13655
I      29005     13656
I       5093     13657
I      32669     13658
I      13821     13659
I      28498     13660
I      20875     13661
I      14675     13662
I       6808     13663
I      27717     13664
I      17571     13665
I       8400     13666
I       3015     13667
I      17550     13668
I      23176     13669
I      16992     13670
I      15298     13671
I      29156     13672
I      16869     13673
I      32393     13674
I       2205     13675
I       4099     13676
I      21768     13677
I      28754     13678
I       7574     13679
I      20989     13680
I      21721     13681
I       4558     13682
I      16383     13683
I      21445     13684
I      13371     13685
I      19751     13686
I      16460     13687
I       1649     13688
I      17088     13689
I      16164     13690
I      27094     13691
I       9160     13692
I      23121     13693
I      21787     13694
I         28     13695
I      11203     13696
I      17372     13697
I       4476     13698
I      19958     13699
I       8910     13700
I       4024     13701
I      31053     13702
I      30996     13703
I      27512     13704
I      26837     13705
I      16700     13706
I      21617     13707
I       2370     13708
I       8511     13709
I      28181     13710
I       8632     13711
I        383     13712
I      10541     13713
I      13477     13714
I       3146     13715
I       2166     13716
I       1666     13717
I      10562     13718
I       7059     13719
I      31105     13720
I      22291     13721
I        622     13722
I      32608     13723
I      21215     13724
I        184     13725
I      17122     13726
I       3837     13727
I      26564     13728
I       7262     13729
I      15225     13730
I      15259     13731
I      29980     13732
I      22786     13733
I       3546     13734
I      13644     13735
I       3029     13736
I      22536     13737
I      26773     13738
I      27241     13739
I      29430     13740
I       1465     13741
I       3534     13742
I       4405     13743
I       6876     13744
I       9832     13745
I      27354     13746
I      22381     13747
I      18848     13748
I      10302     13749
I      19348     13750
I      11297     13751
I       6980     13752
I      13975     13753
I       6936     13754
I      13753     13755
I      26544     13756
I      12825     13757
I      21587     13758
I      11806     13759
I      31261     13760
I      26390     13761
I      27389     13762
I      14343     13763
I       2208     13764
I      30293     13765
I       2930     13766
I      32525     13767
I       1012     13768
I      27816     13769
I      27187     13770
I       5610     13771
I      20613     13772
I      17798     13773
I      25427     13774
I      23215     13775
I       8613     13776
I      30712     13777
I      10219     13778
I      29563     13779
I      13066     13780
I      12580     13781
I      27693     13782
I      14506     13783
I      12934     13784
I      19111     13785
I       1621     13786
I      32608     13787
I      11350     13788
I       2053     13789
I      29171     13790
I      17339     13791
I       9954     13792
I      23119     13793
I      23268     13794
I       5016     13795
I      25182     13796
I       2611     13797
I      15437     13798
I      24605     13799
I      12385     13800
I      26760     13801
I      11137     13802
I      15188     13803
I      29055     13804
I      32257     13805
I       2849     13806
I      11241     13807
I      15649     13808
I      11717     13809
I      13889     13810
I       3329     13811
I       7817     13812
I      17965     13813
I       8316     13814
I       6841     13815
I      27630     13816
I      22911     13817
I      15001     13818
I      30642     13819
I       4910     13820
I      30676     13821
I       4980     13822
I      13455     13823
I      31556     13824
I      28362     13825
I      26963     13826
I      14783     13827
I      22584     13828
I       8000     13829
I      21032     13830
I       2260     13831
I       3520     13832
I      18552     13833
I      28239     13834
I        481     13835
I      13775     13836
I      15348     13837
I       7392     13838
I       8694     13839
I      28079     13840
I       7533     13841
I      21197     13842
I       5093     13843
I      22476     13844
I      22378     13845
I      17873     13846
I      10680     13847
I      26743     13848
I      18188     13849
I        113     13850
I      25147     13851
I       8469     13852
I      25081     13853
I      12983     13854
I      17434     13855
I       7393     13856
I       2587     13857
I      20451     13858
I       8177     13859
I       2457     13860
I       8133     13861
I      16246     13862
I      13916     13863
I      23881     13864
I      22718     13865
I      11490     13866
I      18077     13867
I      23510     13868
I       3523     13869
I      22750     13870
I      30998     13871
I      20829     13872
I      19699     13873
I       4584     13874
I      14517     13875
I       8039     13876
I      31521     13877
I       2371     13878
I       9056     13879
I      30394     13880
I      17842     13881
I      29553     13882
I      28813     13883
I      31351     13884
I      29820     13885
I      17432     13886
I      23963     13887
I      17784     13888
I      26501     13889
I      23861     13890
I      25329     13891
I      28951     13892
I      31519     13893
I      29037     13894
I      29559     13895
I      23085     13896
I      32566     13897
I      24420     13898
I      19110     13899
I       3393     13900
I      14172     13901
I      26676     13902
I      32201     13903
I       4150     13904
I      13450     13905
I       8417     13906
I      25354     13907
I      26434     13908
I      15154     13909
I      17259     13910
I      25225     13911
I      31643     13912
I      29132     13913
I      16446     13914
I      19064     13915
I       7684     13916
I       8468     13917
I      24552     13918
I      29934     13919
I      24787     13920
I      13625     13921
I      14344     13922
I      11552     13923
I      29199     13924
I       7879     13925
I       7221     13926
I      28463     13927
I      23507     13928
I      26260     13929
I      31288     13930
I      27318     13931
I      19834     13932
I       7626     13933
I      20642     13934
I      14089     13935
I      10149     13936
I      25492     13937
I       5199     13938
I      13320     13939
I      14646     13940
I      25639     13941
I      22146     13942
I       1170     13943
I      27921     13944
I      11870     13945
I      11843     13946
I      17780     13947
I      21374     13948
I        577     13949
I         62     13950
I      30232     13951
I       4200     13952
I      20137     13953
I      27085     13954
I      16996     13955
I        490     13956
I      15562     13957
I      21081     13958
I      16248     13959
I        633     13960
I       1463     13961
I      10367     13962
I      19005     13963
I      26854     13964
I      22618     13965
I       3149     13966
I       1317     13967
I       5406     13968
I       1217     13969
I      30863     13970
I      27646     13971
I       5482     13972
I      31720     13973
I       5055     13974
I      30282     13975
I      15025     13976
I       9051     13977
I      13889     13978
I      25225     13979
I      14052     13980
I      19120     13981
I      14491     13982
I      21478     13983
I      25013     13984
I      14941     13985
I      29458     13986
I       5664     13987
I      20476     13988
I       4992     13989
I       1071     13990
I       2186     13991
I      27687     13992
I      21734     13993
I      28965     13994
I      31778     13995
I      11979     13996
I      25858     13997
I      32337     13998
I       9694     13999
I      12707     14000
I       8926     14001
I      12714     14002
I       5867     14003
I       2570     14004
I      23954     14005
I       3466     14006
I       9636     14007
I      15362     14008
I       3204     14009
I      19298     14010
I       8818     14011
I      28122     14012
I      31908     14013
I      27532     14014
I      26291     14015
I      14122     14016
I       4168     14017
I       5157     14018
I      28510     14019
I      21777     14020
I      17936     14021
I      23296     14022
I      22890     14023
I      30142     14024
I      21396     14025
I        387     14026
I      22978     14027
I       6575     14028
I      24336     14029
I       6415     14030
I      27166     14031
I      24605     14032
I      20501     14033
I       7024     14034
I      24330     14035
I      13628     14036
I      27446     14037
I      28767     14038
I      23634     14039
I      16978     14040
I      13260     14041
I      19467     14042
I      16668     14043
I        839     14044
I      17350     14045
I      19865     14046
I      16728     14047
I      23701     14048
I      20875     14049
I      20848     14050
I      19827     14051
I      17934     14052
I      13725     14053
I       6166     14054
I      11203     14055
I      23961     14056
I      12705     14057
I      30932     14058
I      20534     14059
I      31112     14060
I       6691     14061
I      25223     14062
I       6908     14063
I      15410     14064
I      28472     14065
I      27714     14066
I       2609     14067
I      18274     14068
I      19116     14069
I      18863     14070
I      19403     14071
I      19967     14072
I      12076     14073
I      25569     14074
I      25961     14075
I       5124     14076
I      25237     14077
I       4235     14078
I       1567     14079
I      12292     14080
I      16848     14081
I      29212     14082
I       1720     14083
I       2922     14084
I      27603     14085
I       4168     14086
I       5436     14087
I      18504     14088
I      32768     14089
I       4674     14090
I      28309     14091
I       8020     14092
I      11643     14093
I       5492     14094
I      27800     14095
I       9442     14096
I      17680     14097
I      18525     14098
I      13473     14099
I      25401     14100
I      12650     14101
I      18456     14102
I       2105     14103
I       3237     14104
I      23770     14105
I       2334     14106
I      22045     14107
I       5244     14108
I      27593     14109
I      26728     14110
I      32060     14111
I      16084     14112
I      22953     14113
I        592     14114
I      30108     14115
I      22604     14116
I      13742     14117
I      11154     14118
I       1066     14119
I      18237     14120
I      17551     14121
I      25830     14122
I      23879     14123
I      24049     14124
I       7123     14125
I      24146     14126
I      32693     14127
I       7118     14128
I      13067     14129
I      25945     14130
I       3231     14131
I      14243     14132
I      11761     14133
I      22737     14134
I      14605     14135
I        658     14136
I        249     14137
I       1177     14138
I      32023     14139
I       8453     14140
I      20639     14141
I      12105     14142
I       9986     14143
I      17676     14144
I      27052     14145
I      13010     14146
I       5792     14147
I      29881     14148
I       8194     14149
I      21329     14150
I       7865     14151
I      13155     14152
I      18864     14153
I      31006     14154
I      21288     14155
I      10265     14156
I      24154     14157
I      17863     14158
I       4005     14159
I      27674     14160
I       4047     14161
I       6713     14162
I       6367     14163
I      19295     14164
I      31605     14165
I      32574     14166
I      14528     14167
I       5191     14168
I       6195     14169
I      30146     14170
I      12414     14171
I      24215     14172
I      10432     14173
I      15143     14174
I      25167     14175
I      23806     14176
I       5888     14177
I        204     14178
I      32054     14179
I      24646     14180
I      10121     14181
I      19143     14182
I      14426     14183
I       5143     14184
I      17111     14185
I      10086     14186
I       7201     14187
I      12438     14188
I      30626     14189
I      12311     14190
I      19324     14191
I      24010     14192
I      23780     14193
I      23755     14194
I       9377     14195
I      30384     14196
I       7925     14197
I      30674     14198
I       9184     14199
I      26935     14200
I       4320     14201
I      32705     14202
I       3949     14203
I      28147     14204
I       2843     14205
I      25035     14206
I      29877     14207
I      10384     14208
I      19365     14209
I      32351     14210
I      26112     14211
I       3948     14212
I       8693     14213
I       2391     14214
I      30370     14215
I       2932     14216
I      12699     14217
I       3895     14218
I      11538     14219
I       3589     14220
I      25978     14221
I      14611     14222
I      19717     14223
I      15566     14224
I      24116     14225
I      15749     14226
I      28086     14227
I       5308     14228
I      27813     14229
I      21151     14230
I      28768     14231
I      24662     14232
I      15014     14233
I      11327     14234
I      25251     14235
I      20930     14236
I      11654     14237
I       4345     14238
I      31806     14239
I      14393     14240
I      19690     14241
I      10828     14242
I       8393     14243
I      27931     14244
I       8186     14245
I      10234     14246
I      22214     14247
I       2160     14248
I      16944     14249
I      19610     14250
I      22284     14251
I       2276     14252
I      15095     14253
I      26756     14254
I      30763     14255
I      31937     14256
I       8073     14257
I      14225     14258
I      27655     14259
I      27821     14260
I      13667     14261
I      13695     14262
I      29856     14263
I      29995     14264
I       3171     14265
I      22847     14266
I      10011     14267
I       6772     14268
I       3152     14269
I      25060     14270
I       4339     14271
I      32280     14272
I      29010     14273
I       4974     14274
I      25383     14275
I      31816     14276
I       6044     14277
I       1459     14278
I      17677     14279
I      18637     14280
I       5944     14281
I      25620     14282
I      24956     14283
I      24461     14284
I      14756     14285
I       9370     14286
I      30089     14287
I       3360     14288
I       6124     14289
I      13715     14290
I      12328     14291
I      28446     14292
I      15144     14293
I      32685     14294
I      12716     14295
I      25190     14296
I      28392     14297
I      21423     14298
I       8323     14299
I       8103     14300
I      16351     14301
I       4046     14302
I      12921     14303
I      32016     14304
I      10987     14305
I      15943     14306
I      32471     14307
I      14670     14308
I      25556     14309
I       2222     14310
I       8493     14311
I      27181     14312
I       1885     14313
I      13208     14314
I       8885     14315
I      12323     14316
I      20482     14317
I       9859     14318
I       5055     14319
I      12837     14320
I       6353     14321
I      14775     14322
I      28437     14323
I      21823     14324
I      32063     14325
I       8270     14326
I      30471     14327
I      13084     14328
I       3462     14329
I      14108     14330
I      16866     14331
I      14788     14332
I      15688     14333
I      12237     14334
I      16982     14335
I      26410     14336
I      10439     14337
I       6489     14338
I      26290     14339
I      26290     14340
I      14538     14341
I      12555     14342
I      11987     14343
I      23039     14344
I      24404     14345
I       3969     14346
I      15220     14347
I      24758     14348
I      29408     14349
I       9423     14350
I       2913     14351
I      31813     14352
I      17275     14353
I      24841     14354
I       1225     14355
I      27273     14356
I      18762     14357
I      32475     14358
I      30296     14359
I        651     14360
I      13177     14361
I      28775     14362
I      17631     14363
I       5539     14364
I      11392     14365
I       1392     14366
I       1451     14367
I       7427     14368
I      32238     14369
I      26846     14370
I       4274     14371
I       2064     14372
I       2426     14373
I      27505     14374
I       4612     14375
I       6037     14376
I       4213     14377
I      20988     14378
I        262     14379
I        519     14380
I      16421     14381
I      19709     14382
I      22824     14383
I      13730     14384
I       8170     14385
I      25252     14386
I      17508     14387
I      15678     14388
I      29822     14389
I      16957     14390
I      19365     14391
I       3632     14392
I      23330     14393
I      12346     14394
I      30616     14395
I      17421     14396
I      24408     14397
I      25290     14398
I      25605     14399
I      24535     14400
I      28793     14401
I       6032     14402
I      13254     14403
I       8674     14404
I      29985     14405
I       3783     14406
I       9440     14407
I       9517     14408
I      18602     14409
I      12368     14410
I       7109     14411
I      28086     14412
I      21352     14413
I      13597     14414
I      26629     14415
I      29896     14416
I      17166     14417
I      20844     14418
I       2408     14419
I      22742     14420
I      18493     14421
I      28231     14422
I        781     14423
I       8837     14424
I         44     14425
I       4718     14426
I      31994     14427
I       9380     14428
I       8507     14429
I      29369     14430
I      11085     14431
I      24266     14432
I      19812     14433
I      30674     14434
I       6414     14435
I      30963     14436
I       7067     14437
I       4542     14438
I       4738     14439
I      11546     14440
I      26345     14441
I      20552     14442
I      18767     14443
I      11947     14444
I       4742     14445
I      12899     14446
I       8911     14447
I         39     14448
I       9320     14449
I      13526     14450
I      14281     14451
I      11861     14452
I       4658     14453
I        656     14454
I      21688     14455
I       9377     14456
I       1295     14457
I      14194     14458
I      23401     14459
I      16491     14460
I        168     14461
I      23868     14462
I      10937     14463
I      32481     14464
I       6116     14465
I      23281     14466
I       2188     14467
I      30055     14468
I        449     14469
I      30708     14470
I       2878     14471
I       8587     14472
I      22044     14473
I      14643     14474
I      30462     14475
I      28109     14476
I      13280     14477
I      17641     14478
I      22956     14479
I      22460     14480
I      11533     14481
I      11891     14482
I      28280     14483
I       5408     14484
I       9057     14485
I      20426     14486
I      27448     14487
I      18801     14488
I        559     14489
I      31354     14490
I      22308     14491
I      22229     14492
I      18672     14493
I       7149     14494
I      23578     14495
I      14795     14496
I      28839     14497
I      25402     14498
I      29263     14499
I      24978     14500
I      28935     14501
I       7654     14502
I      12594     14503
I       5560     14504
I      19603     14505
I       3440     14506
I      28013     14507
I      27674     14508
I       4120     14509
I      26295     14510
I      20877     14511
I      24533     14512
I      11896     14513
I       2824     14514
I      13299     14515
I       3011     14516
I      24511     14517
I      24319     14518
I      16430     14519
I      14013     14520
I       6250     14521
I      18695     14522
I      31309     14523
I      12611     14524
I      25441     14525
I      23800     14526
I      25715     14527
I      13183     14528
I      25811     14529
I       5890     14530
I      21297     14531
I      15154     14532
I       9505     14533
I      26600     14534
I      31776     14535
I       3630     14536
I       2469     14537
I       3799     14538
I       4081     14539
I       7196     14540
I      31294     14541
I      18067     14542
I      13225     14543
I      16793     14544
I      14371     14545
I      11667     14546
I       3898     14547
I       5493     14548
I       8767     14549
I      26841     14550
I        634     14551
I      15758     14552
I       3921     14553
I       8360     14554
I      19948     14555
I      23343     14556
I      12573     14557
I      18178     14558
I      31099     14559
I      26045     14560
I      28820     14561
I      16460     14562
I      28368     14563
I      17293     14564
I      21028     14565
I      14686     14566
I      27199     14567
I      30069     14568
I        359     14569
I       1235     14570
I       2084     14571
I      11176     14572
I      26309     14573
I      21188     14574
I      26404     14575
I      10463     14576
I      27831     14577
I       8228     14578
I       6525     14579
I        880     14580
I      22021     14581
I      18355     14582
I      15013     14583
I       4276     14584
I      23075     14585
I      22359     14586
I      15758     14587
I      15046     14588
I      22664     14589
I       6449     14590
I       9913     14591
I       9342     14592
I      11958     14593
I      28732     14594
I      31521     14595
I      24331     14596
I       5272     14597
I      15934     14598
I      29834     14599
I      18014     14600
I       5361     14601
I       4713     14602
I       1330     14603
I      25482     14604
I      16611     14605
I      21543     14606
I      21052     14607
I      30494     14608
I       5742     14609
I      23078     14610
I      26930     14611
I       6071     14612
I      20784     14613
I      11269     14614
I      29086     14615
I      11747     14616
I       5023     14617
I       7793     14618
I      19263     14619
I      15573     14620
I       1721     14621
I      27555     14622
I      10257     14623
I      31032     14624
I      17915     14625
I      27162     14626
I       4077     14627
I      13369     14628
I       2336     14629
I       7854     14630
I      30068     14631
I      11321     14632
I       1744     14633
I      31006     14634
I       2085     14635
I       1042     14636
I       7731     14637
I      13125     14638
I      26976     14639
I        688     14640
I       3514     14641
I      20144     14642
I      13517     14643
I      18280     14644
I      20620     14645
I      13224     14646
I      16442     14647
I       2474     14648
I      11890     14649
I       2197     14650
I      17713     14651
I      19728     14652
I      30530     14653
I      12793     14654
I      18796     14655
I      20499     14656
I      32162     14657
I      27827     14658
I      10060     14659
I      28146     14660
I      16461     14661
I      20798     14662
I       9460     14663
I       1275     14664
I       8065     14665
I      24759     14666
I        343     14667
I      28792     14668
I      29081     14669
I      30546     14670
I        906     14671
I      31766     14672
I       4240     14673
I      11585     14674
I      28891     14675
I      27896     14676
I      23578     14677
I      16403     14678
I      13337     14679
I      20880     14680
I      16797     14681
I       5140     14682
I      17171     14683
I      18892     14684
I      22979     14685
I      25875     14686
I      20727     14687
I      24707     14688
I        415     14689
I         16     14690
I      13358     14691
I       8999     14692
I      29707     14693
I      27446     14694
I      13431     14695
I      18750     14696
I      19011     14697
I       3271     14698
I      24642     14699
I       5546     14700
I      13631     14701
I      28060     14702
I      17436     14703
I      20458     14704
I      15827     14705
I      29983     14706
I      29953     14707
I      19041     14708
I       9387     14709
I      20368     14710
I      25131     14711
I      16403     14712
I      30997     14713
I      16545     14714
I      29973     14715
I       8201     14716
I       6816     14717
I       7852     14718
I      10364     14719
I        505     14720
I      21990     14721
I       9258     14722
I       2598     14723
I      11074     14724
I       5476     14725
I        505     14726
I       6958     14727
I      11010     14728
I      16483     14729
I      21557     14730
I      22341     14731
I      22137     14732
I      26283     14733
I      31482     14734
I      12129     14735
I      15939     14736
I      11615     14737
I      17996     14738
I      12096     14739
I      22680     14740
I      10675     14741
I      20441     14742
I       4050     14743
I       4787     14744
I      14599     14745
I       1175     14746
I         26     14747
I       5693     14748
I      20964     14749
I      31694     14750
I       7372     14751
I        993     14752
I      18961     14753
I      14311     14754
I       1719     14755
I        398     14756
I      13578     14757
I      22273     14758
I      12364     14759
I       2736     14760
I      20603     14761
I      28598     14762
I      20852     14763
I      28360     14764
I      30547     14765
I      19907     14766
I      27872     14767
I      10489     14768
I      28090     14769
I      27809     14770
I      14499     14771
I      13436     14772
I       2958     14773
I       4035     14774
I      23374     14775
I       5738     14776
I      14857     14777
I       9593     14778
I       6894     14779
I      31534     14780
I       1335     14781
I       4571     14782
I      18410     14783
I       1666     14784
I      12451     14785
I       8472     14786
I      25611     14787
I      22810     14788
I      20204     14789
I       9395     14790
I       1812     14791
I      23124     14792
I       5260     14793
I      11631     14794
I      19281     14795
I      17337     14796
I      10636     14797
I      31164     14798
I       1506     14799
I      27797     14800
I       1290     14801
I      31757     14802
I      13384     14803
I       1672     14804
I      23519     14805
I      21377     14806
I      22225     14807
I      26017     14808
I      31864     14809
I      30512     14810
I      19167     14811
I       9419     14812
I      10274     14813
I       3261     14814
I        989     14815
I      29483     14816
I      24067     14817
I      22978     14818
I      18962     14819
I       8154     14820
I       3301     14821
I      18852     14822
I      11760     14823
I      23769     14824
I       9596     14825
I      15179     14826
I       1070     14827
I      17689     14828
I      24963     14829
I      28488     14830
I       9511     14831
I       5198     14832
I        835     14833
I       6088     14834
I      22046     14835
I      21593     14836
I      28198     14837
I      29545     14838
I       7255     14839
I      29272     14840
I       9057     14841
I      13148     14842
I      21164     14843
I      24449     14844
I      32153     14845
I       2295     14846
I      22672     14847
I      20722     14848
I       1478     14849
I       4860     14850
I      25998     14851
I      26908     14852
I       3840     14853
I      18188     14854
I      31705     14855
I      18233     14856
I      28429     14857
I      30271     14858
I       3201     14859
I      22799     14860
I       9076     14861
I      22474     14862
I      26853     14863
I       7643     14864
I      23059     14865
I       4340     14866
I      30184     14867
I      16664     14868
I      25589     14869
I       4480     14870
I       7554     14871
I       6970     14872
I      21001     14873
I      16064     14874
I      26373     14875
I       7492     14876
I       2301     14877
I       5506     14878
I       5155     14879
I       7981     14880
I      17649     14881
I       8102     14882
I       7180     14883
I       7226     14884
I      14936     14885
I      15309     14886
I      16985     14887
I      28219     14888
I      25435     14889
I      12189     14890
I      10437     14891
I       9496     14892
I       4894     14893
I      28645     14894
I      24293     14895
I      19620     14896
I      32366     14897
I      18635     14898
I      26565     14899
I      27376     14900
I      12789     14901
I      15858     14902
I      11045     14903
I      30979     14904
I      28482     14905
I      24081     14906
I      21115     14907
I      12270     14908
I      22430     14909
I      29177     14910
I       9015     14911
I       8879     14912
I      20056     14913
I       6444     14914
I       1398     14915
I        965     14916
I      21609     14917
I       3930     14918
I      19671     14919
I      11588     14920
I      29454     14921
I      29560     14922
I       6926     14923
I       8514     14924
I      25063     14925
I      14583     14926
I        976     14927
I       9909     14928
I      30598     14929
I       6319     14930
I      11899     14931
I      10516     14932
I       4463     14933
I      31508     14934
I      32477     14935
I         72     14936
I       1670     14937
I       9093     14938
I      17385     14939
I      24548     14940
I      11253     14941
I      11437     14942
I      13097     14943
I       4226     14944
I      10162     14945
I      19941     14946
I       9446     14947
I      18335     14948
I      13163     14949
I      26149     14950
I      12742     14951
I      16117     14952
I      10680     14953
I      26282     14954
I      30571     14955
I       1649     14956
I       5804     14957
I      23551     14958
I      31531     14959
I      24292     14960
I      18849     14961
I       3407     14962
I      17029     14963
I      19768     14964
I      14917     14965
I      16361     14966
I       1837     14967
I       2450     14968
I       1479     14969
I      24905     14970
I      18881     14971
I       5328     14972
I      29953     14973
I       7739     14974
I      13327     14975
I      31829     14976
I       2436     14977
I      25665     14978
I       2783     14979
I      24736     14980
I      16963     14981
I       3586     14982
I      13755     14983
I       3720     14984
I       8536     14985
I       7330     14986
I      13523     14987
I       6120     14988
I       4814     14989
I      15398     14990
I      28094     14991
I       8008     14992
I       5041     14993
I       4417     14994
I      19634     14995
I      19539     14996
I      32595     14997
I      25319     14998
I      17667     14999
I      24772     15000
I      31402     15001
I       1253     15002
I      22951     15003
I      27381     15004
I      11687     15005
I       6250     15006
I      14399     15007
I       2578     15008
I      18150     15009
I       6681     15010
I      26591     15011
I       4234     15012
I       4851     15013
I       8839     15014
I      15317     15015
I       6905     15016
I      20845     15017
I      12389     15018
I      24169     15019
I      30844     15020
I      22031     15021
I       8778     15022
I       4958     15023
I       1223     15024
I      27040     15025
I       8202     15026
I      23108     15027
I      25000     15028
I      10712     15029
I       6465     15030
I       9414     15031
I        132     15032
I      27285     15033
I      24440     15034
I        815     15035
I      22092     15036
I      14406     15037
I      26744     15038
I      19889     15039
I      18201     15040
I      19337     15041
I       7754     15042
I       5078     15043
I      24921     15044
I        642     15045
I      29100     15046
I      31087     15047
I      24136     15048
I       8559     15049
I      12826     15050
I       2865     15051
I      18547     15052
I      16222     15053
I      22765     15054
I       9196     15055
I      24753     15056
I      29259     15057
I      14790     15058
I       9325     15059
I       4448     15060
I      31822     15061
I       4294     15062
I       4271     15063
I      16927     15064
I       6233     15065
I      16594     15066
I      20933     15067
I      21836     15068
I      26802     15069
I      28363     15070
I      23551     15071
I      11298     15072
I       9205     15073
I      23899     15074
I      30322     15075
I      19682     15076
I       6089     15077
I       7076     15078
I      25935     15079
I      28280     15080
I       4135     15081
I      23768     15082
I      27429     15083
I       6192     15084
I      28344     15085
I      29380     15086
I      23406     15087
I      10155     15088
I      27515     15089
I      30235     15090
I      32265     15091
I      28872     15092
I       2126     15093
I      22419     15094
I        993     15095
I       5243     15096
I       5310     15097
I       2173     15098
I       6957     15099
I      27747     15100
I      22703     15101
I      29363     15102
I      31664     15103
I      26332     15104
I      14466     15105
I      10739     15106
I       5887     15107
I      21154     15108
I      11080     15109
I      10412     15110
I      31368     15111
I      31987     15112
I       2258     15113
I      27902     15114
I       3800     15115
I      19111     15116
I      15500     15117
I      19941     15118
I       5252     15119
I       7746     15120
I      29054     15121
I        110     15122
I       2103     15123
I      18832     15124
I      12827     15125
I       5993     15126
I       8413     15127
I       9159     15128
I      30428     15129
I      21124     15130
I      24038     15131
I       7900     15132
I      12651     15133
I      12330     15134
I      22098     15135
I       1376     15136
I       5404     15137
I      20481     15138
I      29842     15139
I      19105     15140
I        236     15141
I       3304     15142
I      13353     15143
I      20394     15144
I       4934     15145
I       3149     15146
I      31726     15147
I      32429     15148
I      31608     15149
I      11723     15150
I       7731     15151
I      15229     15152
I       7048     15153
I      21233     15154
I       8304     15155
I      10219     15156
I      12935     15157
I      27858     15158
I      29234     15159
I      20917     15160
I       6603     15161
I      15257     15162
I      27758     15163
I      23654     15164
I      13156     15165
I       4997     15166
I      11861     15167
I      30514     15168
I      26830     15169
I      15223     15170
I      28349     15171
I      19777     15172
I       4987     15173
I      26505     15174
I      24811     15175
I      24847     15176
I      16709     15177
I      12062     15178
I      17057     15179
I      22138     15180
I      21664     15181
I      19272     15182
I      23313     15183
I      21297     15184
I      15435     15185
I       4634     15186
I      13009     15187
I       8094     15188
I      23907     15189
I      11763     15190
I       5993     15191
I      11741     15192
I      11278     15193
I      25847     15194
I       9755     15195
I       7451     15196
I      14504     15197
I      20688     15198
I      26060     15199
I       1795     15200
I      17699     15201
I       5406     15202
I      23275     15203
I      20233     15204
I       2607     15205
I      28981     15206
I      17790     15207
I      24065     15208
I      31215     15209
I      12231     15210
I      17463     15211
I      30974     15212
I      32053     15213
I      22510     15214
I      28862     15215
I      32666     15216
I      13950     15217
I      27208     15218
I      25046     15219
I       7467     15220
I       5669     15221
I       3228     15222
I      14340     15223
I      18753     15224
I       2546     15225
I      25051     15226
I      20672     15227
I       4593     15228
I      19705     15229
I       4597     15230
I      14356     15231
I      13959     15232
I      21821     15233
I      13293     15234
I      28380     15235
I      13618     15236
I      24076     15237
I      18798     15238
I       3779     15239
I      12336     15240
I      15905     15241
I      24195     15242
I       1710     15243
I      29255     15244
I       7301     15245
I      16161     15246
I       9930     15247
I      16036     15248
I      10475     15249
I       5256     15250
I      21676     15251
I       6847     15252
I       8602     15253
I       4146     15254
I      10295     15255
I       4999     15256
I      10055     15257
I        187     15258
I      18613     15259
I      27947     15260
I      28452     15261
I      12238     15262
I      25791     15263
I      14512     15264
I       1618     15265
I      11332     15266
I      10188     15267
I      26242     15268
I      26108     15269
I      26302     15270
I      12467     15271
I      30996     15272
I      32536     15273
I      17459     15274
I      29586     15275
I      16413     15276
I       9673     15277
I       2356     15278
I      26794     15279
I      26139     15280
I       2140     15281
I       8134     15282
I      15883     15283
I      20920     15284
I      22882     15285
I      24725     15286
I       7606     15287
I      17113     15288
I       3241     15289
I      13454     15290
I      27084     15291
I       5622     15292
I      21017     15293
I         94     15294
I      30767     15295
I      12173     15296
I      13639     15297
I      16001     15298
I      22576     15299
I       3095     15300
I      20357     15301
I      16829     15302
I      16159     15303
I      22852     15304
I       6155     15305
I      30029     15306
I      12606     15307
I      10663     15308
I      28364     15309
I       2633     15310
I      10503     15311
I        596     15312
I       6619     15313
I      19959     15314
I      20201     15315
I      11950     15316
I      12693     15317
I      30219     15318
I       4549     15319
I      25347     15320
I       4987     15321
I       1187     15322
I       8818     15323
I      23674     15324
I      27747     15325
I      14550     15326
I       9844     15327
I      23938     15328
I      20528     15329
I      17716     15330
I      20085     15331
I      29538     15332
I       5248     15333
I      29367     15334
I      17690     15335
I       7451     15336
I      25478     15337
I      18146     15338
I       9139     15339
I      13851     15340
I      29072     15341
I      11673     15342
I      20258     15343
I       9837     15344
I      29846     15345
I      30262     15346
I       2498     15347
I        475     15348
I      12052     15349
I      27514     15350
I      30910     15351
I      14991     15352
I      15789     15353
I      25186     15354
I      15855     15355
I      21841     15356
I       1121     15357
I       6393     15358
I      16950     15359
I       9220     15360
I      21726     15361
I      30515     15362
I      31799     15363
I      25603     15364
I       8918     15365
I       1144     15366
I      30120     15367
I       3974     15368
I       4180     15369
I      31955     15370
I      20955     15371
I      18358     15372
I      23690     15373
I      25176     15374
I       5373     15375
I      27620     15376
I      12799     15377
I      16024     15378
I      12153     15379
I       4843     15380
I       4722     15381
I      10905     15382
I      18479     15383
I      28296     15384
I      32355     15385
I      12547     15386
I      11111     15387
I      13772     15388
I      32206     15389
I      14689     15390
I       6592     15391
I       7830     15392
I      19646     15393
I      12312     15394
I       8932     15395
I      18636     15396
I      11903     15397
I      11018     15398
I      28874     15399
I       2567     15400
I      26790     15401
I      24525     15402
I      13043     15403
I      12527     15404
I       7124     15405
I       5894     15406
I      18645     15407
I       5825     15408
I      12943     15409
I      13719     15410
I      30278     15411
I      31473     15412
I       4817     15413
I      25741     15414
I      31974     15415
I      24049     15416
I      23344     15417
I       1388     15418
I      15127     15419
I       1222     15420
I      15993     15421
I      21213     15422
I      18597     15423
I       6087     15424
I      25577     15425
I      31298     15426
I       2207     15427
I      21567     15428
I      25435     15429
I      22394     15430
I       4600     15431
I      11117     15432
I      13160     15433
I       9993     15434
I      18328     15435
I       8996     15436
I      13897     15437
I      20673     15438
I      11879     15439
I      15692     15440
I      10136     15441
I      22694     15442
I       6096     15443
I      10011     15444
I      24631     15445
I      12427     15446
I      19356     15447
I      10526     15448
I      16241     15449
I      24955     15450
I      16575     15451
I      20089     15452
I      13680     15453
I      17075     15454
I      13841     15455
I       6582     15456
I      19997     15457
I      10835     15458
I      22877     15459
I       5553     15460
I       1181     15461
I      19849     15462
I      29836     15463
I      32342     15464
I      10791     15465
I       8329     15466
I       6225     15467
I      29069     15468
I      17267     15469
I      27287     15470
I      20112     15471
I      30310     15472
I      13157     15473
I      20977     15474
I       2983     15475
I      29902     15476
I       7979     15477
I       4971     15478
I      16237     15479
I      26767     15480
I      26601     15481
I      10941     15482
I      10014     15483
I       4002     15484
I       6257     15485
I      14782     15486
I      22756     15487
I       3666     15488
I       2126     15489
I      17674     15490
I       1864     15491
I      20012     15492
I       6695     15493
I       5418     15494
I       9329     15495
I      23996     15496
I      22246     15497
I      27182     15498
I       1592     15499
I       2462     15500
I      20754     15501
I      21301     15502
I       5516     15503
I      14760     15504
I      26384     15505
I      13822     15506
I      10793     15507
I      18204     15508
I      15515     15509
I      18939     15510
I      17905     15511
I      16325     15512
I      15744     15513
I      28726     15514
I      12916     15515
I      23850     15516
I      24691     15517
I      21711     15518
I      19913     15519
I      24767     15520
I      27393     15521
I      18326     15522
I      12654     15523
I       9611     15524
I      30923     15525
I      24843     15526
I      18796     15527
I      10721     15528
I       1575     15529
I      19871     15530
I      32145     15531
I       5146     15532
I       2959     15533
I      21937     15534
I      28847     15535
I      17821     15536
I      10166     15537
I      24531     15538
I       3952     15539
I       3938     15540
I       9325     15541
I      17901     15542
I      20001     15543
I      31357     15544
I       1150     15545
I      32436     15546
I       4760     15547
I      28360     15548
I      12199     15549
I       6777     15550
I      19645     15551
I      21978     15552
I       4612     15553
I      15917     15554
I        861     15555
I      28758     15556
I      27844     15557
I      21929     15558
I       9885     15559
I      17243     15560
I      24426     15561
I      29813     15562
I      30178     15563
I      32353     15564
I       1490     15565
I       8078     15566
I      14655     15567
I       8941     15568
I      11102     15569
I      23307     15570
I      24798     15571
I      28860     15572
I       5059     15573
I       5358     15574
I      18521     15575
I      19268     15576
I      26728     15577
I      31064     15578
I      12077     15579
I      12471     15580
I      14685     15581
I      19393     15582
I       1052     15583
I       6087     15584
I        239     15585
I       8597     15586
I      23045     15587
I      32447     15588
I      25437     15589
I      24177     15590
I      23812     15591
I      28968     15592
I      25657     15593
I      17363     15594
I       6273     15595
I      24715     15596
I      22632     15597
I      14841     15598
I       3676     15599
I      31904     15600
I       3906     15601
I        228     15602
I       7041     15603
I         74     15604
I      32682     15605
I      16394     15606
I      23943     15607
I       2524     15608
I       2062     15609
I      25227     15610
I      22058     15611
I      14608     15612
I      26265     15613
I      14199     15614
I       8280     15615
I       2701     15616
I       1464     15617
I      13216     15618
I      10144     15619
I        449     15620
I      19660     15621
I      25160     15622
I      12481     15623
I      26294     15624
I      23897     15625
I      10416     15626
I      11199     15627
I      30900     15628
I      24625     15629
I      12219     15630
I      32005     15631
I      12160     15632
I      13561     15633
I      23376     15634
I      21419     15635
I      29790     15636
I      28173     15637
I       3695     15638
I        347     15639
I      17915     15640
I       3333     15641
I      26572     15642
I      26648     15643
I       5892     15644
I      21142     15645
I       6067     15646
I      11083     15647
I      18363     15648
I       4187     15649
I      20726     15650
I      15905     15651
I      21864     15652
I      16616     15653
I      24889     15654
I      23654     15655
I      12780     15656
I      21093     15657
I      28787     15658
I      23080     15659
I      20278     15660
I       5580     15661
I      17202     15662
I       3034     15663
I      19674     15664
I      25778     15665
I      26350     15666
I      31087     15667
I      12012     15668
I      23571     15669
I      16659     15670
I      26281     15671
I      29698     15672
I      26700     15673
I      21094     15674
I      14198     15675
I      25768     15676
I      19568     15677
I      31263     15678
I      27918     15679
I       2593     15680
I      27903     15681
I      19686     15682
I       7476     15683
I      19118     15684
I        954     15685
I      15622     15686
I      28016     15687
I      25428     15688
I      21446     15689
I      26908     15690
I      15605     15691
I      18742     15692
I      21408     15693
I      27686     15694
I      19878     15695
I      17137     15696
I      27975     15697
I      29980     15698
I      12122     15699
I      22229     15700
I       5303     15701
I      14001     15702
I      14395     15703
I      14353     15704
I      13973     15705
I      31119     15706
I      22481     15707
I      18247     15708
I       4950     15709
I       4352     15710
I      19383     15711
I      26770     15712
I      24628     15713
I       4893     15714
I       7944     15715
I      20468     15716
I        450     15717
I       7749     15718
I      12344     15719
I      16332     15720
I      25259     15721
I      23829     15722
I       6954     15723
I       7370     15724
I      23392     15725
I       2527     15726
I       8219     15727
I       8942     15728
I      27334     15729
I      32380     15730
I      23107     15731
I      29527     15732
I      25795     15733
I      10993     15734
I      14177     15735
I       5148     15736
I       8072     15737
I       7351     15738
I      17041     15739
I       2921     15740
I      16775     15741
I      15045     15742
I      27656     15743
I       7754     15744
I       7614     15745
I      12441     15746
I       6435     15747
I       1259     15748
I       8488     15749
I      29407     15750
I      21418     15751
I      13277     15752
I      15194     15753
I       9164     15754
I      19641     15755
I      11134     15756
I      20280     15757
I      20024     15758
I       1524     15759
I      14519     15760
I      13578     15761
I       1484     15762
I      12586     15763
I      23886     15764
I      10838     15765
I      12617     15766
I      24268     15767
I      23558     15768
I      17491     15769
I       1094     15770
I       9485     15771
I      26021     15772
I      21804     15773
I      18115     15774
I      15842     15775
I       9246     15776
I      21863     15777
I      12606     15778
I       9129     15779
I      15548     15780
I      14599     15781
I      28797     15782
I       1299     15783
I      10590     15784
I      22465     15785
I      20944     15786
I      15149     15787
I      30108     15788
I       9857     15789
I      21680     15790
I       2458     15791
I      15260     15792
I       6552     15793
I      23021     15794
I        474     15795
I      32570     15796
I       3003     15797
I      13247     15798
I      32326     15799
I      25564     15800
I       9421     15801
I      20222     15802
I      18513     15803
I      25165     15804
I      19615     15805
I      23570     15806
I      12907     15807
I       1803     15808
I      11850     15809
I       7131     15810
I      31701     15811
I      22060     15812
I      16095     15813
I      31755     15814
I         33     15815
I      14199     15816
I      19150     15817
I       2697     15818
I      30416     15819
I       6951     15820
I      26531     15821
I      15182     15822
I       8723     15823
I       6573     15824
I       1210     15825
I      19734     15826
I      21815     15827
I      21028     15828
I       2575     15829
I      10862     15830
I      23171     15831
I       8775     15832
I      28816     15833
I       1423     15834
I      24067     15835
I      31221     15836
I      21796     15837
I      24568     15838
I       3080     15839
I       9036     15840
I      20086     15841
I      25312     15842
I      12745     15843
I        847     15844
I        629     15845
I       5315     15846
I      13620     15847
I      14875     15848
I       6030     15849
I       7539     15850
I       8043     15851
I       6322     15852
I      29653     15853
I       2033     15854
I      26814     15855
I      12699     15856
I      19319     15857
I      31492     15858
I      24633     15859
I      25198     15860
I      31420     15861
I      17474     15862
I      15577     15863
I       4340     15864
I      22147     15865
I      30499     15866
I       9423     15867
I      22299     15868
I       1217     15869
I       3979     15870
I       9831     15871
I      16979     15872
I       5786     15873
I       8643     15874
I      16107     15875
I      15547     15876
I      19522     15877
I      19908     15878
I       3492     15879
I      27649     15880
I      26323     15881
I      27109     15882
I      21011     15883
I       4122     15884
I      22447     15885
I      25391     15886
I      26558     15887
I      14063     15888
I        935     15889
I      11961     15890
I       8265     15891
I      29715     15892
I       9219     15893
I      11963     15894
I      14213     15895
I       6405     15896
I      15567     15897
I      15726     15898
I      30296     15899
I      25285     15900
I       6457     15901
I      24319     15902
I       2200     15903
I      30971     15904
I      18923     15905
I       1451     15906
I      11501     15907
I      24098     15908
I       7537     15909
I      28000     15910
I       8118     15911
I       4042     15912
I       7441     15913
I      21286     15914
I      18649     15915
I      18241     15916
I       2161     15917
I      25852     15918
I       5606     15919
I      16033     15920
I      20470     15921
I      19938     15922
I      18135     15923
I       7289     15924
I      22470     15925
I      10611     15926
I       5950     15927
I      17116     15928
I      15567     15929
I      15904     15930
I      16198     15931
I      11889     15932
I      20450     15933
I      14072     15934
I      10074     15935
I      21557     15936
I      17521     15937
I      26928     15938
I       4007     15939
I      24440     15940
I      10732     15941
I      31021     15942
I      22355     15943
I      20903     15944
I      17070     15945
I        220     15946
I      17812     15947
I      24978     15948
I       7256     15949
I       7722     15950
I      12091     15951
I      18381     15952
I      12112     15953
I       7400     15954
I      16898     15955
I       9294     15956
I      28723     15957
I       6280     15958
I       2556     15959
I      23596     15960
I      29459     15961
I      26496     15962
I       9313     15963
I      30902     15964
I       3939     15965
I      28780     15966
I      16145     15967
I      27739     15968
I        994     15969
I       6096     15970
I      28846     15971
I      18983     15972
I      30530     15973
I       2207     15974
I      22351     15975
I      22594     15976
I       6753     15977
I      29295     15978
I       4809     15979
I      21331     15980
I      27599     15981
I       2555     15982
I      24262     15983
I      20834     15984
I       4638     15985
I      20360     15986
I      21181     15987
I      15620     15988
I       5602     15989
I      25581     15990
I      18851     15991
I      14379     15992
I      15016     15993
I      19887     15994
I      27697     15995
I      13745     15996
I      21222     15997
I      21893     15998
I      27281     15999
I       2481     16000
I      14775     16001
I       2057     16002
I       5823     16003
I       4225     16004
I       5190     16005
I      21172     16006
I      22537     16007
I       3273     16008
I       3817     16009
I      24963     16010
I       7961     16011
I       1753     16012
I      19251     16013
I      21455     16014
I      29621     16015
I      20242     16016
I      26695     16017
I      21126     16018
I      26179     16019
I       6999     16020
I       2898     16021
I      16170     16022
I      10137     16023
I      20489     16024
I      29727     16025
I       9353     16026
I       2200     16027
I        284     16028
I      30937     16029
I       8626     16030
I       2222     16031
I       8356     16032
I      24543     16033
I      21466     16034
I      10333     16035
I      23448     16036
I      15285     16037
I      23610     16038
I      12616     16039
I      17189     16040
I      21773     16041
I      29865     16042
I      22910     16043
I       3786     16044
I      10444     16045
I       1328     16046
I       1664     16047
I        747     16048
I      30690     16049
I      17909     16050
I      12811     16051
I      14549     16052
I      31781     16053
I      32010     16054
I      27920     16055
I       4442     16056
I      29902     16057
I      23779     16058
I      22448     16059
I      11574     16060
I      22624     16061
I      24819     16062
I       4136     16063
I       2376     16064
I       9674     16065
I       2871     16066
I      26576     16067
I       2128     16068
I         33     16069
I       4741     16070
I       1991     16071
I      15548     16072
I       6706     16073
I      28759     16074
I       2775     16075
I        337     16076
I       6423     16077
I       9839     16078
I       1260     16079
I      18394     16080
I      14790     16081
I      13431     16082
I      22902     16083
I      30584     16084
I      12408     16085
I       3269     16086
I      25511     16087
I      10758     16088
I      24756     16089
I      17492     16090
I      32531     16091
I      18901     16092
I        561     16093
I       5302     16094
I      29130     16095
I      29498     16096
I      30931     16097
I      26390     16098
I      24141     16099
I         90     16100
I      26042     16101
I      10934     16102
I      18607     16103
I       7410     16104
I      18088     16105
I      20546     16106
I       9419     16107
I      27691     16108
I      21972     16109
I      22979     16110
I      10315     16111
I      24923     16112
I       7957     16113
I      30890     16114
I      21887     16115
I      31454     16116
I      16249     16117
I       4971     16118
I      16657     16119
I       7088     16120
I       1250     16121
I       8330     16122
I       2907     16123
I      28390     16124
I      24308     16125
I      27804     16126
I      14557     16127
I      24391     16128
I       8031     16129
I       8754     16130
I      28439     16131
I      13301     16132
I      24772     16133
I      18498     16134
I       1037     16135
I      29796     16136
I      17369     16137
I      31150     16138
I       1529     16139
I      14322     16140
I      32631     16141
I      20030     16142
I      20606     16143
I      30502     16144
I        893     16145
I      29201     16146
I      10094     16147
I      27540     16148
I       9875     16149
I      10731     16150
I      27529     16151
I      27455     16152
I      10909     16153
I      16671     16154
I       6776     16155
I      15408     16156
I      30262     16157
I      31009     16158
I       6192     16159
I      13472     16160
I      16768     16161
I      25134     16162
I        665     16163
I      18907     16164
I      26999     16165
I       2277     16166
I      26974     16167
I       7337     16168
I      24286     16169
I      15540     16170
I      11645     16171
I      22222     16172
I      12659     16173
I       1472     16174
I      25883     16175
I       7456     16176
I      31071     16177
I        754     16178
I      29822     16179
I       9487     16180
I      31871     16181
I       2862     16182
I       3488     16183
I      26834     16184
I      14233     16185
I      21293     16186
I      31674     16187
I      23299     16188
I       9077     16189
I      16441     16190
I      13002     16191
I       9491     16192
I       7657     16193
I      22342     16194
I       7332     16195
I       9264     16196
I       9369     16197
I       2494     16198
I       7247     16199
I       6333     16200
I       4122     16201
I       6372     16202
I       7239     16203
I       2947     16204
I      20968     16205
I        149     16206
I      13703     16207
I      11264     16208
I      14284     16209
I      22072     16210
I       2011     16211
I      10594     16212
I      16763     16213
I      28414     16214
I       8305     16215
I      21532     16216
I       1352     16217
I      30087     16218
I      26976     16219
I      25572     16220
I      19371     16221
I      31601     16222
I      23992     16223
I      22182     16224
I      18867     16225
I      27373     16226
I      21095     16227
I      18891     16228
I      27850     16229
I      15967     16230
I       8799     16231
I       4612     16232
I       5357     16233
I      18245     16234
I       3896     16235
I      21298     16236
I      10683     16237
I       7519     16238
I      30282     16239
I      18758     16240
I      19310     16241
I      19270     16242
I       7015     16243
I      17300     16244
I      15241     16245
I       1587     16246
I       6088     16247
I      15716     16248
I      16531     16249
I      11094     16250
I      20440     16251
I      25523     16252
I      30396     16253
I      11682     16254
I      18679     16255
I      22033     16256
I      17852     16257
I       4225     16258
I      17560     16259
I      22403     16260
I      20473     16261
I       2874     16262
I       5975     16263
I      25914     16264
I      12990     16265
I      25328     16266
I       6398     16267
I      15169     16268
I      19328     16269
I      13426     16270
I      30119     16271
I      12623     16272
I      31275     16273
I      11648     16274
I      15050     16275
I       4821     16276
I      14202     16277
I       5176     16278
I      32411     16279
I        632     16280
I      18443     16281
I      21602     16282
I      19318     16283
I       1331     16284
I       8535     16285
I       4983     16286
I       6971     16287
I       5649     16288
I      11406     16289
I      21137     16290
I      26825     16291
I      19737     16292
I      22414     16293
I      23694     16294
I      10556     16295
I      12324     16296
I      29926     16297
I      30535     16298
I      29600     16299
I       5723     16300
I      27375     16301
I      17213     16302
I      19391     16303
I      26792     16304
I       3758     16305
I      15491     16306
I       3923     16307
I       7821     16308
I      14690     16309
I      15213     16310
I      23752     16311
I      19977     16312
I      26352     16313
I      10027     16314
I      25354     16315
I       2905     16316
I      28923     16317
I       7385     16318
I       5715     16319
I       2065     16320
I       4893     16321
I      27983     16322
I      15218     16323
I      21230     16324
I      31828     16325
I      12272     16326
I      30676     16327
I       1023     16328
I       2600     16329
I      23261     16330
I      23973     16331
I        531     16332
I      10013     16333
I      12049     16334
I      32114     16335
I       5846     16336
I      10588     16337
I       5647     16338
I      15755     16339
I      18853     16340
I      21496     16341
I      13734     16342
I       9002     16343
I       7881     16344
I      27473     16345
I       6101     16346
I      22756     16347
I      23193     16348
I      14503     16349
I      20743     16350
I       4238     16351
I      26981     16352
I        371     16353
I      23864     16354
I      29199     16355
I      12373     16356
I      21229     16357
I       5385     16358
I      28663     16359
I      23096     16360
I       2903     16361
I      32103     16362
I       2290     16363
I      20047     16364
I      12802     16365
I      32659     16366
I      14401     16367
I       8978     16368
I      12414     16369
I       6800     16370
I      29800     16371
I      19928     16372
I      31971     16373
I      10525     16374
I       6632     16375
I      28380     16376
I      18530     16377
I      12541     16378
I      17754     16379
I       1637     16380
I      23421     16381
I      32385     16382
I       3969     16383
I      24907     16384
I      13881     16385
I      31631     16386
I      31880     16387
I      18098     16388
I      14746     16389
I        304     16390
I      23897     16391
I      10784     16392
I       1967     16393
I      10785     16394
I      25223     16395
I      19816     16396
I      26268     16397
I      22543     16398
I       8248     16399
I      23951     16400
I      29054     16401
I       5501     16402
I       1360     16403
I      13723     16404
I      14558     16405
I      18151     16406
I      31927     16407
I      10790     16408
I      30819     16409
I      18445     16410
I      17474     16411
I      15798     16412
I      31328     16413
I       6891     16414
I      13642     16415
I       4256     16416
I       8687     16417
I      14317     16418
I      20383     16419
I      30895     16420
I      19861     16421
I      23626     16422
I      13405     16423
I      26555     16424
I      22539     16425
I      27422     16426
I      20772     16427
I      19456     16428
I       9131     16429
I      12766     16430
I      28056     16431
I      15823     16432
I      30313     16433
I      13262     16434
I       2454     16435
I      13380     16436
I      27885     16437
I        613     16438
I       3106     16439
I      15687     16440
I      30678     16441
I      12613     16442
I       3567     16443
I      12600     16444
I       6080     16445
I      16055     16446
I       4373     16447
I      25472     16448
I      31852     16449
I      25668     16450
I       4631     16451
I      18727     16452
I      30539     16453
I       8697     16454
I      12745     16455
I      28610     16456
I      27726     16457
I      25717     16458
I      17901     16459
I       5286     16460
I       7711     16461
I      11361     16462
I      30799     16463
I      22548     16464
I      14994     16465
I      24810     16466
I      15912     16467
I       9070     16468
I      26793     16469
I      15555     16470
I      18696     16471
I      11647     16472
I      19061     16473
I      10409     16474
I      25431     16475
I      20861     16476
I       3381     16477
I      14722     16478
I       2126     16479
I      26610     16480
I       4994     16481
I      26000     16482
I       6770     16483
I      15965     16484
I       2303     16485
I      23667     16486
I      17305     16487
I        872     16488
I       3879     16489
I       7604     16490
I      10909     16491
I      27520     16492
I      11919     16493
I      19392     16494
I       1532     16495
I      28337     16496
I      25382     16497
I       2207     16498
I       4496     16499
I      22864     16500
I      22838     16501
I        184     16502
I      19033     16503
I      14719     16504
I      11944     16505
I       5545     16506
I      31419     16507
I       1083     16508
I        152     16509
I       1535     16510
I      14451     16511
I      30071     16512
I      17786     16513
I      14003     16514
I       6380     16515
I      27206     16516
I       6926     16517
I       6892     16518
I      24166     16519
I      32382     16520
I      21358     16521
I      18447     16522
I      11407     16523
I      22415     16524
I      18701     16525
I      10078     16526
I       2117     16527
I      18745     16528
I      15554     16529
I      13215     16530
I       6051     16531
I      21393     16532
I      12636     16533
I      30993     16534
I      20123     16535
I      18398     16536
I      29575     16537
I      30839     16538
I       8681     16539
I      25795     16540
I      12686     16541
I       6968     16542
I      31209     16543
I      15075     16544
I      29849     16545
I      15091     16546
I      22770     16547
I      32437     16548
I      11031     16549
I      12091     16550
I      32657     16551
I      22625     16552
I      13213     16553
I      17543     16554
I      19817     16555
I       1011     16556
I      30956     16557
I      29847     16558
I      19447     16559
I      18286     16560
I      23839     16561
I      15240     16562
I      27176     16563
I      15001     16564
I      12807     16565
I      30696     16566
I      15994     16567
I       3976     16568
I      14724     16569
I      14249     16570
I      16044     16571
I      18047     16572
I       5058     16573
I      29707     16574
I      17872     16575
I       4490     16576
I      14633     16577
I       4434     16578
I       2102     16579
I       9921     16580
I      30939     16581
I      25443     16582
I       4456     16583
I       9743     16584
I      23408     16585
I      11511     16586
I      12231     16587
I      23384     16588
I       2822     16589
I       5715     16590
I       1034     16591
I      23967     16592
I      24512     16593
I      16323     16594
I      15132     16595
I       8391     16596
I      13753     16597
I      11567     16598
I      27691     16599
I      21626     16600
I       5682     16601
I      12784     16602
I      28732     16603
I      24709     16604
I      25682     16605
I      12928     16606
I      12421     16607
I      21333     16608
I       4586     16609
I      12674     16610
I       3524     16611
I      32592     16612
I      19884     16613
I      17707     16614
I      28381     16615
I       4011     16616
I      30903     16617
I      31743     16618
I        958     16619
I      28840     16620
I       2759     16621
I      28695     16622
I       2203     16623
I      16075     16624
I      19078     16625
I      19417     16626
I      16697     16627
I      28202     16628
I      22803     16629
I      18093     16630
I      10614     16631
I      30896     16632
I      25663     16633
I      22357     16634
I      28561     16635
I      11887     16636
I      31976     16637
I      25212     16638
I      28757     16639
I      12516     16640
I      17212     16641
I      18994     16642
I       4966     16643
I       2974     16644
I       2773     16645
I      19575     16646
I      17123     16647
I       8309     16648
I      10596     16649
I      18357     16650
I      30680     16651
I        948     16652
I       2774     16653
I       6936     16654
I       9274     16655
I       7828     16656
I       3758     16657
I       3475     16658
I      12732     16659
I      16838     16660
I      24429     16661
I       1245     16662
I      29547     16663
I      27293     16664
I      18131     16665
I       8545     16666
I      20966     16667
I      11539     16668
I      14833     16669
I      31291     16670
I      25535     16671
I      28711     16672
I      18246     16673
I      17656     16674
I       7800     16675
I       3507     16676
I       5614     16677
I      29941     16678
I       1026     16679
I      27686     16680
I       6484     16681
I      27686     16682
I      11908     16683
I      24136     16684
I      32536     16685
I      27134     16686
I      18882     16687
I      11788     16688
I      10247     16689
I       8663     16690
I      15558     16691
I      24454     16692
I        472     16693
I      24543     16694
I      22111     16695
I      24999     16696
I      14486     16697
I       1871     16698
I      31541     16699
I      31408     16700
I      26234     16701
I      28000     16702
I      26330     16703
I        929     16704
I      16122     16705
I      22035     16706
I       9535     16707
I       7053     16708
I      31925     16709
I      15235     16710
I      13868     16711
I      26170     16712
I       3596     16713
I      29025     16714
I      20477     16715
I      20179     16716
I       8636     16717
I      12800     16718
I       7157     16719
I      24287     16720
I       3590     16721
I      21540     16722
I      12679     16723
I      30840     16724
I      25428     16725
I       5347     16726
I      25830     16727
I      12408     16728
I      16448     16729
I      26528     16730
I       2139     16731
I      12112     16732
I      28035     16733
I      26696     16734
I      16857     16735
I       5001     16736
I       9483     16737
I      26613     16738
I        234     16739
I      20242     16740
I      22471     16741
I      21981     16742
I       9654     16743
I      30219     16744
I       6862     16745
I       5641     16746
I      31781     16747
I      24327     16748
I       4609     16749
I      27328     16750
I      23639     16751
I      10947     16752
I      28895     16753
I       4741     16754
I      13612     16755
I      25670     16756
I      30676     16757
I       1489     16758
I      20392     16759
I       7321     16760
I      32220     16761
I      30132     16762
I      30044     16763
I      29252     16764
I      22405     16765
I      31190     16766
I      11804     16767
I      27092     16768
I      22490     16769
I      11299     16770
I         20     16771
I      20756     16772
I      32582     16773
I      20062     16774
I      25784     16775
I       3149     16776
I      28832     16777
I       5790     16778
I       7541     16779
I      15426     16780
I       4136     16781
I       3985     16782
I        388     16783
I      14936     16784
I       4844     16785
I      17593     16786
I        836     16787
I      16859     16788
I       5425     16789
I      24078     16790
I      18528     16791
I       3489     16792
I       4828     16793
I      29786     16794
I       2801     16795
I      31802     16796
I      10495     16797
I      20260     16798
I      21497     16799
I      17000     16800
I       1595     16801
I      16932     16802
I      31364     16803
I      10033     16804
I       1672     16805
I      25462     16806
I       1878     16807
I       5388     16808
I      15046     16809
I      25889     16810
I        457     16811
I       4082     16812
I      22820     16813
I      31346     16814
I      17707     16815
I       5950     16816
I      28757     16817
I      19512     16818
I      15671     16819
I       2209     16820
I      20804     16821
I      24282     16822
I       9104     16823
I      17897     16824
I      13394     16825
I      24508     16826
I      24265     16827
I      10649     16828
I       6311     16829
I       1764     16830
I      16625     16831
I       6512     16832
I      20182     16833
I       6029     16834
I      23358     16835
I      16658     16836
I       7582     16837
I       5721     16838
I      23240     16839
I      29943     16840
I      22690     16841
I      14293     16842
I      28425     16843
I       1403     16844
I       4244     16845
I       4180     16846
I       4437     16847
I      25076     16848
I       3080     16849
I      18390     16850
I       5121     16851
I      21795     16852
I      26293     16853
I      21089     16854
I      16179     16855
I      12111     16856
I       9365     16857
I      19132     16858
I      26730     16859
I      23691     16860
I       1683     16861
I      32543     16862
I      14643     16863
I      14031     16864
I      15431     16865
I       1059     16866
I        304     16867
I      22520     16868
I      12118     16869
I      27017     16870
I      16946     16871
I      30655     16872
I      15514     16873
I      14852     16874
I      27616     16875
I       6982     16876
I       1858     16877
I      23951     16878
I      18192     16879
I      20645     16880
I      23456     16881
I       1374     16882
I      24976     16883
I      11458     16884
I      24793     16885
I       6629     16886
I       7852     16887
I      19231     16888
I       1865     16889
I        695     16890
I      19857     16891
I       6007     16892
I       1731     16893
I      14410     16894
I      32459     16895
I      22924     16896
I       2832     16897
I      12037     16898
I      14659     16899
I      26531     16900
I      29070     16901
I       1242     16902
I      26616     16903
I      27817     16904
I      32710     16905
I      14185     16906
I      20974     16907
I      25857     16908
I       2313     16909
I      29468     16910
I      27044     16911
I       3218     16912
I       7586     16913
I      24198     16914
I      22273     16915
I       3476     16916
I      16152     16917
I      25666     16918
I      11321     16919
I      28821     16920
I       8724     16921
I       8586     16922
I      24257     16923
I      30608     16924
I      15207     16925
I      30287     16926
I      15048     16927
I      30926     16928
I         31     16929
I      21200     16930
I      18129     16931
I       4008     16932
I      28659     16933
I      29468     16934
I      13685     16935
I      15645     16936
I      21193     16937
I       6565     16938
I      30031     16939
I      23720     16940
I      15104     16941
I      21824     16942
I      25777     16943
I       8440     16944
I      11446     16945
I      31512     16946
I       2001     16947
I      15349     16948
I       6942     16949
I      15998     16950
I      26530     16951
I      24559     16952
I       3229     16953
I       4112     16954
I      31535     16955
I      13655     16956
I       4586     16957
I      28562     16958
I      13688     16959
I      12474     16960
I      11170     16961
I      26110     16962
I      10994     16963
I       2320     16964
I      29761     16965
I       8440     16966
I       5806     16967
I       7372     16968
I       5417     16969
I      21296     16970
I      19206     16971
I       4861     16972
I      13688     16973
I      15201     16974
I      18569     16975
I      18561     16976
I      31373     16977
I       8446     16978
I      23017     16979
I      28856     16980
I       5462     16981
I      19903     16982
I      29414     16983
I      26824     16984
I      28386     16985
I      17835     16986
I        265     16987
I      12637     16988
I       2983     16989
I      23103     16990
I       1176     16991
I      18781     16992
I       1801     16993
I       7272     16994
I      26877     16995
I      16085     16996
I      20026     16997
I       6082     16998
I      25926     16999
I       4089     17000
I      27014     17001
I      30564     17002
I       7804     17003
I      17552     17004
I       5127     17005
I      12585     17006
I      30233     17007
I      18391     17008
I        267     17009
I       8559     17010
I      25116     17011
I      14808     17012
I       4573     17013
I       3126     17014
I       3694     17015
I      29345     17016
I      10128     17017
I      30597     17018
I      27892     17019
I      32018     17020
I       5814     17021
I      24568     17022
I      18193     17023
I      27562     17024
I      29948     17025
I       5185     17026
I      31861     17027
I      25292     17028
I       9340     17029
I      15989     17030
I       9487     17031
I      21338     17032
I       2954     17033
I      10190     17034
I      20601     17035
I      30279     17036
I       8343     17037
I      30261     17038
I      13143     17039
I      18834     17040
I      26290     17041
I      19337     17042
I      26949     17043
I       7695     17044
I      23001     17045
I      12217     17046
I      15771     17047
I       9764     17048
I       5766     17049
I      28027     17050
I      29640     17051
I      11876     17052
I      14649     17053
I      20948     17054
I       5524     17055
I        376     17056
I       8616     17057
I      11245     17058
I       7535     17059
I      24459     17060
I      13595     17061
I       2364     17062
I      14262     17063
I      29218     17064
I      16015     17065
I      24424     17066
I      28189     17067
I      22795     17068
I       4920     17069
I      10750     17070
I      27267     17071
I      13958     17072
I       3374     17073
I       2524     17074
I        705     17075
I      27591     17076
I      14583     17077
I      20046     17078
I        813     17079
I       4539     17080
I      13661     17081
I      14704     17082
I        587     17083
I      12601     17084
I      16417     17085
I      25735     17086
I      23833     17087
I      30437     17088
I      13238     17089
I       5274     17090
I      17814     17091
I      32073     17092
I      12411     17093
I       3873     17094
I      17363     17095
I      32465     17096
I        107     17097
I      16838     17098
I      21033     17099
I      31148     17100
I       1728     17101
I       8134     17102
I      21446     17103
I      20234     17104
I       5624     17105
I      31110     17106
I      32196     17107
I       8139     17108
I      24389     17109
I       3118     17110
I       6037     17111
I      20887     17112
I      14100     17113
I      17969     17114
I      28639     17115
I      22584     17116
I       9604     17117
I      20102     17118
I      13744     17119
I      14341     17120
I       9237     17121
I       6722     17122
I       3738     17123
I      13193     17124
I      17764     17125
I      11091     17126
I      26986     17127
I       9220     17128
I      24678     17129
I      25592     17130
I      29693     17131
I      25193     17132
I       5602     17133
I      10246     17134
I       5644     17135
I      31845     17136
I       5573     17137
I       9865     17138
I      11019     17139
I       9733     17140
I        382     17141
I      29600     17142
I      19843     17143
I      23623     17144
I      13188     17145
I      15273     17146
I      32118     17147
I      29703     17148
I      29705     17149
I      15200     17150
I      27459     17151
I       9263     17152
I      20174     17153
I       8737     17154
I      22084     17155
I      29635     17156
I      16432     17157
I      26365     17158
I      10686     17159
I      11657     17160
I      29556     17161
I      10540     17162
I      18832     17163
I       2837     17164
I       5203     17165
I       6635     17166
I      21092     17167
I       8785     17168
I       4776     17169
I      16627     17170
I      24493     17171
I      22179     17172
I      21621     17173
I      29818     17174
I      20785     17175
I      12676     17176
I       3301     17177
I      14418     17178
I      17612     17179
I      15642     17180
I      24971     17181
I      28037     17182
I      26637     17183
I       5627     17184
I      16085     17185
I      27777     17186
I      23066     17187
I      11393     17188
I      13886     17189
I      10536     17190
I        371     17191
I      21085     17192
I      27293     17193
I      23183     17194
I       8613     17195
I      16459     17196
I      20576     17197
I       7421     17198
I      30549     17199
I      21781     17200
I      26877     17201
I        478     17202
I       7366     17203
I       9743     17204
I      30751     17205
I      16751     17206
I       2029     17207
I      26190     17208
I      25137     17209
I      23235     17210
I       6685     17211
I      25139     17212
I      11756     17213
I      31871     17214
I      20631     17215
I      31171     17216
I       7540     17217
I      26028     17218
I       5093     17219
I      30702     17220
I       4927     17221
I       9213     17222
I       4051     17223
I      21564     17224
I      30434     17225
I      28858     17226
I      25890     17227
I      27476     17228
I      24643     17229
I       6685     17230
I       7611     17231
I        691     17232
I       1600     17233
I      21047     17234
I      25260     17235
I      25832     17236
I      12502     17237
I       1282     17238
I      26984     17239
I      16402     17240
I      20443     17241
I      28190     17242
I      11824     17243
I      18280     17244
I      25580     17245
I       6068     17246
I       5678     17247
I       4074     17248
I      12927     17249
I      15779     17250
I       1900     17251
I      11870     17252
I       8453     17253
I      16785     17254
I       9563     17255
I      21819     17256
I      23294     17257
I      12492     17258
I       3637     17259
I      25813     17260
I      20979     17261
I      18379     17262
I      29712     17263
I       6228     17264
I      21280     17265
I       8994     17266
I      31252     17267
I      14731     17268
I      13771     17269
I      20829     17270
I        509     17271
I       4050     17272
I      31879     17273
I      29667     17274
I      10845     17275
I       2689     17276
I      10099     17277
I      11867     17278
I      24580     17279
I      17972     17280
I      10354     17281
I      12774     17282
I       4038     17283
I      18867     17284
I      12862     17285
I      18509     17286
I       6455     17287
I      28162     17288
I       1984     17289
I      22106     17290
I      30591     17291
I      26112     17292
I      13303     17293
I      12104     17294
I       4191     17295
I       3266     17296
I       1059     17297
I      18067     17298
I      29294     17299
I      31214     17300
I       8308     17301
I       6528     17302
I      19770     17303
I       5419     17304
I        535     17305
I      10569     17306
I       2961     17307
I       9201     17308
I      30203     17309
I      25235     17310
I      13039     17311
I       9072     17312
I      11814     17313
I      11914     17314
I      11729     17315
I      10687     17316
I      22904     17317
I      16763     17318
I      21266     17319
I       2641     17320
I       2576     17321
I      19826     17322
I      12144     17323
I      16800     17324
I      21616     17325
I      26393     17326
I       9987     17327
I       5830     17328
I      22430     17329
I      22972     17330
I      12501     17331
I      21186     17332
I      19691     17333
I      10312     17334
I      24372     17335
I       7232     17336
I       3195     17337
I      15273     17338
I      11586     17339
I      14136     17340
I      16428     17341
I      25094     17342
I      21843     17343
I      15418     17344
I      30382     17345
I       5848     17346
I      16476     17347
I      29483     17348
I      19760     17349
I        103     17350
I      25069     17351
I      31585     17352
I       8871     17353
I      20370     17354
I      22235     17355
I       9495     17356
I      18305     17357
I       7548     17358
I      14392     17359
I      21051     17360
I       1792     17361
I      26062     17362
I       3327     17363
I      24063     17364
I      12322     17365
I       5787     17366
I      22653     17367
I      29295     17368
I       6350     17369
I      14573     17370
I       6422     17371
I      12715     17372
I       4087     17373
I       3539     17374
I      27531     17375
I      24779     17376
I       7361     17377
I      27973     17378
I      14627     17379
I      15901     17380
I      20367     17381
I       4356     17382
I       2176     17383
I      15840     17384
I      24563     17385
I      29919     17386
I      15238     17387
I      21972     17388
I      12465     17389
I      15922     17390
I      32261     17391
I       6088     17392
I      31428     17393
I      29745     17394
I      21454     17395
I      21169     17396
I      31598     17397
I      30477     17398
I      21796     17399
I       4060     17400
I       8077     17401
I      17276     17402
I      31591     17403
I       8461     17404
I      22315     17405
I      14649     17406
I      22534     17407
I      31292     17408
I      11116     17409
I      26857     17410
I      11050     17411
I      31120     17412
I      27720     17413
I      20998     17414
I      23575     17415
I       7052     17416
I      15472     17417
I      10192     17418
I      11452     17419
I       1436     17420
I      23982     17421
I      19454     17422
I      21305     17423
I       1268     17424
I      30858     17425
I       9151     17426
I      10724     17427
I      22171     17428
I      13181     17429
I      15012     17430
I      15186     17431
I      25109     17432
I       3742     17433
I      25513     17434
I        941     17435
I      14484     17436
I      20418     17437
I      20689     17438
I       6358     17439
I      11320     17440
I      12455     17441
I      26517     17442
I      28494     17443
I      27535     17444
I      29429     17445
I      32735     17446
I      32086     17447
I      14519     17448
I       7012     17449
I      12928     17450
I      13800     17451
I       6224     17452
I      31918     17453
I       9613     17454
I      21924     17455
I      21127     17456
I      20724     17457
I      28362     17458
I      21827     17459
I      24890     17460
I      21160     17461
I      17659     17462
I      30928     17463
I      26696     17464
I      14020     17465
I       9107     17466
I      22344     17467
I      27346     17468
I       1847     17469
I      15151     17470
I      15319     17471
I       5523     17472
I      18255     17473
I       9637     17474
I      31582     17475
I       5610     17476
I      14347     17477
I      30160     17478
I      22831     17479
I       6988     17480
I       4858     17481
I      32752     17482
I       8293     17483
I      16725     17484
I       2906     17485
I       2023     17486
I      30955     17487
I       5866     17488
I      26856     17489
I       5590     17490
I      28729     17491
I       3810     17492
I       3329     17493
I      11702     17494
I      11297     17495
I      26717     17496
I      32537     17497
I      19302     17498
I      10883     17499
I      20139     17500
I      23913     17501
I      18397     17502
I      24780     17503
I       8495     17504
I      14423     17505
I      11935     17506
I      20354     17507
I      19887     17508
I      18519     17509
I       9886     17510
I      20290     17511
I      30146     17512
I      23196     17513
I      11878     17514
I      16501     17515
I      29425     17516
I       2338     17517
I      22150     17518
I      30692     17519
I      12213     17520
I      30548     17521
I       9838     17522
I      15617     17523
I        705     17524
I      24501     17525
I       7592     17526
I      29269     17527
I       9885     17528
I        691     17529
I      18108     17530
I       1488     17531
I      32101     17532
I      22932     17533
I       1133     17534
I       7484     17535
I       5105     17536
I       7681     17537
I      22181     17538
I      15393     17539
I      20854     17540
I       7787     17541
I      18172     17542
I       4827     17543
I       6054     17544
I      30543     17545
I      27652     17546
I       2509     17547
I      18811     17548
I       9807     17549
I      18507     17550
I      32615     17551
I       5815     17552
I      17479     17553
I       9465     17554
I      25623     17555
I      21479     17556
I      14890     17557
I       3545     17558
I      13212     17559
I      16808     17560
I       6878     17561
I      29682     17562
I       4472     17563
I      11911     17564
I      19413     17565
I       6439     17566
I      29756     17567
I       8752     17568
I      25070     17569
I       3462     17570
I       6327     17571
I      16719     17572
I      17857     17573
I       4583     17574
I      28535     17575
I       6099     17576
I      29353     17577
I      24421     17578
I       1139     17579
I      21297     17580
I      30652     17581
I       9296     17582
I      25298     17583
I       7986     17584
I      12705     17585
I       4085     17586
I      21742     17587
I       4039     17588
I      19060     17589
I      30377     17590
I      12400     17591
I      25600     17592
I      18379     17593
I      24411     17594
I      22948     17595
I       6308     17596
I      12615     17597
I       7202     17598
I      16045     17599
I      10144     17600
I      21396     17601
I      20817     17602
I      27004     17603
I      25144     17604
I      26913     17605
I       3335     17606
I      14271     17607
I      13441     17608
I      12832     17609
I      13548     17610
I      24400     17611
I      31311     17612
I      23690     17613
I      31753     17614
I      29360     17615
I       6179     17616
I      10593     17617
I      27963     17618
I      20770     17619
I      11443     17620
I      10066     17621
I       8258     17622
I       3738     17623
I       9988     17624
I       7156     17625
I      15698     17626
I      22396     17627
I      29244     17628
I      30207     17629
I      13737     17630
I      11536     17631
I       8448     17632
I      23390     17633
I      16025     17634
I        467     17635
I       6495     17636
I      17883     17637
I      31492     17638
I      31873     17639
I      31648     17640
I      14307     17641
I       4602     17642
I      11340     17643
I       5505     17644
I      28980     17645
I      26585     17646
I      21159     17647
I      20562     17648
I      22900     17649
I       4092     17650
I       8680     17651
I      19611     17652
I      31490     17653
I      22406     17654
I      24122     17655
I      23889     17656
I      23466     17657
I      29022     17658
I      19695     17659
I      28675     17660
I      19338     17661
I      19003     17662
I        881     17663
I      28613     17664
I       5003     17665
I      26782     17666
I      13757     17667
I      17622     17668
I      21938     17669
I      16837     17670
I      21822     17671
I      24705     17672
I      28344     17673
I       6691     17674
I       7021     17675
I      28901     17676
I      30199     17677
I      23337     17678
I       4200     17679
I      25805     17680
I      20194     17681
I      11617     17682
I      17472     17683
I      29942     17684
I      24595     17685
I      31264     17686
I        844     17687
I      20069     17688
I       4175     17689
I      10376     17690
I      17474     17691
I      32399     17692
I       3761     17693
I       3452     17694
I      32609     17695
I      18154     17696
I       3554     17697
I       3672     17698
I      26123     17699
I      28970     17700
I      13148     17701
I       4803     17702
I      26230     17703
I      24403     17704
I      19346     17705
I      23216     17706
I      12113     17707
I       4115     17708
I       8506     17709
I      20436     17710
I      27576     17711
I      13861     17712
I      31982     17713
I      28226     17714
I       9481     17715
I      14069     17716
I      20741     17717
I      26601     17718
I       4219     17719
I      29377     17720
I       4712     17721
I      25330     17722
I      25015     17723
I       1630     17724
I       3813     17725
I       6171     17726
I      25431     17727
I      17159     17728
I      25951     17729
I      25388     17730
I      22161     17731
I      28784     17732
I      31080     17733
I      16701     17734
I      17884     17735
I      25720     17736
I       9845     17737
I      31994     17738
I      21246     17739
I      32354     17740
I      29705     17741
I      26037     17742
I       8061     17743
I      17615     17744
I      12086     17745
I      28056     17746
I      19437     17747
I       6464     17748
I       2038     17749
I       9726     17750
I       3720     17751
I      13218     17752
I      15855     17753
I      25039     17754
I      15252     17755
I      21972     17756
I        331     17757
I      12394     17758
I      29009     17759
I      23351     17760
I      22793     17761
I      18769     17762
I       3301     17763
I       2415     17764
I      15706     17765
I      16157     17766
I      13658     17767
I       3212     17768
I      25701     17769
I      16626     17770
I      31221     17771
I      15183     17772
I      12551     17773
I      10760     17774
I      13404     17775
I      18153     17776
I      32371     17777
I      15835     17778
I       5238     17779
I       7190     17780
I      25482     17781
I      21575     17782
I      17717     17783
I      25350     17784
I       9836     17785
I       3083     17786
I        591     17787
I       6798     17788
I      29820     17789
I       8923     17790
I      17605     17791
I      13340     17792
I       2705     17793
I      32655     17794
I       8399     17795
I      31009     17796
I       7594     17797
I      29766     17798
I      15878     17799
I      31761     17800
I      24390     17801
I      21955     17802
I      13666     17803
I       2745     17804
I      10558     17805
I      19949     17806
I        444     17807
I      13788     17808
I      18047     17809
I       6579     17810
I      28127     17811
I      27698     17812
I      24670     17813
I      24940     17814
I      27051     17815
I      11703     17816
I      17558     17817
I      23108     17818
I      16199     17819
I      28661     17820
I       7065     17821
I       1290     17822
I       5247     17823
I      16552     17824
I      11952     17825
I        795     17826
I       3946     17827
I       2207     17828
I       1501     17829
I      26974     17830
I      22158     17831
I      32629     17832
I      26350     17833
I      29647     17834
I      10046     17835
I      26518     17836
I       9457     17837
I      14777     17838
I      22205     17839
I       5188     17840
I      24100     17841
I      21621     17842
I       1002     17843
I      24809     17844
I      29244     17845
I      18484     17846
I      16570     17847
I      14533     17848
I      10417     17849
I      26962     17850
I      21636     17851
I      10538     17852
I      32303     17853
I      12718     17854
I        255     17855
I      17803     17856
I       4839     17857
I      30047     17858
I       3354     17859
I      10656     17860
I        690     17861
I      32662     17862
I       6820     17863
I      18950     17864
I      14877     17865
I      31459     17866
I      13863     17867
I      26746     17868
I      19230     17869
I       9484     17870
I      27395     17871
I       9294     17872
I      15401     17873
I      18610     17874
I      11297     17875
I       4287     17876
I      24054     17877
I      27507     17878
I      13608     17879
I      25591     17880
I       4710     17881
I       7594     17882
I       7836     17883
I       6274     17884
I      31306     17885
I       5416     17886
I       6965     17887
I       7133     17888
I        322     17889
I      23886     17890
I       8815     17891
I       2531     17892
I      31331     17893
I      32038     17894
I      31441     17895
I      12150     17896
I      25390     17897
I       9895     17898
I      23712     17899
I      24747     17900
I      29718     17901
I      30006     17902
I        950     17903
I      19875     17904
I       7999     17905
I      13348     17906
I      30088     17907
I      13092     17908
I      28316     17909
I       7305     17910
I      32666     17911
I       3061     17912
I      28572     17913
I      23954     17914
I      12511     17915
I       2926     17916
I      24340     17917
I      16071     17918
I       3175     17919
I      14502     17920
I      14646     17921
I      30459     17922
I       1200     17923
I       4013     17924
I       7258     17925
I      28136     17926
I       8283     17927
I      23749     17928
I      24486     17929
I      22607     17930
I       3402     17931
I       2309     17932
I      23879     17933
I       3894     17934
I       2506     17935
I        183     17936
I      16569     17937
I       5223     17938
I      29974     17939
I       9515     17940
I      32543     17941
I      23903     17942
I      18162     17943
I      12590     17944
I       6278     17945
I       5468     17946
I      16797     17947
I      30340     17948
I       2034     17949
I      18343     17950
I      21569     17951
I      28568     17952
I      31682     17953
I      30440     17954
I      13430     17955
I       2969     17956
I       2612     17957
I      25829     17958
I       3135     17959
I      23655     17960
I      26547     17961
I       6613     17962
I      17769     17963
I      16860     17964
I       5277     17965
I      10439     17966
I      15873     17967
I      30540     17968
I      11697     17969
I       8184     17970
I       5438     17971
I       4353     17972
I        395     17973
I      25712     17974
I      27150     17975
I      27190     17976
I      17716     17977
I      11175     17978
I       9830     17979
I      25263     17980
I       4788     17981
I       7297     17982
I      29539     17983
I      30553     17984
I      11630     17985
I      22861     17986
I      15200     17987
I       6893     17988
I      32682     17989
I      24418     17990
I       4567     17991
I       7632     17992
I      10871     17993
I       9665     17994
I      18072     17995
I      12157     17996
I       2196     17997
I      17232     17998
I       8574     17999
I      18915     18000
I      31553     18001
I       3509     18002
I      23687     18003
I      14553     18004
I      21571     18005
I      11239     18006
I      21000     18007
I       6490     18008
I      29107     18009
I       8831     18010
I      19285     18011
I       7618     18012
I       6134     18013
I      26366     18014
I        628     18015
I      24042     18016
I       2241     18017
I      27788     18018
I      15225     18019
I      31159     18020
I      10218     18021
I      31182     18022
I        916     18023
I      22235     18024
I      11263     18025
I      24643     18026
I      20236     18027
I       6289     18028
I      19454     18029
I       9388     18030
I      21255     18031
I       8131     18032
I      21162     18033
I      14503     18034
I      19527     18035
I      13049     18036
I      18806     18037
I      26832     18038
I       5827     18039
I      15009     18040
I      19547     18041
I      20349     18042
I      19064     18043
I       8661     18044
I      22774     18045
I      13335     18046
I       8791     18047
I      22930     18048
I      28290     18049
I      31946     18050
I      20708     18051
I      14889     18052
I       5213     18053
I       4640     18054
I      30985     18055
I       3292     18056
I         96     18057
I       4817     18058
I      32504     18059
I       3102     18060
I      28107     18061
I      29738     18062
I      24787     18063
I      20786     18064
I        585     18065
I       9957     18066
I      17088     18067
I       2637     18068
I      25905     18069
I      29442     18070
I      15892     18071
I      27209     18072
I       3474     18073
I      21970     18074
I       1306     18075
I        134     18076
I      16853     18077
I       2760     18078
I      11967     18079
I       5278     18080
I      32757     18081
I      24864     18082
I      25052     18083
I      16509     18084
I       8222     18085
I      16951     18086
I      29108     18087
I       9750     18088
I      15883     18089
I      18573     18090
I      28452     18091
I       8894     18092
I      22106     18093
I       4329     18094
I      18459     18095
I      20926     18096
I      23893     18097
I      23755     18098
I      11422     18099
I       6254     18100
I       3428     18101
I      28836     18102
I      24395     18103
I      24630     18104
I      25009     18105
I      26975     18106
I      26304     18107
I      11309     18108
I      27582     18109
I      21693     18110
I      21414     18111
I      15895     18112
I      23464     18113
I      22181     18114
I       7266     18115
I      29049     18116
I      15450     18117
I      21823     18118
I      31604     18119
I       8711     18120
I      26772     18121
I      27999     18122
I      23892     18123
I      17132     18124
I       3916     18125
I      26552     18126
I      29946     18127
I      32730     18128
I       8084     18129
I      16144     18130
I      10019     18131
I      27948     18132
I      15052     18133
I       5693     18134
I      17781     18135
I       4281     18136
I       6306     18137
I      18835     18138
I      28493     18139
I       2869     18140
I       6147     18141
I       6182     18142
I      25751     18143
I      18648     18144
I      26284     18145
I       6933     18146
I      25236     18147
I      15833     18148
I      17087     18149
I      23446     18150
I      30285     18151
I       3308     18152
I       1384     18153
I      29017     18154
I      29927     18155
I      18938     18156
I      15216     18157
I       7873     18158
I      12101     18159
I      16438     18160
I       4722     18161
I       8337     18162
I       5162     18163
I       4188     18164
I      10091     18165
I       9868     18166
I      22522     18167
I      28699     18168
I      12329     18169
I      15314     18170
I      12133     18171
I      28800     18172
I       8753     18173
I      19002     18174
I       5064     18175
I       3637     18176
I       8951     18177
I      27840     18178
I       4526     18179
I      16725     18180
I      21941     18181
I       9811     18182
I      27289     18183
I      25410     18184
I       7423     18185
I      32394     18186
I      18296     18187
I       2949     18188
I      25112     18189
I      11971     18190
I      14506     18191
I       6816     18192
I       6828     18193
I      31160     18194
I       2812     18195
I      15898     18196
I      23948     18197
I       9944     18198
I      23988     18199
I      20206     18200
I       6111     18201
I      26121     18202
I      26448     18203
I      24476     18204
I      21788     18205
I      25418     18206
I      20804     18207
I       9697     18208
I      16593     18209
I       5005     18210
I      31057     18211
I      24117     18212
I      15489     18213
I       8811     18214
I       5305     18215
I       3334     18216
I       9287     18217
I      13919     18218
I      17165     18219
I      23574     18220
I      22105     18221
I      14375     18222
I      15435     18223
I      19222     18224
I      13859     18225
I       6321     18226
I        858     18227
I       7153     18228
I      20555     18229
I      15530     18230
I      11826     18231
I       7339     18232
I      30291     18233
I      13979     18234
I      24715     18235
I      16808     18236
I      27135     18237
I       2721     18238
I      28695     18239
I       5084     18240
I       4635     18241
I      22365     18242
I      26574     18243
I      20233     18244
I      15987     18245
I      23946     18246
I      19079     18247
I      15020     18248
I      26555     18249
I        995     18250
I      32738     18251
I      13662     18252
I      32044     18253
I      11732     18254
I       9793     18255
I      23085     18256
I      17649     18257
I      13340     18258
I      21208     18259
I      32141     18260
I      15167     18261
I      19374     18262
I       3625     18263
I      25470     18264
I       7242     18265
I      27690     18266
I       4044     18267
I       1386     18268
I      24289     18269
I       7460     18270
I      26538     18271
I      28040     18272
I      21266     18273
I      15636     18274
I       1062     18275
I      18370     18276
I       5247     18277
I       6896     18278
I      28475     18279
I       9601     18280
I       3192     18281
I       5454     18282
I       3758     18283
I      11598     18284
I      20572     18285
I       5116     18286
I      15141     18287
I      31630     18288
I      12728     18289
I      17692     18290
I      14968     18291
I      13640     18292
I       1480     18293
I      25150     18294
I      21064     18295
I      28720     18296
I      32367     18297
I      20391     18298
I      21760     18299
I      30038     18300
I      17013     18301
I       2872     18302
I      26384     18303
I      28694     18304
I      21660     18305
I      19192     18306
I       5287     18307
I      14145     18308
I      27332     18309
I      14752     18310
I      31848     18311
I        863     18312
I       8308     18313
I      15705     18314
I      30136     18315
I      31417     18316
I      19467     18317
I       8267     18318
I      11270     18319
I      12629     18320
I      16340     18321
I      14912     18322
I      29046     18323
I       4009     18324
I      12282     18325
I       5379     18326
I      23732     18327
I      13509     18328
I      10163     18329
I       1034     18330
I       7024     18331
I       5488     18332
I       9930     18333
I      28232     18334
I      17259     18335
I      12330     18336
I       9983     18337
I       1171     18338
I      31443     18339
I       7120     18340
I      23712     18341
I      28868     18342
I      30239     18343
I      20074     18344
I      26785     18345
I      31262     18346
I       6498     18347
I       8754     18348
I      13490     18349
I       2285     18350
I        321     18351
I       3275     18352
I       9910     18353
I      18350     18354
I        323     18355
I       9414     18356
I       2715     18357
I       8226     18358
I      12729     18359
I       4003     18360
I      17543     18361
I      19387     18362
I          7     18363
I      31903     18364
I       3447     18365
I      21274     18366
I       9357     18367
I      26952     18368
I      26405     18369
I      17659     18370
I       6521     18371
I      32100     18372
I      10814     18373
I      30064     18374
I      16567     18375
I      18578     18376
I      15909     18377
I       4532     18378
I      12412     18379
I      13362     18380
I      22866     18381
I       1897     18382
I       1389     18383
I      17340     18384
I      19836     18385
I      13849     18386
I      29290     18387
I      14900     18388
I      27373     18389
I      32324     18390
I      26658     18391
I      32315     18392
I      29824     18393
I      11704     18394
I       9794     18395
I      11811     18396
I      26864     18397
I      11225     18398
I       3870     18399
I      13801     18400
I      25206     18401
I      31206     18402
I      13972     18403
I       2507     18404
I      32199     18405
I      28731     18406
I      27199     18407
I      30529     18408
I      11259     18409
I       4848     18410
I      26940     18411
I       4866     18412
I       7827     18413
I      29471     18414
I      17157     18415
I       5392     18416
I      27702     18417
I       9839     18418
I       9812     18419
I      22960     18420
I       9387     18421
I      12165     18422
I      18006     18423
I      13865     18424
I       3948     18425
I      17656     18426
I      10429     18427
I       6026     18428
I       3606     18429
I       9858     18430
I      18250     18431
I      22255     18432
I       1103     18433
I      10511     18434
I       8336     18435
I      17749     18436
I      29409     18437
I      11848     18438
I      29447     18439
I      23383     18440
I      15828     18441
I      29163     18442
I      11432     18443
I      29297     18444
I      26953     18445
I       9826     18446
I      14318     18447
I      14007     18448
I      31189     18449
I       7566     18450
I      18954     18451
I       8671     18452
I        654     18453
I      26695     18454
I       7353     18455
I      24505     18456
I       2948     18457
I      18746     18458
I       6314     18459
I      26828     18460
I       3618     18461
I      32489     18462
I       8990     18463
I      28662     18464
I       3574     18465
I      28721     18466
I      24744     18467
I      20412     18468
I       8060     18469
I      25179     18470
I      18245     18471
I      30630     18472
I      30750     18473
I      24929     18474
I       6213     18475
I      19998     18476
I      16443     18477
I       7790     18478
I      26777     18479
I       3464     18480
I       7094     18481
I      17872     18482
I      26869     18483
I      15320     18484
I      23564     18485
I      19422     18486
I      12767     18487
I       9339     18488
I      16084     18489
I      18620     18490
I       4355     18491
I      28252     18492
I       3821     18493
I       9659     18494
I      17879     18495
I      18492     18496
I       5984     18497
I      14272     18498
I      11359     18499
I       5285     18500
I      19758     18501
I      24312     18502
I      21789     18503
I      26358     18504
I      11170     18505
I         95     18506
I      31810     18507
I      30892     18508
I      29919     18509
I      15622     18510
I       5439     18511
I      18412     18512
I      16403     18513
I      16857     18514
I      13480     18515
I      32341     18516
I      30041     18517
I      24299     18518
I      29073     18519
I      27431     18520
I      27257     18521
I      24943     18522
I       9412     18523
I       9029     18524
I      31545     18525
I      21720     18526
I      14768     18527
I        482     18528
I      23362     18529
I       2358     18530
I       8540     18531
I       3262     18532
I      30712     18533
I      30016     18534
I      25859     18535
I       4263     18536
I      10043     18537
I      13317     18538
I       7370     18539
I      15739     18540
I      15004     18541
I      16720     18542
I      32286     18543
I       8937     18544
I      24802     18545
I      17818     18546
I      15739     18547
I       1015     18548
I      17458     18549
I      16221     18550
I       9896     18551
I      32572     18552
I      21741     18553
I      18989     18554
I      20497     18555
I      24628     18556
I      28513     18557
I      18663     18558
I       5131     18559
I      20572     18560
I       3326     18561
I        643     18562
I      16600     18563
I      22043     18564
I       5880     18565
I      27844     18566
I       7423     18567
I      21687     18568
I      16426     18569
I      29938     18570
I       8671     18571
I       1754     18572
I      27881     18573
I       4944     18574
I         78     18575
I      26846     18576
I      18377     18577
I      27637     18578
I      13535     18579
I      12589     18580
I       7684     18581
I      21589     18582
I       2240     18583
I        318     18584
I       3992     18585
I      30922     18586
I       3640     18587
I      18721     18588
I       5594     18589
I      17647     18590
I       2636     18591
I       7145     18592
I        388     18593
I       9265     18594
I       8917     18595
I      18138     18596
I       5365     18597
I      13522     18598
I       6027     18599
I      28738     18600
I      22793     18601
I        865     18602
I      14954     18603
I       2220     18604
I      21323     18605
I      32097     18606
I      15490     18607
I      29339     18608
I      17001     18609
I       2627     18610
I      24664     18611
I      15159     18612
I       6386     18613
I      13149     18614
I       5219     18615
I       1763     18616
I      26599     18617
I      26125     18618
I         67     18619
I      24836     18620
I      29586     18621
I       7655     18622
I      21839     18623
I      31897     18624
I      17561     18625
I       6536     18626
I       6077     18627
I       8966     18628
I      25016     18629
I      14871     18630
I      21306     18631
I      15146     18632
I       7966     18633
I      12845     18634
I      28727     18635
I       9075     18636
I      18218     18637
I       9395     18638
I       1187     18639
I      15624     18640
I      21143     18641
I      16863     18642
I      19894     18643
I      27463     18644
I      11328     18645
I      25277     18646
I      22594     18647
I       9689     18648
I      30757     18649
I      28029     18650
I      10556     18651
I      20758     18652
I       7836     18653
I      29596     18654
I       9123     18655
I       5691     18656
I      11918     18657
I       2942     18658
I      12043     18659
I      12438     18660
I       1006     18661
I      31428     18662
I      12592     18663
I      24039     18664
I       1439     18665
I      22359     18666
I      17173     18667
I      19697     18668
I      12559     18669
I      19376     18670
I       8792     18671
I      15946     18672
I      32466     18673
I       3755     18674
I       8702     18675
I      12152     18676
I      31859     18677
I      10897     18678
I      30136     18679
I      24993     18680
I      11086     18681
I        575     18682
I      30084     18683
I      20987     18684
I       8353     18685
I       8357     18686
I      18347     18687
I      31384     18688
I       7115     18689
I      25319     18690
I      20041     18691
I       8381     18692
I      22146     18693
I      23544     18694
I         68     18695
I      19956     18696
I      31307     18697
I       7848     18698
I       4769     18699
I      10355     18700
I        250     18701
I      19823     18702
I      28969     18703
I      22282     18704
I      14031     18705
I      28511     18706
I       5780     18707
I      20608     18708
I      21770     18709
I       8688     18710
I       5711     18711
I       9792     18712
I       3361     18713
I      13550     18714
I        379     18715
I      29727     18716
I       3511     18717
I      25738     18718
I      20852     18719
I       4609     18720
I       9894     18721
I       5380     18722
I       8392     18723
I      27696     18724
I      26264     18725
I       2309     18726
I       4495     18727
I       9902     18728
I      19387     18729
I      13412     18730
I       5536     18731
I      18895     18732
I      31120     18733
I      10872     18734
I       5144     18735
I      25768     18736
I      12761     18737
I      16285     18738
I      29498     18739
I      18525     18740
I       4471     18741
I       8240     18742
I      19209     18743
I      29869     18744
I      22379     18745
I       5491     18746
I        819     18747
I      17765     18748
I      32591     18749
I      23085     18750
I      26264     18751
I      31568     18752
I       1449     18753
I      20880     18754
I      27608     18755
I      29188     18756
I       7180     18757
I      31403     18758
I       5587     18759
I      10998     18760
I      21703     18761
I       1261     18762
I      31856     18763
I       2897     18764
I       8535     18765
I      27022     18766
I      11198     18767
I      11546     18768
I      26968     18769
I       1688     18770
I      26420     18771
I       9354     18772
I      24758     18773
I       5242     18774
I      19341     18775
I      18358     18776
I      29240     18777
I        970     18778
I      32423     18779
I      28614     18780
I      10373     18781
I      11063     18782
I      10644     18783
I      23151     18784
I      12295     18785
I      28518     18786
I       2269     18787
I        927     18788
I      22045     18789
I       7936     18790
I      19340     18791
I      27940     18792
I      28675     18793
I       8133     18794
I      22627     18795
I      18207     18796
I      17665     18797
I       6478     18798
I      31315     18799
I      10767     18800
I      28240     18801
I       2205     18802
I      30334     18803
I       2096     18804
I      24957     18805
I      20755     18806
I      21818     18807
I      26503     18808
I      25624     18809
I       4524     18810
I      16209     18811
I       5960     18812
I      15708     18813
I      12847     18814
I      21501     18815
I       6233     18816
I      22389     18817
I      18483     18818
I      26893     18819
I      30935     18820
I       3433     18821
I      22280     18822
I      27914     18823
I      14275     18824
I      15877     18825
I       5984     18826
I      25839     18827
I       2231     18828
I      14341     18829
I      27438     18830
I       9952     18831
I       9917     18832
I      23076     18833
I       5734     18834
I      17105     18835
I      17146     18836
I       7334     18837
I       6313     18838
I      19160     18839
I        828     18840
I       2388     18841
I        682     18842
I      10385     18843
I      28477     18844
I       1029     18845
I      15529     18846
I      20809     18847
I       3242     18848
I      14362     18849
I      23702     18850
I      20130     18851
I       7330     18852
I      25581     18853
I      31136     18854
I      21618     18855
I      13717     18856
I      13802     18857
I      24872     18858
I      30458     18859
I      30330     18860
I      24917     18861
I      12288     18862
I      19478     18863
I      24666     18864
I      32717     18865
I       8043     18866
I       6682     18867
I       5192     18868
I      17316     18869
I      15851     18870
I      24078     18871
I      31117     18872
I      24255     18873
I      16313     18874
I      10425     18875
I      28122     18876
I       5117     18877
I      30157     18878
I        315     18879
I       5626     18880
I      24467     18881
I      13116     18882
I       3697     18883
I      17205     18884
I      23767     18885
I       5363     18886
I       3540     18887
I      25301     18888
I       4144     18889
I      29856     18890
I      13864     18891
I      32392     18892
I      25698     18893
I      25178     18894
I       8533     18895
I      17608     18896
I      14640     18897
I      23411     18898
I        182     18899
I      14514     18900
I      22570     18901
I      13439     18902
I      21864     18903
I      30071     18904
I       4860     18905
I      23062     18906
I       2795     18907
I      21882     18908
I       1069     18909
I        930     18910
I      30104     18911
I       7992     18912
I      25127     18913
I      10749     18914
I      24754     18915
I      19915     18916
I      31759     18917
I      11347     18918
I      11639     18919
I      20035     18920
I       8586     18921
I      27066     18922
I       9346     18923
I      20963     18924
I       7503     18925
I      13956     18926
I      24259     18927
I      15455     18928
I      21695     18929
I      31291     18930
I      30293     18931
I      25195     18932
I      27402     18933
I       2368     18934
I      17135     18935
I      28739     18936
I       7545     18937
I      32550     18938
I      12818     18939
I       2141     18940
I      23043     18941
I      22680     18942
I       1252     18943
I       8054     18944
I       6632     18945
I      10363     18946
I      24844     18947
I      17050     18948
I      30504     18949
I      22361     18950
I      15903     18951
I      20357     18952
I      21580     18953
I      10567     18954
I        485     18955
I        697     18956
I       9787     18957
I       1914     18958
I       5672     18959
I      25472     18960
I      12258     18961
I      23013     18962
I       5912     18963
I      18273     18964
I      18133     18965
I       6841     18966
I      13635     18967
I      29908     18968
I      30337     18969
I      15858     18970
I      27587     18971
I       6988     18972
I      10531     18973
I      14253     18974
I      23766     18975
I      19021     18976
I      11305     18977
I       6928     18978
I       5422     18979
I       6987     18980
I      23921     18981
I       8629     18982
I      20315     18983
I       9672     18984
I      22661     18985
I      27276     18986
I      14961     18987
I       9418     18988
I       7552     18989
I       1660     18990
I       8785     18991
I       4283     18992
I       1513     18993
I      27248     18994
I      20115     18995
I      25021     18996
I      30574     18997
I      21727     18998
I      23037     18999
I       8520     19000
I      23082     19001
I       4574     19002
I       5844     19003
I      14682     19004
I      11341     19005
I      31816     19006
I       5320     19007
I      11446     19008
I      17850     19009
I      17137     19010
I      28617     19011
I       4489     19012
I      30706     19013
I       6539     19014
I      24580     19015
I      29409     19016
I      26503     19017
I        474     19018
I      30089     19019
I      29778     19020
I      12463     19021
I      11258     19022
I       7160     19023
I      10641     19024
I       1771     19025
I      31923     19026
I      30573     19027
I      19448     19028
I       1895     19029
I       9527     19030
I      14915     19031
I      10176     19032
I       6456     19033
I      30681     19034
I      18107     19035
I      28793     19036
I      11082     19037
I      16403     19038
I      10317     19039
I      30807     19040
I       7783     19041
I      28499     19042
I      23736     19043
I      20053     19044
I      29935     19045
I      11999     19046
I      14864     19047
I       2376     19048
I      17571     19049
I      32368     19050
I       4537     19051
I      24068     19052
I      31868     19053
I      11243     19054
I      31844     19055
I      17322     19056
I       1172     19057
I      23421     19058
I      16040     19059
I      25893     19060
I      26985     19061
I       4522     19062
I      24370     19063
I       8911     19064
I       8130     19065
I       1470     19066
I       1523     19067
I       2233     19068
I      12962     19069
I       9750     19070
I      25402     19071
I      13693     19072
I      13632     19073
I      29656     19074
I       5642     19075
I       4954     19076
I       1778     19077
I      18136     19078
I        806     19079
I      22556     19080
I       3824     19081
I      32176     19082
I      23738     19083
I       6071     19084
I      32665     19085
I      19140     19086
I      27729     19087
I       8869     19088
I       2163     19089
I      19044     19090
I       3527     19091
I      28745     19092
I      13082     19093
I       8405     19094
I      10089     19095
I       6018     19096
I       4370     19097
I       7092     19098
I      18941     19099
I      26966     19100
I       9946     19101
I      17398     19102
I      31039     19103
I      27991     19104
I      23987     19105
I      17632     19106
I      15235     19107
I      24757     19108
I      29593     19109
I      12420     19110
I       9604     19111
I      17772     19112
I      12259     19113
I      15186     19114
I       2842     19115
I       1469     19116
I       4286     19117
I      10906     19118
I      13428     19119
I      10270     19120
I      16850     19121
I      19503     19122
I      25770     19123
I      32498     19124
I       6751     19125
I      10000     19126
I       3850     19127
I      14719     19128
I      29207     19129
I      21851     19130
I      23757     19131
I      32658     19132
I      23030     19133
I      20088     19134
I       9320     19135
I      14281     19136
I      13505     19137
I      15909     19138
I       1992     19139
I      32418     19140
I      27456     19141
I      31302     19142
I      19387     19143
I      12680     19144
I       8703     19145
I      18576     19146
I      24318     19147
I       2543     19148
I      11899     19149
I      21508     19150
I      30789     19151
I      14094     19152
I      28892     19153
I      26892     19154
I      27024     19155
I       2894     19156
I       8900     19157
I      26872     19158
I      17420     19159
I       8783     19160
I      18567     19161
I      20454     19162
I       3971     19163
I      12388     19164
I      19333     19165
I      24212     19166
I      17422     19167
I      13017     19168
I      21701     19169
I      28621     19170
I      25575     19171
I       2245     19172
I      30238     19173
I      14164     19174
I      32266     19175
I      13110     19176
I      12388     19177
I      11996     19178
I       2162     19179
I      18724     19180
I       4286     19181
I       9817     19182
I      29293     19183
I      13080     19184
I      20794     19185
I      19717     19186
I      21447     19187
I       9366     19188
I      20957     19189
I      12824     19190
I      27256     19191
I      30242     19192
I       7734     19193
I      26678     19194
I       9900     19195
I       4716     19196
I      14499     19197
I      30443     19198
I       9688     19199
I      18533     19200
I       7399     19201
I       3816     19202
I       9872     19203
I         25     19204
I       5622     19205
I       2152     19206
I      24540     19207
I      20142     19208
I       3481     19209
I      21060     19210
I      21264     19211
I      26341     19212
I       5995     19213
I      17684     19214
I      24130     19215
I       6751     19216
I      17889     19217
I      23550     19218
I      26240     19219
I      21197     19220
I      16002     19221
I       7786     19222
I      21628     19223
I      22133     19224
I      27388     19225
I      19395     19226
I       9194     19227
I      22587     19228
I      16365     19229
I       8754     19230
I       5486     19231
I      11548     19232
I      26706     19233
I      16851     19234
I      21309     19235
I      27292     19236
I      17749     19237
I      18091     19238
I      10711     19239
I      18021     19240
I      26534     19241
I       9130     19242
I      15709     19243
I       5465     19244
I      15842     19245
I      28766     19246
I      18699     19247
I       3877     19248
I      31529     19249
I       3430     19250
I      18948     19251
I      16355     19252
I       2825     19253
I      19176     19254
I      26003     19255
I       4668     19256
I      24962     19257
I       1264     19258
I      20351     19259
I      14016     19260
I      18332     19261
I       7468     19262
I      20328     19263
I      29135     19264
I      16253     19265
I      18712     19266
I      27255     19267
I      11404     19268
I      25767     19269
I       1035     19270
I      21924     19271
I       9820     19272
I       3208     19273
I      23373     19274
I      20202     19275
I      27225     19276
I      11927     19277
I       2180     19278
I       3452     19279
I      27327     19280
I       6660     19281
I      28698     19282
I      21025     19283
I      31613     19284
I      29529     19285
I      32165     19286
I      11421     19287
I      17004     19288
I        897     19289
I      28039     19290
I      14579     19291
I      23415     19292
I      25013     19293
I      11407     19294
I      16028     19295
I       5043     19296
I      22305     19297
I      22276     19298
I      29544     19299
I      11575     19300
I      19754     19301
I       1230     19302
I      11259     19303
I      21935     19304
I      26441     19305
I      32454     19306
I      22244     19307
I      13207     19308
I      16956     19309
I      32752     19310
I       3737     19311
I      17365     19312
I      27508     19313
I       6663     19314
I       1580     19315
I      13874     19316
I      31126     19317
I      27548     19318
I      10744     19319
I      12560     19320
I      19591     19321
I      14326     19322
I      12951     19323
I      16881     19324
I      23740     19325
I      21015     19326
I      11131     19327
I      31732     19328
I      13827     19329
I      31329     19330
I      25083     19331
I       5195     19332
I      11433     19333
I      23431     19334
I       1328     19335
I       5571     19336
I      11378     19337
I      15728     19338
I        819     19339
I      27851     19340
I      10554     19341
I      23603     19342
I      32716     19343
I      22651     19344
I      24214     19345
I       5163     19346
I      32274     19347
I      32361     19348
I      19992     19349
I       4351     19350
I      19797     19351
I      20459     19352
I        261     19353
I       1502     19354
I      21497     19355
I       7366     19356
I       9191     19357
I      19297     19358
I      28106     19359
I      25684     19360
I       8979     19361
I      21497     19362
I      30909     19363
I      16037     19364
I      23058     19365
I      17666     19366
I      28429     19367
I      24376     19368
I      17248     19369
I      28459     19370
I       6325     19371
I      22372     19372
I      20979     19373
I       3657     19374
I      31154     19375
I      20352     19376
I      30322     19377
I      20996     19378
I      30305     19379
I       3961     19380
I      28703     19381
I      20912     19382
I      10589     19383
I      12320     19384
I      30694     19385
I      14651     19386
I      26560     19387
I        626     19388
I      17443     19389
I       9341     19390
I      31352     19391
I      11868     19392
I      22599     19393
I       4483     19394
I      27398     19395
I      28145     19396
I       9244     19397
I       6086     19398
I       9564     19399
I      12674     19400
I      27679     19401
I       3782     19402
I      26399     19403
I      12478     19404
I       9139     19405
I      14698     19406
I      31306     19407
I       7760     19408
I      25358     19409
I       8471     19410
I      11046     19411
I      17709     19412
I      13266     19413
I       1834     19414
I      25556     19415
I      18957     19416
I      23515     19417
I      29174     19418
I      32724     19419
I      25863     19420
I      18105     19421
I       3096     19422
I      21072     19423
I      10304     19424
I      19537     19425
I      18858     19426
I      20293     19427
I      15994     19428
I       4683     19429
I      27814     19430
I      25258     19431
I       8025     19432
I      19317     19433
I      12877     19434
I      31861     19435
I       9439     19436
I       5637     19437
I      26297     19438
I      16667     19439
I      25319     19440
I      16270     19441
I      27177     19442
I       4367     19443
I      12833     19444
I      24209     19445
I      19181     19446
I      30545     19447
I      27337     19448
I       7846     19449
I       5026     19450
I       2441     19451
I       1034     19452
I      16336     19453
I      24680     19454
I       7383     19455
I       2887     19456
I      11950     19457
I      16818     19458
I      26148     19459
I       9220     19460
I      15629     19461
I       5752     19462
I      12993     19463
I      30258     19464
I      25395     19465
I      12417     19466
I      23431     19467
I      20550     19468
I      16066     19469
I      15201     19470
I        840     19471
I      28206     19472
I      19414     19473
I       4584     19474
I       8659     19475
I        804     19476
I      12471     19477
I      31991     19478
I       7877     19479
I      19918     19480
I        406     19481
I      19028     19482
I      20879     19483
I      22453     19484
I       9135     19485
I      27878     19486
I      32215     19487
I       7732     19488
I      32461     19489
I      18720     19490
I      31445     19491
I      10006     19492
I      27643     19493
I       3704     19494
I       5751     19495
I      26167     19496
I      16690     19497
I      16789     19498
I      16104     19499
I      21393     19500
I      13430     19501
I      29841     19502
I      15957     19503
I      11603     19504
I       4516     19505
I      29537     19506
I      28518     19507
I      16668     19508
I      30906     19509
I      13129     19510
I      13547     19511
I      14131     19512
I      24341     19513
I      15957     19514
I      15850     19515
I      20061     19516
I      30373     19517
I      15459     19518
I      27679     19519
I      24292     19520
I      10071     19521
I      29733     19522
I      31595     19523
I      16106     19524
I      13895     19525
I      21109     19526
I      11238     19527
I       2793     19528
I       1260     19529
I      17954     19530
I      25544     19531
I       4567     19532
I      13054     19533
I      17932     19534
I      27343     19535
I      14849     19536
I      19306     19537
I       9359     19538
I      23886     19539
I      24997     19540
I       7916     19541
I      13475     19542
I      27338     19543
I      31687     19544
I      11497     19545
I      18754     19546
I       5141     19547
I      29620     19548
I      24460     19549
I      26155     19550
I      28369     19551
I      30367     19552
I      27866     19553
I      26067     19554
I       2613     19555
I      14004     19556
I      23268     19557
I      10350     19558
I      13877     19559
I       9987     19560
I       6366     19561
I      26845     19562
I      20878     19563
I      32349     19564
I         13     19565
I       7301     19566
I      25330     19567
I      13554     19568
I      19112     19569
I       2545     19570
I       4430     19571
I      29425     19572
I       7824     19573
I      17061     19574
I       7834     19575
I      30603     19576
I      20435     19577
I      29508     19578
I      11847     19579
I       3360     19580
I       5707     19581
I      26690     19582
I      10356     19583
I      26270     19584
I      27552     19585
I       4820     19586
I      11554     19587
I      11552     19588
I        791     19589
I      11217     19590
I       8639     19591
I      22239     19592
I      27076     19593
I      22152     19594
I       8786     19595
I      28301     19596
I       3425     19597
I      24792     19598
I      10006     19599
I      20135     19600
I      23221     19601
I      18878     19602
I      19204     19603
I      29131     19604
I      23778     19605
I      22461     19606
I      25889     19607
I      20326     19608
I      29033     19609
I       7646     19610
I      19852     19611
I       5572     19612
I      12968     19613
I       4300     19614
I       1692     19615
I       1237     19616
I      15472     19617
I      18072     19618
I      26128     19619
I       4028     19620
I      20426     19621
I      19453     19622
I       7242     19623
I      30663     19624
I      27799     19625
I      25619     19626
I      26100     19627
I        492     19628
I        961     19629
I      10808     19630
I       1901     19631
I       2490     19632
I      14457     19633
I      32088     19634
I      12618     19635
I      21229     19636
I      31956     19637
I      16585     19638
I      14790     19639
I       5348     19640
I      16787     19641
I      31990     19642
I      30341     19643
I      10357     19644
I      19660     19645
I      25415     19646
I      14939     19647
I       4970     19648
I      30784     19649
I       8671     19650
I       9265     19651
I      28954     19652
I       1381     19653
I      27580     19654
I      14527     19655
I      20365     19656
I       1978     19657
I      27076     19658
I      18109     19659
I      13052     19660
I      29510     19661
I       7084     19662
I      26204     19663
I      16485     19664
I      26406     19665
I      30713     19666
I      11096     19667
I      31504     19668
I      11463     19669
I      12016     19670
I       2797     19671
I      30006     19672
I      16914     19673
I       2949     19674
I      25955     19675
I      25030     19676
I      30916     19677
I      27220     19678
I      21796     19679
I      24202     19680
I      18826     19681
I      21375     19682
I      12006     19683
I      11096     19684
I       9809     19685
I       8731     19686
I      17844     19687
I      16327     19688
I      18958     19689
I      25121     19690
I       1266     19691
I        629     19692
I       2034     19693
I      11042     19694
I      13631     19695
I        417     19696
I      32352     19697
I      32732     19698
I      10992     19699
I       5537     19700
I       1945     19701
I      13964     19702
I        638     19703
I      25360     19704
I       3571     19705
I       6639     19706
I      11362     19707
I      28040     19708
I      32065     19709
I      20323     19710
I      19015     19711
I      23751     19712
I      16952     19713
I      29125     19714
I      23896     19715
I      22091     19716
I      26745     19717
I       7739     19718
I      10361     19719
I      16121     19720
I        345     19721
I      16368     19722
I       2330     19723
I      29277     19724
I      17621     19725
I      27153     19726
I       7775     19727
I      23925     19728
I      14138     19729
I       5776     19730
I      21514     19731
I      15948     19732
I       3160     19733
I      13652     19734
I      31471     19735
I      24895     19736
I      32451     19737
I       4266     19738
I       4571     19739
I      22136     19740
I       8360     19741
I       5233     19742
I      31662     19743
I      19124     19744
I       8950     19745
I      25179     19746
I      11240     19747
I        746     19748
I        416     19749
I       6582     19750
I      30577     19751
I      14307     19752
I       8716     19753
I       7900     19754
I      20247     19755
I      24672     19756
I      30077     19757
I      29605     19758
I      19029     19759
I      29440     19760
I      17865     19761
I       2300     19762
I      11201     19763
I      29663     19764
I      27070     19765
I      31885     19766
I      17297     19767
I      11917     19768
I      31834     19769
I        478     19770
I      14555     19771
I      28315     19772
I      10195     19773
I      17576     19774
I      15600     19775
I       4938     19776
I      16123     19777
I      22368     19778
I       6444     19779
I      26104     19780
I      27889     19781
I      20571     19782
I      21117     19783
I       1669     19784
I      16156     19785
I      19327     19786
I       9193     19787
I      12325     19788
I      14494     19789
I      23054     19790
I      14476     19791
I      16077     19792
I      29180     19793
I       3887     19794
I      26321     19795
I      15771     19796
I      10160     19797
I      22507     19798
I       3579     19799
I        981     19800
I      15223     19801
I      15153     19802
I       5351     19803
I       1762     19804
I      11584     19805
I       4560     19806
I       7323     19807
I      29015     19808
I       4494     19809
I       6434     19810
I      16290     19811
I       1133     19812
I      21542     19813
I       4915     19814
I       8229     19815
I       8112     19816
I       3219     19817
I      20827     19818
I      17397     19819
I      13185     19820
I       3029     19821
I      27360     19822
I      21525     19823
I      30623     19824
I      28841     19825
I       2136     19826
I       6734     19827
I      17193     19828
I      10690     19829
I      24824     19830
I       8731     19831
I      25406     19832
I       8270     19833
I      24664     19834
I       4133     19835
I      20036     19836
I      19294     19837
I      16365     19838
I      21891     19839
I      24039     19840
I        721     19841
I      14529     19842
I       2753     19843
I      14245     19844
I      15459     19845
I       6891     19846
I      30293     19847
I      29203     19848
I      32120     19849
I       4639     19850
I       3443     19851
I       4760     19852
I       3716     19853
I      10604     19854
I      23076     19855
I      26020     19856
I       9387     19857
I       8838     19858
I      29295     19859
I       9792     19860
I      24756     19861
I      27156     19862
I      32294     19863
I       6817     19864
I      23726     19865
I       5149     19866
I      20905     19867
I      27784     19868
I       7206     19869
I       8440     19870
I      27247     19871
I      20017     19872
I       4180     19873
I      18841     19874
I       3931     19875
I      22740     19876
I      10108     19877
I      25250     19878
I      14174     19879
I      26643     19880
I        692     19881
I       8437     19882
I      17591     19883
I      18493     19884
I      27017     19885
I      15880     19886
I      31925     19887
I      20862     19888
I       7476     19889
I      30962     19890
I      28100     19891
I       4583     19892
I      22297     19893
I      27415     19894
I       2637     19895
I      32664     19896
I      12199     19897
I       3877     19898
I      27521     19899
I      26950     19900
I      13069     19901
I      30833     19902
I       3540     19903
I      29364     19904
I      22420     19905
I      21988     19906
I      26887     19907
I      28052     19908
I      20223     19909
I      19100     19910
I       5855     19911
I       1444     19912
I      13495     19913
I       9512     19914
I      21356     19915
I      22638     19916
I      21237     19917
I      10012     19918
I       6729     19919
I      29817     19920
I       3229     19921
I      22770     19922
I       1948     19923
I      30839     19924
I       1714     19925
I      21138     19926
I      28011     19927
I      27443     19928
I       2714     19929
I      11049     19930
I        232     19931
I      31103     19932
I      22972     19933
I      20338     19934
I       5671     19935
I      20532     19936
I      27891     19937
I      24231     19938
I      18347     19939
I       6015     19940
I      21401     19941
I      13733     19942
I       9381     19943
I       7341     19944
I      29780     19945
I      26784     19946
I      32455     19947
I      18354     19948
I      27903     19949
I      23297     19950
I      32150     19951
I      12045     19952
I       1197     19953
I      31018     19954
I      29723     19955
I      28826     19956
I      28427     19957
I      13279     19958
I      32093     19959
I      15149     19960
I       6720     19961
I      21641     19962
I      21257     19963
I      16912     19964
I      18490     19965
I       6014     19966
I       1505     19967
I      27156     19968
I      13903     19969
I      17137     19970
I      25798     19971
I      10700     19972
I       5461     19973
I       2491     19974
I        155     19975
I       7657     19976
I      32171     19977
I        229     19978
I        355     19979
I      12854     19980
I      24944     19981
I       3957     19982
I      23116     19983
I      29250     19984
I      28577     19985
I      14920     19986
I       5919     19987
I      14792     19988
I       5002     19989
I       7336     19990
I      28141     19991
I      17489     19992
I      21738     19993
I      29063     19994
I       8084     19995
I      30201     19996
I      22497     19997
I       1576     19998
I       3025     19999
I      28280     20000
I      11167     20001
I       1400     20002
I       2841     20003
I      13813     20004
I      20961     20005
I      18680     20006
I      28761     20007
I      18603     20008
I       8426     20009
I      24955     20010
I       8121     20011
I      23604     20012
I       6832     20013
I       6780     20014
I       9638     20015
I       6315     20016
I       4575     20017
I      26425     20018
I      15528     20019
I       5642     20020
I      23849     20021
I      24115     20022
I       3473     20023
I        840     20024
I      13122     20025
I      11371     20026
I      27334     20027
I       6897     20028
I       3564     20029
I       1860     20030
I      15078     20031
I       3965     20032
I      17748     20033
I       6833     20034
I      15890     20035
I      31863     20036
I      30079     20037
I      10308     20038
I      30400     20039
I      28152     20040
I      22188     20041
I      13268     20042
I      12484     20043
I       3697     20044
I      30255     20045
I       1727     20046
I      10930     20047
I      27799     20048
I       6875     20049
I      14110     20050
I      19539     20051
I      19700     20052
I       1452     20053
I      24825     20054
I      27951     20055
I       1147     20056
I       3608     20057
I      11484     20058
I      12094     20059
I       1287     20060
I       4090     20061
I      25560     20062
I      15204     20063
I      29476     20064
I      17187     20065
I      25443     20066
I      25855     20067
I       2757     20068
I       1548     20069
I      19058     20070
I      22620     20071
I      10174     20072
I      25888     20073
I      24112     20074
I      30403     20075
I      19433     20076
I      18562     20077
I       1763     20078
I      14536     20079
I      13325     20080
I       3345     20081
I      16149     20082
I      26018     20083
I      16370     20084
I      14532     20085
I      30098     20086
I      23407     20087
I      17542     20088
I        479     20089
I       3617     20090
I      24672     20091
I      11518     20092
I       8637     20093
I      10284     20094
I      16279     20095
I      12547     20096
I      10831     20097
I       4491     20098
I      30527     20099
I       4222     20100
I      14201     20101
I      11375     20102
I      32603     20103
I      26594     20104
I        470     20105
I       8074     20106
I       8912     20107
I      18069     20108
I      18344     20109
I      11175     20110
I      30859     20111
I      32742     20112
I      30008     20113
I       7643     20114
I      21202     20115
I      11142     20116
I      10084     20117
I      10426     20118
I      19980     20119
I        250     20120
I       3262     20121
I       8767     20122
I      18187     20123
I      32068     20124
I      29119     20125
I      27727     20126
I      19440     20127
I      12098     20128
I       3395     20129
I       3609     20130
I       9051     20131
I      11873     20132
I      10761     20133
I      25722     20134
I       3776     20135
I       5009     20136
I       3328     20137
I       5623     20138
I      10522     20139
I       2367     20140
I      26131     20141
I       2877     20142
I      24915     20143
I      20183     20144
I       4860     20145
I      14162     20146
I       5048     20147
I      12797     20148
I      10314     20149
I      12971     20150
I      26054     20151
I       7204     20152
I      14491     20153
I       3583     20154
I      30185     20155
I      16385     20156
I      26835     20157
I       7013     20158
I      23619     20159
I      24034     20160
I      22746     20161
I        237     20162
I      15207     20163
I      11361     20164
I       2047     20165
I       3687     20166
I      12252     20167
I      28174     20168
I       3065     20169
I       9364     20170
I      18903     20171
I      14634     20172
I      20207     20173
I      12083     20174
I        198     20175
I      13511     20176
I      18692     20177
I      27198     20178
I      21521     20179
I       3706     20180
I      27282     20181
I       4786     20182
I      30890     20183
I      19278     20184
I      14151     20185
I       7247     20186
I      19930     20187
I      20253     20188
I      24338     20189
I      13185     20190
I      15902     20191
I      22938     20192
I       5651     20193
I      13088     20194
I      18104     20195
I      23270     20196
I      17283     20197
I      24459     20198
I      14573     20199
I      27880     20200
I       5550     20201
I      27243     20202
I       9382     20203
I      22460     20204
I       6757     20205
I       1857     20206
I      30765     20207
I      27376     20208
I      11435     20209
I      10602     20210
I      14677     20211
I      28392     20212
I      10606     20213
I       4949     20214
I      23955     20215
I      23838     20216
I      31918     20217
I      10138     20218
I       9800     20219
I      18777     20220
I      25536     20221
I       3340     20222
I      22838     20223
I      18378     20224
I      32556     20225
I      32054     20226
I      13075     20227
I       5553     20228
I      14372     20229
I      11149     20230
I       6814     20231
I       4870     20232
I      20708     20233
I       3272     20234
I      18631     20235
I      19179     20236
I      16830     20237
I      28031     20238
I      25572     20239
I      19134     20240
I      19307     20241
I      22724     20242
I      11237     20243
I      20076     20244
I      23679     20245
I        632     20246
I      31015     20247
I       5937     20248
I       3369     20249
I      12345     20250
I      16486     20251
I      20494     20252
I      11798     20253
I      26915     20254
I      14534     20255
I       8191     20256
I      28891     20257
I      22887     20258
I      28101     20259
I      19673     20260
I      25041     20261
I      19422     20262
I       9069     20263
I       9866     20264
I       5722     20265
I      27437     20266
I      19996     20267
I      23089     20268
I      24098     20269
I      28380     20270
I      25972     20271
I      17694     20272
I       8699     20273
I      19272     20274
I        998     20275
I      28181     20276
I      31234     20277
I       8805     20278
I       3979     20279
I      23449     20280
I      30310     20281
I      24174     20282
I       4533     20283
I      28142     20284
I      13923     20285
I       4293     20286
I      23582     20287
I      32415     20288
I      27148     20289
I      11315     20290
I      16678     20291
I      11048     20292
I      30684     20293
I       3158     20294
I       7140     20295
I      17327     20296
I      21200     20297
I      10981     20298
I       9290     20299
I      20652     20300
I      17047     20301
I      22138     20302
I       9411     20303
I      23013     20304
I       5693     20305
I        917     20306
I       9587     20307
I      10359     20308
I      25065     20309
I      17104     20310
I      29696     20311
I       5583     20312
I      16167     20313
I       8227     20314
I      23730     20315
I      21547     20316
I      15954     20317
I      18636     20318
I      12911     20319
I      20890     20320
I      13138     20321
I       9189     20322
I      12954     20323
I      12599     20324
I      11116     20325
I       5030     20326
I      19058     20327
I       5721     20328
I      30391     20329
I      26341     20330
I      24588     20331
I      31464     20332
I      12137     20333
I      18677     20334
I      23494     20335
I      19628     20336
I       8398     20337
I      32347     20338
I      30617     20339
I       9797     20340
I      15592     20341
I      20945     20342
I       5372     20343
I      12986     20344
I      17718     20345
I      29622     20346
I      11932     20347
I       2855     20348
I      15189     20349
I       5040     20350
I      28559     20351
I      30598     20352
I      21745     20353
I      17689     20354
I      18121     20355
I      13305     20356
I      20082     20357
I      30666     20358
I      12779     20359
I      29604     20360
I       2134     20361
I      27669     20362
I        249     20363
I      21226     20364
I       9688     20365
I       5651     20366
I      25161     20367
I      30518     20368
I      13313     20369
I      12744     20370
I      19305     20371
I      25490     20372
I       8784     20373
I      28648     20374
I       1217     20375
I      11623     20376
I      20895     20377
I       3686     20378
I       4371     20379
I      14999     20380
I      16915     20381
I       2572     20382
I      20758     20383
I      27287     20384
I        433     20385
I      28319     20386
I        874     20387
I      12501     20388
I      21927     20389
I      16036     20390
I       7589     20391
I       7559     20392
I      29577     20393
I      28061     20394
I      21940     20395
I      24412     20396
I       2739     20397
I       8688     20398
I       9126     20399
I       6618     20400
I      14312     20401
I      29163     20402
I      30604     20403
I      16694     20404
I       5207     20405
I       4045     20406
I      28588     20407
I      15355     20408
I      21303     20409
I      21251     20410
I      18692     20411
I       1036     20412
I      26329     20413
I      11613     20414
I      24709     20415
I      22298     20416
I      15747     20417
I      21736     20418
I      22819     20419
I      23926     20420
I      23028     20421
I      15827     20422
I       2188     20423
I      12760     20424
I       5319     20425
I      26599     20426
I      31585     20427
I       1336     20428
I       6581     20429
I       6655     20430
I      14321     20431
I       8498     20432
I      20455     20433
I      12171     20434
I       6404     20435
I      15754     20436
I      18069     20437
I      18039     20438
I      19931     20439
I       1344     20440
I       6126     20441
I       2473     20442
I       3631     20443
I      29573     20444
I       1705     20445
I       8164     20446
I      10443     20447
I      16984     20448
I       1304     20449
I      30012     20450
I      30234     20451
I      17879     20452
I      30846     20453
I      30033     20454
I      30662     20455
I       1534     20456
I      10979     20457
I      30877     20458
I      23242     20459
I      17625     20460
I      30528     20461
I      29367     20462
I       6400     20463
I      15853     20464
I       1920     20465
I      28236     20466
I      14234     20467
I      31128     20468
I      21380     20469
I       6216     20470
I       4006     20471
I      31823     20472
I      13954     20473
I       7524     20474
I      32257     20475
I      32434     20476
I      17271     20477
I      21600     20478
I      21727     20479
I      14423     20480
I      25733     20481
I      15546     20482
I       6292     20483
I      29630     20484
I      29377     20485
I       4869     20486
I      25783     20487
I      13646     20488
I      31929     20489
I      30872     20490
I         10     20491
I      17103     20492
I        567     20493
I       9283     20494
I      25499     20495
I      12837     20496
I       9904     20497
I      30785     20498
I      21476     20499
I       4260     20500
I      27383     20501
I      22127     20502
I      30274     20503
I       8418     20504
I       5559     20505
I       3339     20506
I      18208     20507
I       5500     20508
I      25272     20509
I      29957     20510
I      18284     20511
I       4150     20512
I      27822     20513
I      19376     20514
I       1961     20515
I       6853     20516
I      22022     20517
I      12323     20518
I      23236     20519
I      19007     20520
I      30267     20521
I       3456     20522
I      11391     20523
I        353     20524
I       1448     20525
I      11094     20526
I      10163     20527
I      12332     20528
I      18265     20529
I       3388     20530
I      11464     20531
I      29249     20532
I      24477     20533
I      32512     20534
I      18701     20535
I      21438     20536
I       1195     20537
I      19963     20538
I      28431     20539
I       6476     20540
I       6754     20541
I      10064     20542
I      16658     20543
I      14060     20544
I       3274     20545
I       5355     20546
I      31374     20547
I      16399     20548
I      10229     20549
I      29561     20550
I      20526     20551
I      15388     20552
I       1253     20553
I      29726     20554
I      14014     20555
I       4106     20556
I       5091     20557
I      13292     20558
I       8437     20559
I       9210     20560
I      21830     20561
I      19058     20562
I      11804     20563
I       1056     20564
I       4570     20565
I      16028     20566
I      21895     20567
I      10231     20568
I       1603     20569
I      16172     20570
I       5161     20571
I      24993     20572
I      21696     20573
I       9487     20574
I       9731     20575
I      11185     20576
I       1776     20577
I      18060     20578
I       2729     20579
I       5394     20580
I       4051     20581
I      28347     20582
I      14827     20583
I      17401     20584
I       9253     20585
I        733     20586
I      19729     20587
I       4735     20588
I      23701     20589
I      11605     20590
I      15777     20591
I       6517     20592
I       8406     20593
I      18726     20594
I      17795     20595
I      26493     20596
I       1161     20597
I      16337     20598
I      21955     20599
I      18003     20600
I      14097     20601
I      21882     20602
I      23466     20603
I      23149     20604
I       6205     20605
I      25386     20606
I      12395     20607
I      24684     20608
I      17890     20609
I      31023     20610
I       8133     20611
I      29946     20612
I        651     20613
I      20041     20614
I       8361     20615
I       9573     20616
I      10605     20617
I      17727     20618
I      16878     20619
I      11225     20620
I      16021     20621
I      27095     20622
I      29253     20623
I        807     20624
I      30225     20625
I      11263     20626
I      14479     20627
I      11289     20628
I      31836     20629
I      28805     20630
I      22520     20631
I      13192     20632
I      28152     20633
I      28368     20634
I      30141     20635
I      29030     20636
I        849     20637
I      28616     20638
I       7963     20639
I        238     20640
I      30060     20641
I      19366     20642
I      22487     20643
I      13651     20644
I       4850     20645
I       6225     20646
I      25327     20647
I      26100     20648
I      29113     20649
I      14649     20650
I       2029     20651
I       3398     20652
I      14872     20653
I      28363     20654
I      21820     20655
I      17541     20656
I      32293     20657
I       8679     20658
I       1798     20659
I      32022     20660
I       8265     20661
I       4124     20662
I      29161     20663
I      25543     20664
I      15971     20665
I      13876     20666
I      25686     20667
I      22722     20668
I      13140     20669
I      26851     20670
I      29461     20671
I      21383     20672
I      15624     20673
I      21399     20674
I      26014     20675
I      11680     20676
I      29851     20677
I      17863     20678
I      29606     20679
I       5934     20680
I      10178     20681
I      30324     20682
I      30391     20683
I       7832     20684
I       3877     20685
I       1657     20686
I      23814     20687
I       9113     20688
I      32529     20689
I      15981     20690
I       5994     20691
I       4515     20692
I      17704     20693
I      15055     20694
I       6337     20695
I      17992     20696
I      31801     20697
I      13322     20698
I      29438     20699
I       4887     20700
I       2477     20701
I       4733     20702
I       6078     20703
I      24783     20704
I       8259     20705
I      26498     20706
I      24675     20707
I      32225     20708
I      28565     20709
I      13825     20710
I       5368     20711
I       7510     20712
I      26046     20713
I      11686     20714
I       1841     20715
I      28787     20716
I      22471     20717
I      24286     20718
I      21122     20719
I      28918     20720
I      28759     20721
I      26625     20722
I      17217     20723
I      30825     20724
I       2833     20725
I      16612     20726
I      17608     20727
I      13449     20728
I      12350     20729
I      15945     20730
I       7643     20731
I      22123     20732
I        538     20733
I       9436     20734
I      27689     20735
I      16883     20736
I      11382     20737
I      25788     20738
I      17523     20739
I      29461     20740
I      19880     20741
I      28870     20742
I       4988     20743
I      25975     20744
I       7859     20745
I      19359     20746
I      20257     20747
I      24265     20748
I       4108     20749
I       6446     20750
I      27637     20751
I      21745     20752
I       9170     20753
I      30440     20754
I       7761     20755
I      10624     20756
I       4648     20757
I        105     20758
I      23746     20759
I      15359     20760
I      18983     20761
I       6641     20762
I       1209     20763
I      18642     20764
I       1249     20765
I      18404     20766
I      19955     20767
I      30180     20768
I       1581     20769
I      16409     20770
I       4133     20771
I       2498     20772
I      26486     20773
I       5081     20774
I      22446     20775
I      10936     20776
I      11991     20777
I      24905     20778
I      32351     20779
I      11208     20780
I      12419     20781
I      22767     20782
I      26038     20783
I      29720     20784
I      26224     20785
I      20013     20786
I      21794     20787
I      11925     20788
I       9597     20789
I       8847     20790
I      12716     20791
I      19238     20792
I       5365     20793
I      13947     20794
I      14578     20795
I       4693     20796
I      27769     20797
I      21176     20798
I      11857     20799
I      15139     20800
I      30948     20801
I      16035     20802
I       5301     20803
I      16459     20804
I      17416     20805
I        350     20806
I      24776     20807
I       9092     20808
I      30694     20809
I      27126     20810
I      31039     20811
I       7986     20812
I      30002     20813
I      29565     20814
I      12806     20815
I       6571     20816
I      11964     20817
I      19320     20818
I      12340     20819
I      29323     20820
I      14887     20821
I       3914     20822
I      30842     20823
I       5507     20824
I      23909     20825
I       5977     20826
I      18888     20827
I      15294     20828
I      30002     20829
I      10022     20830
I      29612     20831
I      32601     20832
I        469     20833
I      27240     20834
I       2964     20835
I      16394     20836
I      29240     20837
I      20921     20838
I       7354     20839
I      14134     20840
I        736     20841
I      13141     20842
I       7649     20843
I      11053     20844
I       7065     20845
I      28113     20846
I       1709     20847
I       5184     20848
I      12412     20849
I      23097     20850
I      12890     20851
I      10403     20852
I      31125     20853
I      19955     20854
I      20190     20855
I      15372     20856
I       9532     20857
I      13637     20858
I      29633     20859
I      27454     20860
I      29314     20861
I      24636     20862
I      21574     20863
I       8450     20864
I      21394     20865
I      13326     20866
I      24191     20867
I      12515     20868
I      25520     20869
I       9131     20870
I      25468     20871
I      14717     20872
I      17486     20873
I      15248     20874
I      28524     20875
I      10528     20876
I       6682     20877
I      27621     20878
I      31667     20879
I       8465     20880
I      17309     20881
I      13897     20882
I      10607     20883
I      10639     20884
I      25707     20885
I       4086     20886
I      21322     20887
I      29136     20888
I       5571     20889
I      15884     20890
I      11098     20891
I      13294     20892
I      17161     20893
I      32567     20894
I       3056     20895
I      12826     20896
I      19962     20897
I      24136     20898
I      16329     20899
I       5379     20900
I       3248     20901
I       5993     20902
I      21873     20903
I      24836     20904
I      25336     20905
I      10724     20906
I      16833     20907
I      12169     20908
I      15393     20909
I      25320     20910
I      29473     20911
I      23866     20912
I       7814     20913
I      17244     20914
I      22459     20915
I      19076     20916
I      17462     20917
I       5591     20918
I       8855     20919
I      29839     20920
I      23582     20921
I       7232     20922
I       8151     20923
I      30441     20924
I      17418     20925
I      21617     20926
I       5812     20927
I       6626     20928
I      16040     20929
I       2092     20930
I       4884     20931
I      19887     20932
I       4645     20933
I      28859     20934
I      13307     20935
I      26757     20936
I      29591     20937
I      26878     20938
I       4375     20939
I      12756     20940
I      10500     20941
I        454     20942
I      12492     20943
I      28832     20944
I       4350     20945
I       5450     20946
I      16031     20947
I      20692     20948
I      31274     20949
I       4179     20950
I      23431     20951
I       5334     20952
I      25458     20953
I       7143     20954
I      31275     20955
I      16045     20956
I      11216     20957
I       3891     20958
I      21433     20959
I      29056     20960
I      19652     20961
I      14227     20962
I      25126     20963
I      29838     20964
I      28679     20965
I        524     20966
I      12290     20967
I      29865     20968
I       4198     20969
I        894     20970
I        797     20971
I       7739     20972
I        410     20973
I      14076     20974
I       7284     20975
I      11147     20976
I      27877     20977
I      26292     20978
I      27551     20979
I      30768     20980
I      20516     20981
I       9537     20982
I      13907     20983
I      26485     20984
I      17754     20985
I      11131     20986
I      28416     20987
I       2444     20988
I      18318     20989
I        908     20990
I       6755     20991
I      11062     20992
I      21631     20993
I      30746     20994
I      26493     20995
I      32296     20996
I      31198     20997
I      11797     20998
I      30461     20999
I      17164     21000
I      31419     21001
I       1713     21002
I      17934     21003
I      21817     21004
I      27641     21005
I      15684     21006
I      32485     21007
I      14851     21008
I      19754     21009
I      32302     21010
I       4436     21011
I      19963     21012
I      12369     21013
I      27548     21014
I      13337     21015
I       3853     21016
I      25034     21017
I      15450     21018
I       6572     21019
I       8247     21020
I       4469     21021
I       5646     21022
I      11305     21023
I      32019     21024
I      32196     21025
I      11900     21026
I      32381     21027
I      13704     21028
I       8708     21029
I      23872     21030
I      17572     21031
I      20581     21032
I       9924     21033
I      13600     21034
I       5499     21035
I      23559     21036
I      15758     21037
I      32460     21038
I      26192     21039
I      15480     21040
I      16510     21041
I       5546     21042
I       2348     21043
I      23978     21044
I      23701     21045
I      22996     21046
I      17876     21047
I       1767     21048
I      10695     21049
I      29801     21050
I       4534     21051
I      22983     21052
I      11849     21053
I      11311     21054
I       9934     21055
I      10166     21056
I      18174     21057
I      19911     21058
I       4946     21059
I      21705     21060
I       1303     21061
I      28537     21062
I      11525     21063
I       7530     21064
I      21356     21065
I      19102     21066
I      28050     21067
I      20737     21068
I      15901     21069
I      15771     21070
I      32603     21071
I      23979     21072
I      30817     21073
I      13152     21074
I       4034     21075
I       7014     21076
I       1071     21077
I       6949     21078
I      32082     21079
I      16356     21080
I       4213     21081
I      18913     21082
I      29061     21083
I       9130     21084
I      19662     21085
I      26909     21086
I       2317     21087
I      19453     21088
I       2084     21089
I      22305     21090
I      14120     21091
I      25172     21092
I      18055     21093
I      16026     21094
I       2810     21095
I      26749     21096
I       1703     21097
I       5660     21098
I      28689     21099
I      10218     21100
I      19678     21101
I       6736     21102
I      18478     21103
I      23180     21104
I      17799     21105
I       4912     21106
I       8417     21107
I       9674     21108
I      11022     21109
I      24031     21110
I      22480     21111
I       5729     21112
I      23689     21113
I      32151     21114
I        865     21115
I      16762     21116
I       1170     21117
I      30686     21118
I      13885     21119
I        107     21120
I      29545     21121
I      21325     21122
I      13740     21123
I       8769     21124
I       8426     21125
I      18935     21126
I      21136     21127
I      23496     21128
I       4674     21129
I       1696     21130
I      17515     21131
I      20530     21132
I      22650     21133
I      28437     21134
I      31059     21135
I      30591     21136
I      23601     21137
I      23205     21138
I      26205     21139
I       6625     21140
I      24814     21141
I       6080     21142
I      10622     21143
I       3488     21144
I      20174     21145
I      12144     21146
I      25744     21147
I      16233     21148
I       1209     21149
I      12946     21150
I      14589     21151
I      19492     21152
I      16150     21153
I       6583     21154
I       6556     21155
I      27626     21156
I       1761     21157
I        539     21158
I      31129     21159
I      22652     21160
I      13228     21161
I       6984     21162
I      28154     21163
I      15960     21164
I        199     21165
I        216     21166
I      14786     21167
I        631     21168
I       6317     21169
I      15086     21170
I       3745     21171
I       3382     21172
I      20964     21173
I       1198     21174
I       1993     21175
I       6615     21176
I      19415     21177
I       5107     21178
I      22145     21179
I      15304     21180
I      32156     21181
I      23113     21182
I       2671     21183
I      19815     21184
I      14125     21185
I      16410     21186
I      24431     21187
I      18100     21188
I       1087     21189
I        205     21190
I      14914     21191
I       6089     21192
I       8788     21193
I      23011     21194
I      10825     21195
I      31625     21196
I      31999     21197
I      14717     21198
I       2651     21199
I       6629     21200
I       6014     21201
I      32134     21202
I      18572     21203
I       1424     21204
I      22178     21205
I      23079     21206
I      21248     21207
I      27524     21208
I      14340     21209
I      20183     21210
I      28823     21211
I      16900     21212
I       5005     21213
I       2144     21214
I      16845     21215
I       2231     21216
I       5673     21217
I      13176     21218
I      12327     21219
I      19796     21220
I      26815     21221
I       1824     21222
I       8480     21223
I       2926     21224
I      10111     21225
I       6989     21226
I      31277     21227
I      17038     21228
I       8955     21229
I      12084     21230
I      25671     21231
I      21188     21232
I      20435     21233
I      19909     21234
I       9768     21235
I      22379     21236
I       1046     21237
I      30504     21238
I      23196     21239
I       4156     21240
I      13080     21241
I      23121     21242
I      22262     21243
I       8448     21244
I      20524     21245
I       4338     21246
I       1238     21247
I      28996     21248
I      19333     21249
I      14431     21250
I       3810     21251
I      11323     21252
I       7885     21253
I      24787     21254
I      13267     21255
I      31780     21256
I      28996     21257
I      13984     21258
I      16887     21259
I      24872     21260
I      22629     21261
I      17149     21262
I       6013     21263
I      17632     21264
I       3485     21265
I      26393     21266
I      24396     21267
I      19568     21268
I      15058     21269
I      23353     21270
I      12136     21271
I      13961     21272
I      22174     21273
I      18648     21274
I      18427     21275
I      18642     21276
I      24708     21277
I      15296     21278
I      23809     21279
I      13378     21280
I       9969     21281
I      15902     21282
I      23822     21283
I      24762     21284
I      21191     21285
I      21143     21286
I       9876     21287
I      11150     21288
I       6585     21289
I      32532     21290
I       2106     21291
I       9006     21292
I      27253     21293
I      10655     21294
I      12935     21295
I      10319     21296
I      16072     21297
I       2254     21298
I      23503     21299
I      28551     21300
I      19612     21301
I      11159     21302
I      30530     21303
I       7701     21304
I       8133     21305
I      27301     21306
I       6167     21307
I      17604     21308
I      29799     21309
I      30910     21310
I      24883     21311
I      11880     21312
I       3029     21313
I      26178     21314
I       7709     21315
I      17895     21316
I      32699     21317
I      24542     21318
I      21514     21319
I      31678     21320
I      28374     21321
I      31383     21322
I      26419     21323
I      24019     21324
I      32218     21325
I      13250     21326
I      15659     21327
I       8626     21328
I      22691     21329
I      29837     21330
I      14849     21331
I      14008     21332
I      16906     21333
I      21516     21334
I      13655     21335
I      22189     21336
I      15683     21337
I      25640     21338
I      26425     21339
I      22183     21340
I      14710     21341
I       2117     21342
I      24168     21343
I      24149     21344
I       6042     21345
I      18220     21346
I      28968     21347
I      20697     21348
I      25462     21349
I      30625     21350
I      27819     21351
I       2579     21352
I      22190     21353
I      17310     21354
I      17394     21355
I       5567     21356
I       8728     21357
I      23467     21358
I      14623     21359
I      21718     21360
I      20279     21361
I       4968     21362
I       7366     21363
I      12951     21364
I       1993     21365
I      15840     21366
I       6907     21367
I      14363     21368
I       3594     21369
I       5720     21370
I      23063     21371
I      18262     21372
I      15705     21373
I      20802     21374
I      21140     21375
I        950     21376
I       4635     21377
I      19886     21378
I      22399     21379
I      22813     21380
I      10618     21381
I       6720     21382
I      28848     21383
I      10467     21384
I      19757     21385
I      13402     21386
I      23932     21387
I       9330     21388
I      11767     21389
I      14079     21390
I      11704     21391
I      13515     21392
I      21859     21393
I      24832     21394
I      17963     21395
I      11649     21396
I      10509     21397
I       9529     21398
I      29808     21399
I      12565     21400
I      21732     21401
I       5276     21402
I      26859     21403
I      25816     21404
I      31520     21405
I       6372     21406
I       4207     21407
I      27676     21408
I      31304     21409
I      24571     21410
I      21151     21411
I      14411     21412
I      17184     21413
I      30277     21414
I       6252     21415
I      12054     21416
I       7903     21417
I      17279     21418
I      28667     21419
I       5139     21420
I      28543     21421
I       8233     21422
I       7456     21423
I      22845     21424
I      16449     21425
I       1488     21426
I      27716     21427
I      15736     21428
I       1578     21429
I      20575     21430
I      21400     21431
I      20872     21432
I       8055     21433
I      10132     21434
I      29323     21435
I      22678     21436
I      26710     21437
I       8321     21438
I       6780     21439
I       8128     21440
I      22532     21441
I      24581     21442
I      13452     21443
I      19426     21444
I      15199     21445
I      17806     21446
I      10511     21447
I       1666     21448
I       7231     21449
I       4260     21450
I      11221     21451
I       7367     21452
I      22825     21453
I      25242     21454
I       5623     21455
I      27531     21456
I       7364     21457
I      23641     21458
I      15717     21459
I       1856     21460
I        146     21461
I       4781     21462
I      17508     21463
I      14186     21464
I      21867     21465
I       5062     21466
I      30064     21467
I       9237     21468
I       3508     21469
I      26330     21470
I       7645     21471
I      23515     21472
I      31820     21473
I      11262     21474
I      32151     21475
I       3308     21476
I       3877     21477
I       9311     21478
I       8140     21479
I       6981     21480
I       5229     21481
I      25307     21482
I      30727     21483
I      13919     21484
I      13813     21485
I      11274     21486
I       7764     21487
I       4004     21488
I      25477     21489
I      13161     21490
I      15446     21491
I       8789     21492
I      30083     21493
I      21208     21494
I      12072     21495
I      28896     21496
I      10428     21497
I      30290     21498
I      15461     21499
I      15096     21500
I      18947     21501
I      13418     21502
I      10298     21503
I       6256     21504
I      23785     21505
I      16963     21506
I      23015     21507
I      13693     21508
I       4822     21509
I      14115     21510
I      21720     21511
I      32690     21512
I      25428     21513
I      15102     21514
I      31560     21515
I      30011     21516
I      16307     21517
I       7533     21518
I       1924     21519
I       4925     21520
I      17943     21521
I       6609     21522
I      23746     21523
I       2216     21524
I       4787     21525
I      24198     21526
I      20291     21527
I       7289     21528
I      25076     21529
I      29335     21530
I        972     21531
I       7682     21532
I      14583     21533
I      22549     21534
I      27345     21535
I      23978     21536
I      12203     21537
I      23652     21538
I       4021     21539
I       3476     21540
I       7759     21541
I      28925     21542
I      20278     21543
I       2283     21544
I      14541     21545
I      22859     21546
I      23939     21547
I       7221     21548
I       2207     21549
I        722     21550
I      16112     21551
I      32441     21552
I      10694     21553
I      13326     21554
I      29914     21555
I      19310     21556
I      15900     21557
I       6631     21558
I       2516     21559
I      29862     21560
I      24909     21561
I       2123     21562
I      12112     21563
I       2613     21564
I       1448     21565
I       1562     21566
I      30486     21567
I       4845     21568
I      32228     21569
I      20089     21570
I       2863     21571
I      26338     21572
I       1547     21573
I      22529     21574
I       7755     21575
I      30343     21576
I      27349     21577
I      16024     21578
I      19537     21579
I      16563     21580
I      29074     21581
I      26931     21582
I       1598     21583
I      28167     21584
I      27181     21585
I       1936     21586
I      28415     21587
I       6439     21588
I      14442     21589
I       5608     21590
I      24087     21591
I      24455     21592
I      24156     21593
I      24627     21594
I      12951     21595
I      32375     21596
I       1159     21597
I      23607     21598
I      15825     21599
I       4983     21600
I      20881     21601
I      21607     21602
I        136     21603
I      14459     21604
I      12947     21605
I      12221     21606
I      23068     21607
I      12089     21608
I      14365     21609
I      11615     21610
I      21053     21611
I      16551     21612
I      31646     21613
I      27304     21614
I      31383     21615
I      26778     21616
I      26521     21617
I       4221     21618
I      15142     21619
I       2516     21620
I       9936     21621
I      22428     21622
I       1929     21623
I      24944     21624
I      14046     21625
I       9721     21626
I      11481     21627
I       1355     21628
I      23633     21629
I      26415     21630
I      23967     21631
I      31268     21632
I      25618     21633
I      13639     21634
I       2426     21635
I       6598     21636
I      26740     21637
I       6092     21638
I       9681     21639
I      32054     21640
I      23017     21641
I       1980     21642
I       7455     21643
I      10413     21644
I       6516     21645
I      21211     21646
I      24550     21647
I      21407     21648
I       3594     21649
I      20390     21650
I      15210     21651
I      20017     21652
I       5189     21653
I      31499     21654
I      23985     21655
I      21155     21656
I      30953     21657
I      27046     21658
I      12231     21659
I      14332     21660
I       2314     21661
I      28909     21662
I      19700     21663
I      31512     21664
I      25816     21665
I       8399     21666
I      20597     21667
I      29348     21668
I       2240     21669
I       3863     21670
I      12990     21671
I      23968     21672
I      14034     21673
I       3080     21674
I      19159     21675
I      15541     21676
I      12934     21677
I       1379     21678
I       3648     21679
I      24306     21680
I      10869     21681
I      14773     21682
I      25766     21683
I      18179     21684
I       7399     21685
I      18302     21686
I       3120     21687
I       6972     21688
I      29536     21689
I       4378     21690
I       6668     21691
I       7344     21692
I       5733     21693
I      23229     21694
I       4132     21695
I      30226     21696
I      24288     21697
I      14731     21698
I      19536     21699
I      27651     21700
I      15240     21701
I      20329     21702
I      10220     21703
I       4884     21704
I      31333     21705
I       3262     21706
I       9573     21707
I       2809     21708
I      10604     21709
I      12014     21710
I      14642     21711
I      24581     21712
I       4413     21713
I      24894     21714
I       7701     21715
I       7881     21716
I       9121     21717
I       2505     21718
I       1191     21719
I      32087     21720
I      22925     21721
I      11720     21722
I      12739     21723
I       1631     21724
I       4244     21725
I       3204     21726
I      14302     21727
I      30991     21728
I       7147     21729
I      24974     21730
I      13909     21731
I      31887     21732
I      17828     21733
I      19598     21734
I      12096     21735
I       7925     21736
I      26617     21737
I       5921     21738
I      15456     21739
I      18486     21740
I      13318     21741
I      19691     21742
I      31848     21743
I      11696     21744
I      16439     21745
I      31934     21746
I       8257     21747
I      13170     21748
I      10989     21749
I      27732     21750
I      16932     21751
I       5765     21752
I      24098     21753
I      29122     21754
I      21109     21755
I      23746     21756
I      17602     21757
I      30817     21758
I      11445     21759
I      11353     21760
I      25329     21761
I       7840     21762
I      24174     21763
I      18503     21764
I       3715     21765
I      20356     21766
I      21216     21767
I      10622     21768
I      11239     21769
I      10956     21770
I       4196     21771
I       7015     21772
I       2370     21773
I      20981     21774
I       1446     21775
I      30412     21776
I      28876     21777
I       5060     21778
I      20340     21779
I      13334     21780
I       1792     21781
I      19005     21782
I      21300     21783
I        945     21784
I      12125     21785
I      13287     21786
I      11948     21787
I      12011     21788
I      11622     21789
I      15831     21790
I       1298     21791
I      28444     21792
I      25244     21793
I       2704     21794
I       6706     21795
I      25892     21796
I      20045     21797
I      27808     21798
I       5614     21799
I      25264     21800
I      31310     21801
I      15759     21802
I      18215     21803
I      22839     21804
I      10706     21805
I      16742     21806
I      12379     21807
I      24264     21808
I       4147     21809
I      25981     21810
I      15477     21811
I      26676     21812
I       9158     21813
I      29081     21814
I       4894     21815
I      16371     21816
I      32526     21817
I      26540     21818
I      17784     21819
I      27617     21820
I      31562     21821
I      21162     21822
I       7450     21823
I      17763     21824
I       3453     21825
I      26946     21826
I      31233     21827
I      18287     21828
I      17877     21829
I      28966     21830
I      23516     21831
I      21074     21832
I        836     21833
I      27012     21834
I      31347     21835
I       2428     21836
I      32764     21837
I      24018     21838
I      23934     21839
I       9305     21840
I       7502     21841
I      12777     21842
I      31973     21843
I      18621     21844
I      11882     21845
I      16221     21846
I      28824     21847
I      23852     21848
I      31388     21849
I      22284     21850
I       3852     21851
I      19297     21852
I       7637     21853
I      14839     21854
I      32547     21855
I      16650     21856
I      15297     21857
I      25061     21858
I      29456     21859
I      24346     21860
I       5957     21861
I      26057     21862
I       6257     21863
I       5738     21864
I      32517     21865
I      23682     21866
I      31713     21867
I       5910     21868
I      26818     21869
I      25796     21870
I      12184     21871
I      23129     21872
I      10495     21873
I      29133     21874
I      32584     21875
I      15387     21876
I      31487     21877
I      16710     21878
I      28316     21879
I      19600     21880
I       7561     21881
I      31505     21882
I       1963     21883
I      14018     21884
I       8672     21885
I      18886     21886
I      13298     21887
I      24386     21888
I      10290     21889
I      16618     21890
I       7747     21891
I      28294     21892
I       6055     21893
I      31029     21894
I      24161     21895
I      19687     21896
I      26270     21897
I      20792     21898
I      24461     21899
I       1772     21900
I      10978     21901
I      14495     21902
I      25135     21903
I      20674     21904
I      30368     21905
I      15962     21906
I       5992     21907
I      30633     21908
I       6913     21909
I       7492     21910
I      22188     21911
I      16071     21912
I       4970     21913
I      32529     21914
I      19113     21915
I      27327     21916
I       3536     21917
I      26353     21918
I       3384     21919
I      25484     21920
I      25929     21921
I      20097     21922
I      25122     21923
I       9515     21924
I      27245     21925
I      23528     21926
I      14904     21927
I      27460     21928
I      31698     21929
I       1207     21930
I      32436     21931
I      26643     21932
I      10793     21933
I      30983     21934
I      19718     21935
I      30868     21936
I       2777     21937
I      22909     21938
I      31501     21939
I      31876     21940
I       1680     21941
I       6474     21942
I      18441     21943
I      15739     21944
I       4836     21945
I       4008     21946
I      26991     21947
I       6251     21948
I      19206     21949
I      25275     21950
I      31178     21951
I      25262     21952
I       4364     21953
I      12118     21954
I       3642     21955
I      10056     21956
I       6727     21957
I      23888     21958
I       1148     21959
I      26348     21960
I       5161     21961
I      20509     21962
I      23082     21963
I      24771     21964
I      24361     21965
I      11677     21966
I      29134     21967
I      19857     21968
I      23836     21969
I       5425     21970
I       1044     21971
I       1293     21972
I      24451     21973
I      22192     21974
I       1660     21975
I       4348     21976
I      11010     21977
I       1153     21978
I       5549     21979
I      10161     21980
I       4729     21981
I      12785     21982
I      21026     21983
I       9078     21984
I      20989     21985
I      25543     21986
I      22463     21987
I      19134     21988
I      30689     21989
I      29124     21990
I      15008     21991
I       5863     21992
I       6114     21993
I       4675     21994
I       1617     21995
I       7882     21996
I      19591     21997
I      29191     21998
I       8524     21999
I      17817     22000
I       2358     22001
I      10397     22002
I      10141     22003
I      25950     22004
I       3473     22005
I      26734     22006
I      25933     22007
I      14274     22008
I      27060     22009
I      28682     22010
I       2740     22011
I      21285     22012
I        344     22013
I      26603     22014
I      11114     22015
I      13333     22016
I      31567     22017
I      19997     22018
I      16343     22019
I      11698     22020
I      23384     22021
I      27402     22022
I        603     22023
I      14010     22024
I      12438     22025
I       5037     22026
I      23164     22027
I       2798     22028
I      22600     22029
I      18047     22030
I      28851     22031
I      25211     22032
I        772     22033
I      17026     22034
I      32157     22035
I      19599     22036
I       7603     22037
I       4720     22038
I      12851     22039
I       5541     22040
I      32115     22041
I      14748     22042
I      24086     22043
I      28063     22044
I       8923     22045
I      20185     22046
I       7116     22047
I      11464     22048
I      29813     22049
I      16340     22050
I      11462     22051
I       9861     22052
I       4991     22053
I      28331     22054
I       9068     22055
I       7380     22056
I       2877     22057
I       4818     22058
I      26987     22059
I       8023     22060
I      23169     22061
I      13365     22062
I      20050     22063
I      25946     22064
I      10834     22065
I      24944     22066
I       8076     22067
I      29771     22068
I       5221     22069
I      10208     22070
I      19697     22071
I      22185     22072
I       3728     22073
I      30646     22074
I      21923     22075
I      13824     22076
I       7732     22077
I      21786     22078
I      22143     22079
I      20722     22080
I      13205     22081
I      29571     22082
I      11041     22083
I      22795     22084
I      15633     22085
I      17246     22086
I       2876     22087
I      17160     22088
I      24317     22089
I       2471     22090
I      21260     22091
I       6948     22092
I       2729     22093
I      15175     22094
I        435     22095
I      27054     22096
I      27323     22097
I      16340     22098
I      20245     22099
I      22896     22100
I       4650     22101
I      19336     22102
I      13421     22103
I      25314     22104
I      14284     22105
I      26129     22106
I      23524     22107
I      26312     22108
I      26107     22109
I      27804     22110
I       8903     22111
I      14444     22112
I      18073     22113
I       2649     22114
I       7477     22115
I      26018     22116
I       9811     22117
I       3733     22118
I      14729     22119
I      15404     22120
I      27725     22121
I      29010     22122
I        722     22123
I       3880     22124
I      24009     22125
I      22510     22126
I      15604     22127
I      16472     22128
I       3564     22129
I      18842     22130
I      13186     22131
I      11087     22132
I       9218     22133
I      32736     22134
I        251     22135
I       2829     22136
I       5876     22137
I      17658     22138
I      29610     22139
I      28972     22140
I      11791     22141
I       2115     22142
I      18815     22143
I      13392     22144
I      19998     22145
I      24846     22146
I       5831     22147
I       4306     22148
I       3035     22149
I      17701     22150
I      31012     22151
I      31693     22152
I        193     22153
I      32596     22154
I      31373     22155
I      12240     22156
I      28326     22157
I      13957     22158
I      19114     22159
I      25576     22160
I      27856     22161
I      13700     22162
I       2377     22163
I      20924     22164
I      10756     22165
I      11829     22166
I      10140     22167
I       9866     22168
I      20662     22169
I       4794     22170
I      10141     22171
I      17320     22172
I      22425     22173
I      10514     22174
I      30431     22175
I      12179     22176
I      29609     22177
I      19881     22178
I      25636     22179
I       6404     22180
I       1493     22181
I      32184     22182
I      12208     22183
I      21733     22184
I      16112     22185
I       4457     22186
I      13912     22187
I       2326     22188
I        272     22189
I       5060     22190
I      16181     22191
I      27524     22192
I      11397     22193
I       7847     22194
I        243     22195
I       8352     22196
I      28808     22197
I      11167     22198
I       5689     22199
I      29342     22200
I      10652     22201
I      30892     22202
I      27926     22203
I      22519     22204
I      31535     22205
I      18316     22206
I      29006     22207
I      21989     22208
I      30993     22209
I        134     22210
I      25202     22211
I      24580     22212
I      12804     22213
I      13184     22214
I      25797     22215
I      12266     22216
I       8503     22217
I        477     22218
I       9784     22219
I      27218     22220
I      30903     22221
I      27546     22222
I      31618     22223
I      31051     22224
I      10802     22225
I      12880     22226
I       4125     22227
I      10613     22228
I      26833     22229
I       8994     22230
I      23232     22231
I       2199     22232
I      27653     22233
I       9178     22234
I      15217     22235
I      25599     22236
I      19119     22237
I       5225     22238
I       5715     22239
I      16671     22240
I      30031     22241
I      25654     22242
I      32169     22243
I      14243     22244
I      20045     22245
I      13790     22246
I       6121     22247
I      20260     22248
I      19642     22249
I      16217     22250
I       2232     22251
I       3860     22252
I      11229     22253
I       2134     22254
I      18505     22255
I       6713     22256
I       8452     22257
I       8439     22258
I       6734     22259
I       6356     22260
I      14358     22261
I      11796     22262
I       4483     22263
I      11347     22264
I       8500     22265
I       4371     22266
I       9905     22267
I      30208     22268
I      22843     22269
I       5198     22270
I      25401     22271
I       1564     22272
I      25822     22273
I       3394     22274
I      32406     22275
I      31718     22276
I      31853     22277
I        566     22278
I       8772     22279
I      20575     22280
I      26052     22281
I      32230     22282
I      15900     22283
I      31296     22284
I      16241     22285
I      13672     22286
I       3390     22287
I      19505     22288
I      29015     22289
I      23525     22290
I        379     22291
I       6996     22292
I       2643     22293
I       4658     22294
I       2711     22295
I       5803     22296
I       2407     22297
I      24984     22298
I      21882     22299
I        534     22300
I       7245     22301
I      21533     22302
I      20668     22303
I      25541     22304
I      16183     22305
I      28891     22306
I      15944     22307
I      30606     22308
I        729     22309
I      11866     22310
I       6118     22311
I       4679     22312
I      26616     22313
I      27880     22314
I      17422     22315
I      30369     22316
I       2635     22317
I      22471     22318
I      19107     22319
I      29479     22320
I      25334     22321
I       4689     22322
I      25949     22323
I      13935     22324
I      32368     22325
I      27300     22326
I       2042     22327
I       4654     22328
I      14884     22329
I      22426     22330
I       4944     22331
I      19362     22332
I      25315     22333
I       6998     22334
I       4259     22335
I      11457     22336
I      17955     22337
I      19184     22338
I      10667     22339
I      32372     22340
I       1321     22341
I      31055     22342
I       8728     22343
I       5061     22344
I      28725     22345
I      19713     22346
I       5730     22347
I      26308     22348
I       2586     22349
I      11253     22350
I      25901     22351
I      32721     22352
I       2737     22353
I       5453     22354
I      19281     22355
I      13356     22356
I      12728     22357
I       4816     22358
I      22923     22359
I       1089     22360
I      23926     22361
I      15657     22362
I      20431     22363
I       7804     22364
I      11227     22365
I       5831     22366
I      25030     22367
I      25739     22368
I      16253     22369
I      18798     22370
I      11076     22371
I       2363     22372
I      18314     22373
I       3242     22374
I      18459     22375
I      11506     22376
I      28834     22377
I      13607     22378
I      32718     22379
I      24631     22380
I      25582     22381
I      10575     22382
I       2909     22383
I      23477     22384
I      10861     22385
I      26925     22386
I       9377     22387
I      23621     22388
I       1799     22389
I      30723     22390
I      20862     22391
I      17560     22392
I       7018     22393
I      18808     22394
I      12076     22395
I       1291     22396
I      12920     22397
I       1114     22398
I       6892     22399
I       3978     22400
I         86     22401
I       8218     22402
I      15771     22403
I      10736     22404
I      22929     22405
I      32570     22406
I       7740     22407
I      30109     22408
I      26929     22409
I      25801     22410
I       1913     22411
I      30790     22412
I      29812     22413
I       8189     22414
I      31874     22415
I      21153     22416
I      16228     22417
I      30571     22418
I      23602     22419
I       1626     22420
I       6189     22421
I      16642     22422
I       8481     22423
I       5771     22424
I       4090     22425
I       7192     22426
I      18965     22427
I      18322     22428
I      19045     22429
I       1828     22430
I      13232     22431
I      30610     22432
I      20937     22433
I       8890     22434
I      22892     22435
I      19346     22436
I      26114     22437
I        590     22438
I      11261     22439
I      20795     22440
I      23902     22441
I       8999     22442
I      16045     22443
I      18922     22444
I       1208     22445
I      13773     22446
I      22743     22447
I       1396     22448
I      14350     22449
I       5012     22450
I      28650     22451
I      30082     22452
I       7143     22453
I      14107     22454
I       5054     22455
I       6779     22456
I      17969     22457
I      15740     22458
I       3866     22459
I      24532     22460
I       4340     22461
I      31376     22462
I      16491     22463
I      27364     22464
I        185     22465
I      14437     22466
I       5516     22467
I      23996     22468
I        188     22469
I      10880     22470
I      32372     22471
I      13067     22472
I       3712     22473
I      19129     22474
I       1471     22475
I      18049     22476
I      19477     22477
I      10082     22478
I      30775     22479
I      32662     22480
I      26274     22481
I       5901     22482
I      22491     22483
I      10393     22484
I      12586     22485
I      23384     22486
I        953     22487
I      10907     22488
I      22928     22489
I       6248     22490
I      16336     22491
I      28058     22492
I      13234     22493
I      23378     22494
I       5511     22495
I      20851     22496
I       5605     22497
I      29426     22498
I       6469     22499
I      22044     22500
I       2405     22501
I      24579     22502
I      24996     22503
I      30808     22504
I      32579     22505
I      30529     22506
I      28378     22507
I         87     22508
I      11711     22509
I      10165     22510
I      24290     22511
I       1856     22512
I      13646     22513
I      32483     22514
I      18391     22515
I       4519     22516
I       9269     22517
I      16426     22518
I      20862     22519
I      21831     22520
I       4245     22521
I      10722     22522
I       5847     22523
I      31291     22524
I      18094     22525
I      12814     22526
I      14141     22527
I      16073     22528
I      31460     22529
I       3418     22530
I      28443     22531
I       3445     22532
I      23333     22533
I      17551     22534
I      12226     22535
I       3955     22536
I      29396     22537
I       8152     22538
I      23162     22539
I      21375     22540
I       3322     22541
I      10128     22542
I      24941     22543
I      15155     22544
I      31919     22545
I      24111     22546
I      32737     22547
I        423     22548
I      13116     22549
I      15806     22550
I        498     22551
I      19403     22552
I      10423     22553
I       8729     22554
I      31508     22555
I      18797     22556
I      17627     22557
I        998     22558
I       8094     22559
I      24209     22560
I       6890     22561
I      19809     22562
I        186     22563
I      14940     22564
I      20421     22565
I      11376     22566
I      15220     22567
I      23691     22568
I      32152     22569
I      28808     22570
I       4770     22571
I       2481     22572
I      30640     22573
I      28329     22574
I      16278     22575
I      21702     22576
I       7496     22577
I      25834     22578
I       7465     22579
I      26636     22580
I      26318     22581
I      23326     22582
I      26305     22583
I       5957     22584
I       6612     22585
I      17727     22586
I      14869     22587
I       9578     22588
I       5483     22589
I      28267     22590
I      20233     22591
I       6258     22592
I       3754     22593
I      31839     22594
I      30688     22595
I      21118     22596
I      29643     22597
I      16498     22598
I      17814     22599
I       8667     22600
I      19893     22601
I       8799     22602
I      29129     22603
I      25586     22604
I       8905     22605
I      12124     22606
I      15092     22607
I       7994     22608
I      23235     22609
I      16686     22610
I       5894     22611
I       6356     22612
I      28106     22613
I        240     22614
I       1850     22615
I      29191     22616
I      29727     22617
I       8071     22618
I      25500     22619
I       3165     22620
I       6493     22621
I      15788     22622
I      23116     22623
I      21327     22624
I        174     22625
I      32180     22626
I      29788     22627
I      21436     22628
I       1719     22629
I      14491     22630
I      21388     22631
I       1623     22632
I       3010     22633
I       5530     22634
I      12054     22635
I      30091     22636
I      30837     22637
I      21267     22638
I      18652     22639
I      11764     22640
I      30880     22641
I      28678     22642
I         13     22643
I       6376     22644
I      27012     22645
I       8204     22646
I      21931     22647
I      15901     22648
I      23284     22649
I      24386     22650
I      18895     22651
I      20185     22652
I       1269     22653
I       9445     22654
I      19583     22655
I      19444     22656
I      19444     22657
I       1357     22658
I       7447     22659
I      13909     22660
I      17393     22661
I      22501     22662
I      28731     22663
I       8210     22664
I      15692     22665
I      16634     22666
I      10419     22667
I      28504     22668
I      30109     22669
I      25595     22670
I       8325     22671
I      17781     22672
I      32210     22673
I       3445     22674
I      13106     22675
I      15285     22676
I       1877     22677
I      29107     22678
I      15848     22679
I       4860     22680
I      24367     22681
I      12592     22682
I      22063     22683
I      32237     22684
I      27559     22685
I      24603     22686
I      22920     22687
I       5224     22688
I      23700     22689
I      12245     22690
I      19269     22691
I      22507     22692
I      23145     22693
I      14831     22694
I       3254     22695
I      18412     22696
I      11338     22697
I       3599     22698
I      32596     22699
I      24646     22700
I      12023     22701
I      13685     22702
I      12751     22703
I      26567     22704
I      26986     22705
I       5445     22706
I      27750     22707
I      32324     22708
I      25067     22709
I      18753     22710
I      12278     22711
I      19667     22712
I       2055     22713
I      28669     22714
I      15318     22715
I      17117     22716
I      10181     22717
I      24898     22718
I      32374     22719
I      14631     22720
I      30507     22721
I      21477     22722
I      21878     22723
I      10140     22724
I       3534     22725
I       6086     22726
I       9890     22727
I      23085     22728
I      13484     22729
I      31385     22730
I      15150     22731
I      15046     22732
I      12007     22733
I       2169     22734
I      15553     22735
I      16705     22736
I      12211     22737
I       7958     22738
I       1568     22739
I        694     22740
I      28383     22741
I       2743     22742
I      21060     22743
I      22276     22744
I      11235     22745
I      11653     22746
I       7179     22747
I       5587     22748
I      27105     22749
I      20570     22750
I       2475     22751
I       4420     22752
I      18462     22753
I      30861     22754
I      30488     22755
I      15099     22756
I      17945     22757
I      23988     22758
I      22231     22759
I      14217     22760
I        743     22761
I       1891     22762
I       2227     22763
I      16666     22764
I      25038     22765
I       4927     22766
I      15845     22767
I      20865     22768
I       3510     22769
I      30290     22770
I      27540     22771
I      23866     22772
I      25447     22773
I      18492     22774
I      32409     22775
I      19133     22776
I      21916     22777
I       9555     22778
I      19211     22779
I      18827     22780
I      12727     22781
I      16028     22782
I       9228     22783
I      28321     22784
I      20956     22785
I       7516     22786
I      24958     22787
I      18280     22788
I      30623     22789
I      11720     22790
I      19757     22791
I      30651     22792
I       1181     22793
I      21579     22794
I      28314     22795
I      16668     22796
I        205     22797
I      14941     22798
I       3097     22799
I      16186     22800
I      14707     22801
I      29991     22802
I      19107     22803
I      24939     22804
I      21679     22805
I      25121     22806
I      16550     22807
I      16918     22808
I       5882     22809
I      22282     22810
I       8486     22811
I      31402     22812
I      29474     22813
I      27364     22814
I       1760     22815
I      21397     22816
I      22549     22817
I      24615     22818
I      11336     22819
I      26397     22820
I      29022     22821
I      21746     22822
I      13757     22823
I      17175     22824
I       5469     22825
I      11730     22826
I      22830     22827
I       5946     22828
I       1734     22829
I       2543     22830
I      22159     22831
I      11590     22832
I      15237     22833
I       2001     22834
I       8982     22835
I      13552     22836
I      31541     22837
I      31450     22838
I      13484     22839
I      23638     22840
I      15108     22841
I      10769     22842
I      29067     22843
I      28292     22844
I      21109     22845
I      24204     22846
I      23347     22847
I      14183     22848
I      23473     22849
I      15623     22850
I       9859     22851
I      10327     22852
I      29015     22853
I       5090     22854
I       2080     22855
I        238     22856
I      12243     22857
I      22023     22858
I      15082     22859
I      26822     22860
I      27311     22861
I      22548     22862
I      26108     22863
I      19765     22864
I      13874     22865
I      27185     22866
I      21842     22867
I      30767     22868
I       2303     22869
I      25965     22870
I      26967     22871
I      20579     22872
I      21667     22873
I      26840     22874
I      11435     22875
I      14121     22876
I      26698     22877
I       5461     22878
I      30025     22879
I      16032     22880
I      25710     22881
I       2707     22882
I      24409     22883
I      26617     22884
I      22049     22885
I      29012     22886
I      31701     22887
I       1877     22888
I      16849     22889
I       4420     22890
I      31786     22891
I      30205     22892
I      27009     22893
I      25011     22894
I      15546     22895
I        263     22896
I      24024     22897
I      23972     22898
I      17012     22899
I      18326     22900
I      15100     22901
I      12659     22902
I       8776     22903
I      26128     22904
I       6149     22905
I      15691     22906
I      18801     22907
I      28135     22908
I      32679     22909
I      13805     22910
I      29326     22911
I       2659     22912
I      28358     22913
I      11139     22914
I      19110     22915
I      21129     22916
I       3840     22917
I       1861     22918
I      25785     22919
I      22154     22920
I      32618     22921
I      25135     22922
I      11532     22923
I      23895     22924
I      15492     22925
I      18593     22926
I      32510     22927
I       2946     22928
I       2675     22929
I       4267     22930
I       3583     22931
I       9164     22932
I      21192     22933
I      18898     22934
I       4360     22935
I      17603     22936
I      13317     22937
I      16044     22938
I        370     22939
I      29535     22940
I      19361     22941
I      20773     22942
I        328     22943
I      23216     22944
I      29107     22945
I      12930     22946
I      31894     22947
I      29935     22948
I      18134     22949
I        605     22950
I      22994     22951
I      21854     22952
I       3519     22953
I      31753     22954
I      18643     22955
I       1244     22956
I      25633     22957
I       2545     22958
I       8465     22959
I      30925     22960
I      21905     22961
I      14782     22962
I      22743     22963
I       2222     22964
I       3020     22965
I       7777     22966
I       7022     22967
I        110     22968
I       9615     22969
I      25384     22970
I      32736     22971
I      23825     22972
I      19776     22973
I       7695     22974
I      21087     22975
I      29510     22976
I      12840     22977
I      19201     22978
I      31169     22979
I      18257     22980
I      30651     22981
I       5510     22982
I      31773     22983
I       7020     22984
I       4990     22985
I       4188     22986
I       5512     22987
I      14611     22988
I      32447     22989
I      21275     22990
I        532     22991
I       9386     22992
I      25732     22993
I      21491     22994
I      28791     22995
I      31621     22996
I       9490     22997
I      27625     22998
I        479     22999
I      10081     23000
I       8391     23001
I      32501     23002
I      15052     23003
I       4474     23004
I      15029     23005
I       6495     23006
I       1145     23007
I      14123     23008
I      29504     23009
I       2330     23010
I      13455     23011
I      14419     23012
I         44     23013
I      18403     23014
I      15537     23015
I        189     23016
I      20415     23017
I      13452     23018
I       3416     23019
I      24439     23020
I      12202     23021
I      25149     23022
I      24788     23023
I      10286     23024
I      11978     23025
I      20527     23026
I       7232     23027
I      31977     23028
I        436     23029
I       9989     23030
I      18462     23031
I      27247     23032
I      30774     23033
I      13512     23034
I       2289     23035
I      10014     23036
I      28697     23037
I      11653     23038
I      17092     23039
I       9344     23040
I      30730     23041
I        484     23042
I       7725     23043
I      20483     23044
I         89     23045
I      28335     23046
I       1523     23047
I      18764     23048
I      30592     23049
I      19865     23050
I      18247     23051
I      11850     23052
I       3433     23053
I        497     23054
I      24333     23055
I      22874     23056
I      10292     23057
I      23412     23058
I      16799     23059
I      32071     23060
I        507     23061
I      31609     23062
I      21145     23063
I       3875     23064
I      27908     23065
I      30738     23066
I       1924     23067
I      32702     23068
I      25515     23069
I      16271     23070
I      16026     23071
I       8875     23072
I      16630     23073
I      13046     23074
I      26593     23075
I       4702     23076
I       5177     23077
I      31714     23078
I      10975     23079
I      22485     23080
I      32743     23081
I      31779     23082
I      29672     23083
I      16692     23084
I       9934     23085
I      10810     23086
I      22810     23087
I       2810     23088
I      20839     23089
I      23900     23090
I       7043     23091
I       3749     23092
I      17647     23093
I      12456     23094
I      17123     23095
I      18225     23096
I      11762     23097
I       1312     23098
I      25879     23099
I      26106     23100
I       4841     23101
I      11785     23102
I       7494     23103
I      12180     23104
I      23253     23105
I      21653     23106
I      19488     23107
I      32344     23108
I      27356     23109
I      20161     23110
I      14921     23111
I       8734     23112
I       9111     23113
I      13868     23114
I       1104     23115
I        814     23116
I      15992     23117
I      32755     23118
I      21913     23119
I      29722     23120
I       8119     23121
I      16803     23122
I      17024     23123
I      29258     23124
I       8854     23125
I      14197     23126
I       5424     23127
I      13093     23128
I      23888     23129
I      16538     23130
I       6394     23131
I      17377     23132
I      22998     23133
I      17849     23134
I       9898     23135
I      19136     23136
I      13071     23137
I      13644     23138
I      30970     23139
I       5015     23140
I      30641     23141
I      17778     23142
I      20114     23143
I      12834     23144
I       5521     23145
I       8564     23146
I      10973     23147
I      12016     23148
I      32692     23149
I        718     23150
I      17941     23151
I      26164     23152
I       5579     23153
I      16750     23154
I      18855     23155
I       4043     23156
I      26494     23157
I       3993     23158
I      32300     23159
I      31238     23160
I      16400     23161
I      19873     23162
I      16942     23163
I      25383     23164
I       2221     23165
I      27943     23166
I       9738     23167
I      17186     23168
I      13438     23169
I      25619     23170
I      11811     23171
I      27534     23172
I      28759     23173
I      22630     23174
I        234     23175
I       8225     23176
I      25822     23177
I      23817     23178
I      15837     23179
I       7595     23180
I      26277     23181
I      24952     23182
I      24509     23183
I      28000     23184
I       9095     23185
I        954     23186
I      11227     23187
I      32463     23188
I      13975     23189
I      15682     23190
I      18060     23191
I      12654     23192
I      12252     23193
I      30679     23194
I       8186     23195
I      25837     23196
I      11638     23197
I      16895     23198
I       4560     23199
I       8569     23200
I      29313     23201
I      27099     23202
I      20521     23203
I      25329     23204
I      18618     23205
I      26170     23206
I      12946     23207
I       6263     23208
I      31144     23209
I      16605     23210
I       8876     23211
I       3478     23212
I       2629     23213
I       9838     23214
I      10842     23215
I      12234     23216
I         97     23217
I      18405     23218
I      32284     23219
I      24978     23220
I      30193     23221
I      24617     23222
I       5784     23223
I       2172     23224
I      28942     23225
I      17837     23226
I      18312     23227
I       9122     23228
I       7569     23229
I       9687     23230
I      18199     23231
I      20241     23232
I      18268     23233
I      12448     23234
I      23519     23235
I       9864     23236
I      18588     23237
I      21463     23238
I      11059     23239
I       9364     23240
I      17700     23241
I       3042     23242
I        309     23243
I      24172     23244
I       2167     23245
I      13284     23246
I      13948     23247
I      21395     23248
I      31173     23249
I       2911     23250
I      14620     23251
I      18974     23252
I      21696     23253
I      25227     23254
I      27570     23255
I      32044     23256
I      31463     23257
I      25444     23258
I      23444     23259
I      13030     23260
I       3308     23261
I      30227     23262
I      28562     23263
I      24030     23264
I       1109     23265
I       8857     23266
I       2382     23267
I      16207     23268
I      16377     23269
I      23971     23270
I       9397     23271
I      22150     23272
I      30460     23273
I      13126     23274
I      19345     23275
I         89     23276
I       9701     23277
I      32586     23278
I      26674     23279
I       7752     23280
I      10504     23281
I       7289     23282
I      20726     23283
I       2689     23284
I       4587     23285
I      13439     23286
I      17390     23287
I       2166     23288
I      28226     23289
I      15192     23290
I      28206     23291
I      22699     23292
I      12214     23293
I       4844     23294
I       8540     23295
I      28098     23296
I      11651     23297
I      25889     23298
I      10794     23299
I      30851     23300
I      19562     23301
I       4833     23302
I      19673     23303
I       1436     23304
I       1395     23305
I       6667     23306
I       5828     23307
I      25184     23308
I      10301     23309
I       4525     23310
I      26894     23311
I      28404     23312
I      17550     23313
I       2687     23314
I      28871     23315
I      15929     23316
I      29669     23317
I      17679     23318
I      22560     23319
I      10682     23320
I       7738     23321
I       6044     23322
I      28805     23323
I        670     23324
I       5827     23325
I       8617     23326
I       5243     23327
I      25719     23328
I       8694     23329
I      22295     23330
I       8610     23331
I      10400     23332
I      16239     23333
I       8123     23334
I      30625     23335
I      29786     23336
I      15259     23337
I       9633     23338
I      14697     23339
I      14290     23340
I      25915     23341
I       1154     23342
I       5025     23343
I      15411     23344
I      25836     23345
I      32242     23346
I      27896     23347
I      20409     23348
I       3427     23349
I      26173     23350
I      11600     23351
I      27177     23352
I      20857     23353
I        349     23354
I      18228     23355
I      31425     23356
I      19774     23357
I      27777     23358
I      16679     23359
I      30286     23360
I      21182     23361
I       8113     23362
I      32514     23363
I       4517     23364
I       6868     23365
I      25403     23366
I      13800     23367
I       5191     23368
I       1916     23369
I      24973     23370
I      27751     23371
I       6231     23372
I      18735     23373
I      17503     23374
I       7061     23375
I      28232     23376
I      25082     23377
I       1221     23378
I       8863     23379
I      24468     23380
I      11238     23381
I       8487     23382
I       1432     23383
I      20976     23384
I       2810     23385
I      14979     23386
I      32589     23387
I      28000     23388
I      15481     23389
I      22693     23390
I      25717     23391
I       4323     23392
I       5158     23393
I      27477     23394
I       4582     23395
I      11962     23396
I       2553     23397
I      25400     23398
I      13901     23399
I      18321     23400
I      29443     23401
I      31412     23402
I      28660     23403
I      10143     23404
I      30776     23405
I      14567     23406
I       5834     23407
I       5543     23408
I      18042     23409
I      12954     23410
I       5910     23411
I      15691     23412
I      23642     23413
I      11411     23414
I       2274     23415
I       4078     23416
I      23191     23417
I       2314     23418
I       7487     23419
I      13764     23420
I      29186     23421
I       9636     23422
I      12729     23423
I      16010     23424
I      13093     23425
I       3726     23426
I       5834     23427
I      14880     23428
I      30843     23429
I       1542     23430
I      20033     23431
I       4736     23432
I        715     23433
I       3989     23434
I      16881     23435
I      25792     23436
I      23747     23437
I       8319     23438
I      14669     23439
I      26073     23440
I       9842     23441
I      26643     23442
I      28021     23443
I      27341     23444
I       5684     23445
I      23261     23446
I      13274     23447
I        702     23448
I      11930     23449
I      29746     23450
I       9596     23451
I      12242     23452
I      32509     23453
I      27190     23454
I      10970     23455
I      26311     23456
I      25276     23457
I       8719     23458
I      26419     23459
I      24397     23460
I      30608     23461
I      11513     23462
I      27832     23463
I      27584     23464
I       8169     23465
I      17900     23466
I        690     23467
I       3020     23468
I      14887     23469
I      32367     23470
I      11694     23471
I      25624     23472
I      15872     23473
I       9925     23474
I       8785     23475
I      25565     23476
I       4382     23477
I      22940     23478
I      19854     23479
I      19389     23480
I      25055     23481
I       8759     23482
I      26774     23483
I      23506     23484
I       9012     23485
I      28595     23486
I      10730     23487
I       5007     23488
I      20752     23489
I      24358     23490
I      15398     23491
I      30123     23492
I      13069     23493
I      25592     23494
I      18242     23495
I      30051     23496
I      23457     23497
I      31042     23498
I      13305     23499
I      29756     23500
I      15911     23501
I       5111     23502
I      32192     23503
I       3662     23504
I      26642     23505
I      27037     23506
I      27925     23507
I      26882     23508
I       7021     23509
I      15927     23510
I      32384     23511
I      29548     23512
I      19067     23513
I      20138     23514
I      24189     23515
I       3484     23516
I       8270     23517
I      22022     23518
I      18479     23519
I      27994     23520
I      10866     23521
I      12102     23522
I      12579     23523
I      20237     23524
I       2472     23525
I      11192     23526
I      18500     23527
I      27065     23528
I      18997     23529
I      21661     23530
I      21667     23531
I      29485     23532
I      22688     23533
I      32434     23534
I      13582     23535
I       9390     23536
I      19961     23537
I       6686     23538
I      18595     23539
I      26726     23540
I      12874     23541
I      29398     23542
I      19600     23543
I      21314     23544
I      19056     23545
I      15592     23546
I      14829     23547
I       4987     23548
I       9070     23549
I       6008     23550
I      27507     23551
I      19085     23552
I       2049     23553
I       2188     23554
I      19701     23555
I       3609     23556
I      18299     23557
I      26010     23558
I      16855     23559
I      27767     23560
I      28524     23561
I      15887     23562
I       2111     23563
I      27285     23564
I      28924     23565
I      29320     23566
I       9579     23567
I      28163     23568
I      24254     23569
I      22753     23570
I      29013     23571
I      27748     23572
I       6013     23573
I      13554     23574
I      19469     23575
I       9180     23576
I      27658     23577
I       2095     23578
I      23091     23579
I      11353     23580
I      12905     23581
I      10111     23582
I      31333     23583
I      19434     23584
I      24278     23585
I       5590     23586
I      24379     23587
I      29610     23588
I      22284     23589
I       1453     23590
I      20058     23591
I      15449     23592
I       3930     23593
I       9294     23594
I      31434     23595
I       8151     23596
I      12133     23597
I       5781     23598
I      19051     23599
I      32070     23600
I      11733     23601
I       7240     23602
I      11627     23603
I       2386     23604
I       3742     23605
I      30150     23606
I      18084     23607
I       4030     23608
I      26867     23609
I      18874     23610
I       3567     23611
I      20372     23612
I      20201     23613
I      28638     23614
I       2086     23615
I      27991     23616
I      30020     23617
I      17303     23618
I      31017     23619
I       4928     23620
I      26618     23621
I      10388     23622
I      29434     23623
I       9089     23624
I      22397     23625
I      16864     23626
I      28042     23627
I       3690     23628
I      11763     23629
I      27873     23630
I      30111     23631
I       9091     23632
I      29447     23633
I      27598     23634
I      30117     23635
I      29549     23636
I      25550     23637
I      11046     23638
I       9162     23639
I      25115     23640
I       3051     23641
I      31995     23642
I      21063     23643
I       1005     23644
I       9473     23645
I      30102     23646
I       5163     23647
I      20195     23648
I      25420     23649
I      29331     23650
I       5545     23651
I      29191     23652
I       5048     23653
I      28474     23654
I      27853     23655
I       3007     23656
I      18956     23657
I       4719     23658
I       7679     23659
I      31328     23660
I      14750     23661
I      29816     23662
I      15327     23663
I      13271     23664
I      25995     23665
I      26151     23666
I      17940     23667
I       8440     23668
I      20082     23669
I      11006     23670
I      19253     23671
I      10388     23672
I      18802     23673
I      20854     23674
I      23752     23675
I      29098     23676
I       5356     23677
I      22740     23678
I       6231     23679
I      27510     23680
I        673     23681
I       4535     23682
I      16799     23683
I      30503     23684
I      10352     23685
I      22223     23686
I       4460     23687
I      23339     23688
I      11564     23689
I      18444     23690
I      21450     23691
I       8592     23692
I      11697     23693
I      17666     23694
I      20271     23695
I      18911     23696
I      28425     23697
I      20685     23698
I      30990     23699
I      32407     23700
I        735     23701
I      12067     23702
I      31380     23703
I       3979     23704
I      16554     23705
I      27968     23706
I      28609     23707
I       5422     23708
I       9645     23709
I       9208     23710
I       8278     23711
I      25292     23712
I       2528     23713
I      23369     23714
I       7871     23715
I       1175     23716
I      13743     23717
I      18294     23718
I       7624     23719
I      29279     23720
I       6544     23721
I      31999     23722
I      22527     23723
I      21421     23724
I      23968     23725
I      27314     23726
I       1422     23727
I      14130     23728
I      28485     23729
I      28423     23730
I      14417     23731
I      12874     23732
I      21127     23733
I       9429     23734
I       7410     23735
I      26018     23736
I      24359     23737
I      20769     23738
I       9231     23739
I      27056     23740
I       3819     23741
I      21273     23742
I      10207     23743
I      28846     23744
I      24360     23745
I      22304     23746
I      20959     23747
I       7938     23748
I      17811     23749
I      27526     23750
I       7837     23751
I       7581     23752
I      28472     23753
I      11156     23754
I       1721     23755
I      11295     23756
I      21605     23757
I      31281     23758
I      24817     23759
I      26998     23760
I      28797     23761
I      21080     23762
I       9038     23763
I       1906     23764
I       9094     23765
I      12881     23766
I       4860     23767
I       5127     23768
I       3606     23769
I      24231     23770
I      22283     23771
I      22559     23772
I       1262     23773
I      16631     23774
I       8443     23775
I      22791     23776
I      32347     23777
I      10228     23778
I      27092     23779
I      24257     23780
I      10090     23781
I      19895     23782
I      10446     23783
I       6566     23784
I      24729     23785
I      29270     23786
I       7648     23787
I      17756     23788
I      28907     23789
I      23417     23790
I      26238     23791
I      11727     23792
I       3568     23793
I      10265     23794
I       6921     23795
I      29364     23796
I      21660     23797
I      27149     23798
I      24156     23799
I      32359     23800
I      23641     23801
I      31249     23802
I       8222     23803
I      21803     23804
I       9731     23805
I      18968     23806
I       8227     23807
I       2283     23808
I       2905     23809
I      27816     23810
I       9187     23811
I       4348     23812
I      24877     23813
I      30402     23814
I      11744     23815
I      21755     23816
I      21090     23817
I      22474     23818
I       9991     23819
I      30277     23820
I      23219     23821
I      29744     23822
I       5495     23823
I      26471     23824
I       7184     23825
I      14919     23826
I      21894     23827
I      28200     23828
I       4466     23829
I      28207     23830
I       9948     23831
I      13527     23832
I      30651     23833
I      17054     23834
I      18832     23835
I      18284     23836
I      29829     23837
I      17534     23838
I      16337     23839
I      29643     23840
I      24214     23841
I      10415     23842
I       4431     23843
I      17792     23844
I       7511     23845
I       9321     23846
I      27246     23847
I      25156     23848
I      30001     23849
I        695     23850
I      13294     23851
I      14754     23852
I      22161     23853
I       5584     23854
I       3521     23855
I      22533     23856
I       4727     23857
I      21666     23858
I      15467     23859
I      21416     23860
I       8294     23861
I      11504     23862
I       6812     23863
I       1274     23864
I       4844     23865
I      15057     23866
I       6101     23867
I      32752     23868
I      19576     23869
I      31908     23870
I      29888     23871
I      13903     23872
I      15152     23873
I      20361     23874
I      18486     23875
I      15869     23876
I      27477     23877
I      21127     23878
I      10740     23879
I       5747     23880
I      32297     23881
I      27693     23882
I      14806     23883
I      27126     23884
I      30454     23885
I       6239     23886
I      25414     23887
I      29524     23888
I      28652     23889
I      11732     23890
I      31611     23891
I       1730     23892
I      25996     23893
I      32323     23894
I      21223     23895
I      19424     23896
I        800     23897
I       5864     23898
I      13181     23899
I      10097     23900
I        446     23901
I      14377     23902
I       3979     23903
I      15412     23904
I      11987     23905
I      25250     23906
I       9659     23907
I       5730     23908
I      19849     23909
I       1605     23910
I      14206     23911
I      17413     23912
I      18655     23913
I      19593     23914
I       8477     23915
I      29786     23916
I      31291     23917
I       4523     23918
I       2892     23919
I      13579     23920
I      29549     23921
I       9244     23922
I      14302     23923
I       8255     23924
I      18796     23925
I        387     23926
I      11285     23927
I      19080     23928
I      16910     23929
I      31993     23930
I      19065     23931
I      11113     23932
I      27815     23933
I      10401     23934
I      29255     23935
I       5643     23936
I      24833     23937
I      32181     23938
I      24943     23939
I      16350     23940
I      20323     23941
I      18864     23942
I      23734     23943
I      23039     23944
I      21171     23945
I       9580     23946
I      30229     23947
I      17700     23948
I      19319     23949
I      29600     23950
I      22320     23951
I       1735     23952
I      19623     23953
I      22273     23954
I      21162     23955
I      17503     23956
I      19951     23957
I       4244     23958
I      20578     23959
I        108     23960
I       3642     23961
I       3706     23962
I       5768     23963
I       3381     23964
I      23768     23965
I       5074     23966
I       5804     23967
I       2445     23968
I      23800     23969
I      21144     23970
I      27730     23971
I      27712     23972
I      11811     23973
I      15590     23974
I      29764     23975
I       7881     23976
I      26535     23977
I       1024     23978
I      14392     23979
I       7423     23980
I      17475     23981
I      25618     23982
I       6792     23983
I      12464     23984
I      16258     23985
I       4800     23986
I      18035     23987
I      17098     23988
I      29500     23989
I      25957     23990
I      17140     23991
I      27912     23992
I      22439     23993
I      21436     23994
I      22516     23995
I      10650     23996
I      13375     23997
I       8119     23998
I      26858     23999
I      31286     24000
I       2216     24001
I       7077     24002
I       7896     24003
I      28694     24004
I      17231     24005
I      17994     24006
I      30121     24007
I      30781     24008
I      18326     24009
I      11817     24010
I       4306     24011
I      18859     24012
I      25195     24013
I       7388     24014
I       3710     24015
I       7208     24016
I      18846     24017
I      10120     24018
I      11210     24019
I       4152     24020
I      31992     24021
I      10348     24022
I      27402     24023
I      11060     24024
I      22819     24025
I      22991     24026
I      25179     24027
I      18903     24028
I       3216     24029
I       9215     24030
I       6912     24031
I      16012     24032
I       5291     24033
I      25221     24034
I      24415     24035
I      24256     24036
I      28075     24037
I       8418     24038
I      28327     24039
I      22367     24040
I       8041     24041
I      13573     24042
I      18899     24043
I      30247     24044
I       2276     24045
I      14067     24046
I      13605     24047
I      13891     24048
I       3302     24049
I      18654     24050
I       9792     24051
I      24324     24052
I      23683     24053
I      32019     24054
I      28413     24055
I      28476     24056
I      24299     24057
I       5479     24058
I        528     24059
I      32209     24060
I       7670     24061
I       2477     24062
I      22911     24063
I       8297     24064
I       6823     24065
I       9416     24066
I       6445     24067
I       5912     24068
I      27656     24069
I       4460     24070
I      18833     24071
I      11967     24072
I      17481     24073
I      12208     24074
I      18077     24075
I      16157     24076
I      14338     24077
I       8063     24078
I      11910     24079
I      27003     24080
I      17093     24081
I      12071     24082
I      10048     24083
I      29760     24084
I      30797     24085
I       8024     24086
I       3457     24087
I       8133     24088
I      15336     24089
I      19574     24090
I      27027     24091
I      29500     24092
I      16378     24093
I       7342     24094
I       8980     24095
I      23586     24096
I      14887     24097
I      27568     24098
I      22411     24099
I      26272     24100
I      28665     24101
I      28261     24102
I      30021     24103
I      10167     24104
I      14495     24105
I       2853     24106
I       8965     24107
I      12050     24108
I      16866     24109
I      21034     24110
I       9871     24111
I      21954     24112
I       6841     24113
I      12996     24114
I      24783     24115
I       8166     24116
I      14052     24117
I      17701     24118
I      24858     24119
I      15925     24120
I      29699     24121
I      22040     24122
I      26719     24123
I      12484     24124
I      26529     24125
I       4668     24126
I       9360     24127
I        135     24128
I       7465     24129
I       6813     24130
I      29129     24131
I       6877     24132
I       3007     24133
I      14057     24134
I      29331     24135
I      19682     24136
I      15234     24137
I      10203     24138
I      21484     24139
I      21108     24140
I      24089     24141
I       4234     24142
I      21895     24143
I      17368     24144
I      26597     24145
I      32279     24146
I       5043     24147
I      11176     24148
I      10189     24149
I       7811     24150
I      14049     24151
I      14467     24152
I      28767     24153
I      11602     24154
I       9594     24155
I      16578     24156
I      32023     24157
I      20415     24158
I       4527     24159
I        728     24160
I      15492     24161
I       1446     24162
I      18914     24163
I       2611     24164
I      15530     24165
I       1775     24166
I      15376     24167
I      16957     24168
I      22219     24169
I      28172     24170
I      26369     24171
I       5841     24172
I       3081     24173
I       1633     24174
I      29440     24175
I       8068     24176
I      13143     24177
I       1959     24178
I      27389     24179
I      12450     24180
I       4699     24181
I       8974     24182
I      13759     24183
I      20223     24184
I      26073     24185
I       3306     24186
I      12451     24187
I       6139     24188
I       7104     24189
I       7211     24190
I      25689     24191
I      27552     24192
I       1412     24193
I      18331     24194
I      22253     24195
I      22389     24196
I      16225     24197
I      28283     24198
I      21199     24199
I       5476     24200
I       6052     24201
I       6576     24202
I      15538     24203
I       1274     24204
I      17824     24205
I       5201     24206
I      16966     24207
I      22088     24208
I       2002     24209
I      31757     24210
I       3065     24211
I      23651     24212
I       7843     24213
I      16314     24214
I      18039     24215
I       4259     24216
I       9642     24217
I      29607     24218
I      29458     24219
I      19974     24220
I       5385     24221
I        548     24222
I      20882     24223
I       5022     24224
I      20163     24225
I      25226     24226
I       5476     24227
I      10001     24228
I      16026     24229
I      11905     24230
I       5153     24231
I       8190     24232
I      31986     24233
I      15549     24234
I      28845     24235
I       6834     24236
I      32375     24237
I      14593     24238
I      21573     24239
I      20050     24240
I      23433     24241
I       8086     24242
I      24119     24243
I      26039     24244
I        853     24245
I      15141     24246
I      13138     24247
I      25592     24248
I       5964     24249
I      24534     24250
I      31338     24251
I       2026     24252
I      12947     24253
I      12695     24254
I       3622     24255
I       2388     24256
I      10206     24257
I      26545     24258
I      24906     24259
I      20219     24260
I      29312     24261
I       3049     24262
I      13003     24263
I      14824     24264
I      16561     24265
I       9241     24266
I       5927     24267
I      22923     24268
I      17977     24269
I       5641     24270
I      25868     24271
I      30055     24272
I      19047     24273
I      12153     24274
I       6467     24275
I      26544     24276
I       6603     24277
I      15088     24278
I       8638     24279
I      30055     24280
I      16473     24281
I      22357     24282
I       5186     24283
I       7677     24284
I      17664     24285
I      10764     24286
I       4234     24287
I      27385     24288
I      20547     24289
I       6607     24290
I       3128     24291
I      31415     24292
I       4007     24293
I      17038     24294
I      31995     24295
I      23549     24296
I      14876     24297
I      16902     24298
I      22591     24299
I      13822     24300
I      26662     24301
I      27830     24302
I      13921     24303
I      16751     24304
I       5269     24305
I      10811     24306
I      15292     24307
I      25472     24308
I       1563     24309
I      13343     24310
I       9551     24311
I      14658     24312
I      30620     24313
I      16490     24314
I      21612     24315
I       4446     24316
I      13904     24317
I       9738     24318
I        880     24319
I      23145     24320
I       5476     24321
I       2138     24322
I      32303     24323
I       2536     24324
I       1115     24325
I      23955     24326
I        181     24327
I      25957     24328
I       4301     24329
I      18594     24330
I      14983     24331
I       3567     24332
I      12082     24333
I      21752     24334
I       4298     24335
I      24896     24336
I      31752     24337
I      10123     24338
I      13921     24339
I      32377     24340
I       2743     24341
I      22191     24342
I      19252     24343
I      20290     24344
I      31503     24345
I      17877     24346
I       3938     24347
I       8053     24348
I      26418     24349
I      14490     24350
I      17043     24351
I       6343     24352
I       6655     24353
I        321     24354
I       3400     24355
I      11069     24356
I      25910     24357
I      15921     24358
I       1973     24359
I       5473     24360
I      22526     24361
I       3890     24362
I      23040     24363
I      31345     24364
I       8033     24365
I      32538     24366
I       6865     24367
I       9595     24368
I       7767     24369
I       1351     24370
I      12618     24371
I       7531     24372
I      31807     24373
I       4943     24374
I      31318     24375
I      22884     24376
I      27100     24377
I      12473     24378
I      11076     24379
I      22680     24380
I      30991     24381
I       7321     24382
I      23010     24383
I       9136     24384
I      14997     24385
I      11866     24386
I       8466     24387
I      19442     24388
I      27398     24389
I      10846     24390
I      22924     24391
I      11761     24392
I      29700     24393
I      20546     24394
I       3244     24395
I       1364     24396
I      13066     24397
I      13329     24398
I      13606     24399
I       5785     24400
I      11409     24401
I      21509     24402
I      25723     24403
I      25580     24404
I       7990     24405
I      30950     24406
I      11655     24407
I      28969     24408
I      13118     24409
I      13092     24410
I      20792     24411
I      10080     24412
I       1839     24413
I      24795     24414
I      17637     24415
I      12153     24416
I      14067     24417
I      26084     24418
I      15596     24419
I      27580     24420
I      31155     24421
I      21714     24422
I      28546     24423
I      31199     24424
I      25856     24425
I       1747     24426
I       9179     24427
I      28768     24428
I      20316     24429
I      20884     24430
I      14152     24431
I      16782     24432
I      22331     24433
I      31071     24434
I      13820     24435
I      22631     24436
I      18600     24437
I      25492     24438
I      26942     24439
I      10648     24440
I      22016     24441
I       1779     24442
I        942     24443
I        814     24444
I      11194     24445
I      18510     24446
I      22253     24447
I       1586     24448
I      30464     24449
I      28021     24450
I      30457     24451
I      31942     24452
I      31489     24453
I      13911     24454
I       5039     24455
I      26319     24456
I      10703     24457
I       9516     24458
I      19781     24459
I      26961     24460
I      20657     24461
I      11380     24462
I      25857     24463
I      12402     24464
I      28552     24465
I       1457     24466
I      26662     24467
I      32654     24468
I       1029     24469
I       2816     24470
I      15597     24471
I       2987     24472
I      15232     24473
I       3833     24474
I      12270     24475
I       2367     24476
I       6608     24477
I      27121     24478
I      28222     24479
I      12788     24480
I      25015     24481
I      11218     24482
I      11485     24483
I       5338     24484
I       1511     24485
I      32537     24486
I      18318     24487
I      25817     24488
I      20920     24489
I      19198     24490
I      29208     24491
I      26404     24492
I      19819     24493
I        299     24494
I      15226     24495
I       2969     24496
I      20847     24497
I      24504     24498
I      12685     24499
I      21210     24500
I       1090     24501
I      31818     24502
I       8109     24503
I      25656     24504
I      22213     24505
I      23744     24506
I       5415     24507
I      12627     24508
I      12547     24509
I      11384     24510
I      31984     24511
I       8845     24512
I      13985     24513
I      15581     24514
I       3482     24515
I      26790     24516
I      22719     24517
I       1836     24518
I      30098     24519
I       1869     24520
I      30497     24521
I       3219     24522
I      24193     24523
I      23270     24524
I      17536     24525
I       4430     24526
I       4064     24527
I       1699     24528
I       9210     24529
I      21300     24530
I      17017     24531
I      21355     24532
I       2607     24533
I      29796     24534
I      17808     24535
I       9817     24536
I      16802     24537
I       5845     24538
I      28631     24539
I      24570     24540
I      17702     24541
I      32232     24542
I       3612     24543
I      15441     24544
I      21597     24545
I      23207     24546
I      18456     24547
I      24531     24548
I      19378     24549
I      18164     24550
I      21331     24551
I      20708     24552
I      28067     24553
I      18999     24554
I      29824     24555
I      22203     24556
I      18857     24557
I      30114     24558
I      12508     24559
I       3547     24560
I      30612     24561
I      23478     24562
I       8019     24563
I      10055     24564
I      11084     24565
I      15906     24566
I      22853     24567
I       9448     24568
I       5978     24569
I       5735     24570
I      29776     24571
I      27451     24572
I       5691     24573
I      17703     24574
I       5559     24575
I      14791     24576
I      11879     24577
I       5407     24578
I      12073     24579
I      30965     24580
I      27846     24581
I      10937     24582
I       7860     24583
I      27039     24584
I      27281     24585
I      32203     24586
I       2634     24587
I      22531     24588
I       1719     24589
I       4758     24590
I      19217     24591
I      25162     24592
I       2892     24593
I       3530     24594
I       6402     24595
I       8605     24596
I      19928     24597
I      19186     24598
I      16663     24599
I      31599     24600
I      10664     24601
I      32487     24602
I      32624     24603
I      21940     24604
I      14602     24605
I       8129     24606
I      16886     24607
I      18315     24608
I      26119     24609
I      16003     24610
I      32495     24611
I      13851     24612
I       4723     24613
I      28597     24614
I      15575     24615
I      31937     24616
I      14913     24617
I      30372     24618
I      15936     24619
I      17961     24620
I      26731     24621
I      25793     24622
I      17855     24623
I      32222     24624
I       7166     24625
I      24919     24626
I      29061     24627
I      28407     24628
I      23483     24629
I       9227     24630
I      19936     24631
I      23540     24632
I        403     24633
I      20818     24634
I       1232     24635
I      12311     24636
I       3120     24637
I      18215     24638
I       7253     24639
I       9949     24640
I      16261     24641
I      17627     24642
I      17099     24643
I      17887     24644
I      22713     24645
I       5021     24646
I      30269     24647
I       6071     24648
I      27156     24649
I       7490     24650
I      29962     24651
I      19264     24652
I      22233     24653
I      23448     24654
I       8973     24655
I      12807     24656
I      23600     24657
I       2191     24658
I      28467     24659
I      24374     24660
I       6273     24661
I       1573     24662
I      20299     24663
I      23350     24664
I       2513     24665
I      15190     24666
I      30121     24667
I      18756     24668
I      11564     24669
I      28713     24670
I        672     24671
I      23595     24672
I      10365     24673
I       8211     24674
I       9766     24675
I      31802     24676
I       4739     24677
I      17417     24678
I      11955     24679
I       1479     24680
I      23102     24681
I      13211     24682
I       4910     24683
I      26894     24684
I      17456     24685
I       5010     24686
I       8457     24687
I      18282     24688
I       6638     24689
I      28523     24690
I       4210     24691
I      19506     24692
I      10437     24693
I       1670     24694
I       1586     24695
I       7358     24696
I      18341     24697
I      11761     24698
I       9749     24699
I      28397     24700
I        772     24701
I      31669     24702
I       6146     24703
I      25953     24704
I      24327     24705
I       9815     24706
I       7876     24707
I       9631     24708
I      17586     24709
I        454     24710
I      10606     24711
I      15294     24712
I      20231     24713
I       3501     24714
I       1355     24715
I       6535     24716
I      24417     24717
I      13695     24718
I       3072     24719
I      27416     24720
I      28599     24721
I      12718     24722
I       6303     24723
I      24668     24724
I       2536     24725
I      13862     24726
I      25208     24727
I       2904     24728
I       2421     24729
I      23783     24730
I      25194     24731
I       9733     24732
I      11200     24733
I      30395     24734
I      26108     24735
I      15867     24736
I        259     24737
I       8379     24738
I       2905     24739
I      24421     24740
I      30420     24741
I      17802     24742
I      32518     24743
I       6290     24744
I       1274     24745
I      27308     24746
I       4817     24747
I      23128     24748
I        973     24749
I      14713     24750
I      21749     24751
I      14269     24752
I      18184     24753
I      29557     24754
I      23782     24755
I       8012     24756
I      26016     24757
I      13406     24758
I       5666     24759
I      15326     24760
I       3899     24761
I      21497     24762
I      15598     24763
I       9588     24764
I      27380     24765
I      10424     24766
I      21599     24767
I       4065     24768
I       2394     24769
I      29971     24770
I       2632     24771
I      22202     24772
I        393     24773
I      30926     24774
I      10054     24775
I      17025     24776
I      29751     24777
I      12669     24778
I      31161     24779
I      32140     24780
I       6065     24781
I      31344     24782
I      32710     24783
I       4479     24784
I      19516     24785
I       4247     24786
I      20347     24787
I      24543     24788
I      29564     24789
I       5679     24790
I       4829     24791
I      13426     24792
I      15677     24793
I      30988     24794
I      32556     24795
I      22907     24796
I      22447     24797
I      23911     24798
I      24359     24799
I       4297     24800
I      14763     24801
I       9749     24802
I       5686     24803
I      13656     24804
I      18235     24805
I       3376     24806
I       3124     24807
I      11006     24808
I       5589     24809
I       8297     24810
I      14979     24811
I       5568     24812
I       8619     24813
I       4841     24814
I       7813     24815
I      20918     24816
I      31505     24817
I      21834     24818
I      20630     24819
I      20101     24820
I      23223     24821
I       9952     24822
I      19289     24823
I        606     24824
I        753     24825
I      23297     24826
I        379     24827
I       8239     24828
I      11425     24829
I      17013     24830
I      25255     24831
I      30759     24832
I      23875     24833
I       2189     24834
I      28979     24835
I      32329     24836
I      18882     24837
I      14913     24838
I      15369     24839
I       2983     24840
I      14066     24841
I       9020     24842
I      21642     24843
I      27786     24844
I      18197     24845
I      15967     24846
I      30467     24847
I      28864     24848
I      12932     24849
I      26065     24850
I      21896     24851
I      25233     24852
I      15670     24853
I      16580     24854
I       8751     24855
I      26487     24856
I       3467     24857
I      26972     24858
I      26550     24859
I      10343     24860
I      29779     24861
I      14101     24862
I      20363     24863
I      30865     24864
I      14927     24865
I      21376     24866
I      16760     24867
I      20053     24868
I      17792     24869
I      12822     24870
I      16270     24871
I      14118     24872
I       6308     24873
I      29070     24874
I      18272     24875
I       6635     24876
I      20016     24877
I      11414     24878
I      29663     24879
I        782     24880
I      29346     24881
I      23757     24882
I       7984     24883
I      16472     24884
I       8528     24885
I       7458     24886
I       9950     24887
I      15434     24888
I      31826     24889
I      31078     24890
I      24079     24891
I      14857     24892
I       5310     24893
I      25156     24894
I       4676     24895
I      26491     24896
I      10977     24897
I       1117     24898
I       2629     24899
I       4957     24900
I      25105     24901
I      25597     24902
I      31329     24903
I      28399     24904
I      30531     24905
I      28030     24906
I      11103     24907
I       3225     24908
I      18096     24909
I      24024     24910
I      31453     24911
I      21742     24912
I      28294     24913
I      29443     24914
I       5225     24915
I      20228     24916
I      15651     24917
I      31032     24918
I       5399     24919
I      29446     24920
I      20704     24921
I      24816     24922
I      30575     24923
I       1563     24924
I      11586     24925
I      22959     24926
I       7751     24927
I      30663     24928
I       7420     24929
I       4977     24930
I       8905     24931
I      30862     24932
I       3076     24933
I       3638     24934
I      27604     24935
I       9920     24936
I      22056     24937
I      30701     24938
I       2428     24939
I      11206     24940
I      28267     24941
I      16936     24942
I      14951     24943
I      19351     24944
I       9320     24945
I       2952     24946
I      28476     24947
I      29337     24948
I      31217     24949
I      24761     24950
I       9731     24951
I      15921     24952
I      19796     24953
I      32524     24954
I      22735     24955
I      27693     24956
I       2755     24957
I      15328     24958
I      24294     24959
I      13018     24960
I      31027     24961
I      26314     24962
I      30392     24963
I      14426     24964
I        384     24965
I       6470     24966
I      13806     24967
I      17097     24968
I       3810     24969
I      16037     24970
I      17395     24971
I      12044     24972
I      11194     24973
I      28647     24974
I      25257     24975
I      22216     24976
I       5449     24977
I      29715     24978
I      30847     24979
I      11007     24980
I      15543     24981
I       6576     24982
I       3920     24983
I      28182     24984
I      10539     24985
I      11378     24986
I      31694     24987
I        775     24988
I       2419     24989
I      23602     24990
I      29035     24991
I       2130     24992
I      15170     24993
I      32244     24994
I      30408     24995
I       7860     24996
I       7287     24997
I      26664     24998
I       2739     24999
I      24645     25000
I       4584     25001
I      32261     25002
I      12350     25003
I      18073     25004
I       4436     25005
I      13901     25006
I      32122     25007
I      14828     25008
I      24042     25009
I      12984     25010
I      24873     25011
I      31284     25012
I       9805     25013
I       9491     25014
I      22407     25015
I       6136     25016
I      17218     25017
I      15128     25018
I       3523     25019
I      31616     25020
I      10517     25021
I       3179     25022
I      22228     25023
I        251     25024
I      25015     25025
I       1679     25026
I      30868     25027
I      16447     25028
I      15953     25029
I      18312     25030
I      15308     25031
I      17164     25032
I      21905     25033
I       9452     25034
I      31606     25035
I       7884     25036
I      18571     25037
I       2446     25038
I      20159     25039
I      28122     25040
I      26950     25041
I      14848     25042
I      15336     25043
I      19351     25044
I      23504     25045
I      19285     25046
I       8580     25047
I      14717     25048
I      21144     25049
I      11171     25050
I       3592     25051
I      17898     25052
I      16302     25053
I      17574     25054
I      13469     25055
I      18942     25056
I      19563     25057
I       3321     25058
I      23388     25059
I      11187     25060
I      29395     25061
I       1075     25062
I      19709     25063
I       6822     25064
I      29588     25065
I      29356     25066
I      29661     25067
I       3228     25068
I      11126     25069
I       3038     25070
I      31709     25071
I      25510     25072
I       5524     25073
I      26981     25074
I       5773     25075
I       8429     25076
I      10609     25077
I      30906     25078
I       7613     25079
I      26508     25080
I      11169     25081
I      13087     25082
I      28190     25083
I      18073     25084
I      32487     25085
I      17193     25086
I      22098     25087
I      20737     25088
I       3668     25089
I      13254     25090
I       5098     25091
I      19527     25092
I      11783     25093
I       7568     25094
I       6914     25095
I      24626     25096
I      25788     25097
I      31053     25098
I      29207     25099
I      26352     25100
I      30478     25101
I      11275     25102
I      16145     25103
I       8824     25104
I      23052     25105
I      27899     25106
I       7993     25107
I        386     25108
I        230     25109
I      13741     25110
I      18745     25111
I       2802     25112
I      27336     25113
I        356     25114
I       9106     25115
I      21410     25116
I      28659     25117
I       6591     25118
I      30359     25119
I      18802     25120
I      28525     25121
I      10315     25122
I      14550     25123
I      10044     25124
I      14622     25125
I      29733     25126
I       6080     25127
I       7982     25128
I       7723     25129
I       9191     25130
I       2154     25131
I      30798     25132
I       3927     25133
I      31111     25134
I      27715     25135
I      24113     25136
I      19705     25137
I      14761     25138
I       2228     25139
I      15368     25140
I      29461     25141
I      27804     25142
I       5460     25143
I       1123     25144
I      16215     25145
I      23450     25146
I       1965     25147
I         65     25148
I      17006     25149
I      13586     25150
I      14845     25151
I      13336     25152
I        397     25153
I      11928     25154
I      19126     25155
I      26591     25156
I      23847     25157
I       3050     25158
I      31056     25159
I      16120     25160
I      28051     25161
I       8300     25162
I      26025     25163
I       7100     25164
I       9400     25165
I       4401     25166
I      11185     25167
I       4579     25168
I      21877     25169
I      16093     25170
I      11024     25171
I      10042     25172
I      17018     25173
I       6212     25174
I      31695     25175
I      17647     25176
I      15832     25177
I       2123     25178
I      11661     25179
I       4717     25180
I      29675     25181
I      23958     25182
I      20128     25183
I      18455     25184
I       9346     25185
I      18030     25186
I      24337     25187
I       3341     25188
I      17922     25189
I      15474     25190
I      17065     25191
I      11826     25192
I      29759     25193
I        427     25194
I      19874     25195
I      17022     25196
I       2009     25197
I        353     25198
I       6817     25199
I      27553     25200
I      24184     25201
I      11819     25202
I      32740     25203
I      23595     25204
I      16173     25205
I      12631     25206
I      20054     25207
I      25837     25208
I      12609     25209
I      26090     25210
I       2018     25211
I      10037     25212
I      21516     25213
I       7940     25214
I      27551     25215
I      28191     25216
I      20174     25217
I       9986     25218
I       9433     25219
I        105     25220
I      12590     25221
I      29221     25222
I      27953     25223
I      16765     25224
I      16165     25225
I      23604     25226
I      17575     25227
I      23230     25228
I       6276     25229
I      15097     25230
I       5801     25231
I      22977     25232
I      23245     25233
I      15143     25234
I      21929     25235
I      26890     25236
I       2393     25237
I      32119     25238
I       7767     25239
I      22388     25240
I      32664     25241
I       8788     25242
I      19754     25243
I      32738     25244
I      24178     25245
I      13092     25246
I      20983     25247
I      28271     25248
I      22783     25249
I      20930     25250
I       9545     25251
I       9521     25252
I       8467     25253
I      32127     25254
I      11862     25255
I      16987     25256
I      21174     25257
I        763     25258
I       8996     25259
I       1793     25260
I       4221     25261
I        210     25262
I       5605     25263
I       2222     25264
I       6062     25265
I      12988     25266
I      31266     25267
I      13572     25268
I      27296     25269
I      13043     25270
I      19733     25271
I      11778     25272
I      13324     25273
I        512     25274
I      11535     25275
I       3439     25276
I      10802     25277
I      19819     25278
I      21670     25279
I      14673     25280
I      29186     25281
I      15837     25282
I      14425     25283
I      30203     25284
I       7804     25285
I      32291     25286
I      28979     25287
I      10727     25288
I      32041     25289
I       5843     25290
I      21426     25291
I      31896     25292
I       4827     25293
I      25534     25294
I       4234     25295
I      28069     25296
I       6950     25297
I       5714     25298
I      21410     25299
I      12003     25300
I      32068     25301
I       3508     25302
I      14746     25303
I       4787     25304
I      30857     25305
I      17987     25306
I       5977     25307
I      18998     25308
I       6854     25309
I       7428     25310
I      14558     25311
I       4105     25312
I      10918     25313
I      13863     25314
I      15168     25315
I      16388     25316
I       6806     25317
I        388     25318
I       7235     25319
I      28070     25320
I       1565     25321
I      24016     25322
I      27103     25323
I      20638     25324
I      18836     25325
I      12216     25326
I      11321     25327
I      17700     25328
I       6061     25329
I      15933     25330
I        922     25331
I      32505     25332
I      29645     25333
I       9850     25334
I       5717     25335
I      25029     25336
I      25950     25337
I      14088     25338
I      29952     25339
I      15265     25340
I       1082     25341
I      20794     25342
I      27490     25343
I      16385     25344
I      16783     25345
I      20456     25346
I       5947     25347
I      29190     25348
I       7830     25349
I      19399     25350
I      16569     25351
I       6177     25352
I      15599     25353
I      25911     25354
I       2354     25355
I      22788     25356
I      14176     25357
I       5569     25358
I       5262     25359
I        942     25360
I      24243     25361
I      16321     25362
I      23571     25363
I       5067     25364
I      29860     25365
I      30925     25366
I      17935     25367
I      24472     25368
I      29237     25369
I      21012     25370
I      22276     25371
I      18795     25372
I      26799     25373
I      16348     25374
I      22298     25375
I      11296     25376
I      19199     25377
I      16003     25378
I      26293     25379
I      11076     25380
I       6806     25381
I       2620     25382
I      28878     25383
I      13707     25384
I       1434     25385
I      29000     25386
I      10305     25387
I      29345     25388
I      12329     25389
I      28170     25390
I      25407     25391
I      15699     25392
I      31951     25393
I      22315     25394
I       9515     25395
I      26701     25396
I      10538     25397
I       6752     25398
I      28920     25399
I      31394     25400
I      11485     25401
I       9288     25402
I      14194     25403
I      17023     25404
I      29591     25405
I      23241     25406
I      20967     25407
I      20240     25408
I      22197     25409
I      29398     25410
I       1490     25411
I       8459     25412
I      24336     25413
I      16136     25414
I      29290     25415
I      18301     25416
I      28844     25417
I      21201     25418
I      13214     25419
I      10936     25420
I       5784     25421
I      27474     25422
I      23599     25423
I      15858     25424
I      23089     25425
I      10655     25426
I      27220     25427
I      32502     25428
I      12529     25429
I      31520     25430
I      27981     25431
I      28533     25432
I       4516     25433
I       7948     25434
I      20520     25435
I      20398     25436
I      24077     25437
I      17068     25438
I       3475     25439
I      17640     25440
I      31633     25441
I      29812     25442
I      28277     25443
I      21068     25444
I       3229     25445
I      22276     25446
I       3443     25447
I      29708     25448
I      24121     25449
I      22501     25450
I      23971     25451
I      13730     25452
I       1117     25453
I       1122     25454
I       5296     25455
I       5231     25456
I       8361     25457
I      31225     25458
I      32562     25459
I      19826     25460
I      15348     25461
I      29217     25462
I      31464     25463
I      16604     25464
I      11998     25465
I       6178     25466
I      13118     25467
I       7288     25468
I      10390     25469
I      31527     25470
I       1769     25471
I      13933     25472
I      20599     25473
I       2362     25474
I      27816     25475
I      30821     25476
I      28754     25477
I      15865     25478
I       4813     25479
I      22624     25480
I      10285     25481
I      27495     25482
I       3339     25483
I      11836     25484
I       7564     25485
I      13225     25486
I      26288     25487
I      29674     25488
I        702     25489
I      27095     25490
I      14780     25491
I      25476     25492
I      17068     25493
I       4357     25494
I      10748     25495
I      28728     25496
I      26750     25497
I      28753     25498
I      11277     25499
I      18971     25500
I      14753     25501
I       7039     25502
I      12946     25503
I       6644     25504
I       7172     25505
I      31319     25506
I        191     25507
I      17184     25508
I      28646     25509
I       2339     25510
I      28251     25511
I       6112     25512
I       2231     25513
I       9017     25514
I      11074     25515
I      18854     25516
I      14107     25517
I      16990     25518
I      22154     25519
I      10036     25520
I      22058     25521
I      27982     25522
I      10004     25523
I       1340     25524
I       2634     25525
I      15667     25526
I       8844     25527
I      31455     25528
I      13570     25529
I      16945     25530
I       7107     25531
I      20001     25532
I       5217     25533
I       8210     25534
I      30579     25535
I      14482     25536
I       7952     25537
I      23763     25538
I       6940     25539
I       3604     25540
I      27012     25541
I      24470     25542
I       7658     25543
I      24614     25544
I      17887     25545
I        293     25546
I       7762     25547
I      23064     25548
I      30322     25549
I      21041     25550
I      26749     25551
I      27665     25552
I      18405     25553
I      13726     25554
I      18535     25555
I       7054     25556
I      17229     25557
I      20827     25558
I      29048     25559
I       4356     25560
I       8810     25561
I       9428     25562
I       7944     25563
I      17871     25564
I      32034     25565
I      16475     25566
I       9297     25567
I      11791     25568
I      22782     25569
I      30823     25570
I       7510     25571
I      26345     25572
I      14274     25573
I      16869     25574
I      28435     25575
I        732     25576
I        907     25577
I       9611     25578
I      25039     25579
I      20897     25580
I      31341     25581
I      10219     25582
I      21083     25583
I      30822     25584
I      20535     25585
I       4547     25586
I      24455     25587
I      15783     25588
I       6848     25589
I      24295     25590
I       2336     25591
I      31766     25592
I      22107     25593
I       4261     25594
I      11032     25595
I      11336     25596
I       7703     25597
I       2328     25598
I      20329     25599
I      27375     25600
I      29397     25601
I      26045     25602
I      23230     25603
I      18534     25604
I      19264     25605
I       7759     25606
I      15930     25607
I      24761     25608
I      19555     25609
I      24392     25610
I       2726     25611
I      32157     25612
I      28414     25613
I      27308     25614
I      12581     25615
I       7425     25616
I      11751     25617
I      24933     25618
I      12690     25619
I      30534     25620
I      11003     25621
I      11539     25622
I      26638     25623
I       7542     25624
I       6100     25625
I      11672     25626
I       4402     25627
I       5304     25628
I      15236     25629
I      14108     25630
I         86     25631
I      25653     25632
I      30526     25633
I      28417     25634
I       4767     25635
I      13397     25636
I       7879     25637
I      21630     25638
I      30881     25639
I       7313     25640
I       7098     25641
I      11408     25642
I      27694     25643
I      17647     25644
I      11307     25645
I       9205     25646
I      21615     25647
I      28964     25648
I       9209     25649
I       2670     25650
I      21972     25651
I      21485     25652
I      20631     25653
I       2976     25654
I      17498     25655
I       8007     25656
I      25362     25657
I      10839     25658
I      26298     25659
I      15316     25660
I      13944     25661
I       5183     25662
I      22038     25663
I      15043     25664
I       5385     25665
I       2943     25666
I      11665     25667
I      17313     25668
I      22541     25669
I       2589     25670
I      21496     25671
I      30875     25672
I      10664     25673
I      22903     25674
I      11242     25675
I      10056     25676
I       6801     25677
I      16198     25678
I       3027     25679
I      25900     25680
I       2067     25681
I      26739     25682
I      21062     25683
I      17116     25684
I       6243     25685
I      13898     25686
I      14643     25687
I      10582     25688
I      25945     25689
I      13969     25690
I      25893     25691
I       6410     25692
I      21254     25693
I       6087     25694
I       2274     25695
I      28109     25696
I      29810     25697
I      17881     25698
I      22866     25699
I        796     25700
I       6733     25701
I      22330     25702
I       1457     25703
I       8453     25704
I      13219     25705
I      14328     25706
I       1972     25707
I      20582     25708
I       2107     25709
I      19079     25710
I      12058     25711
I      17473     25712
I       9737     25713
I       8529     25714
I      14986     25715
I        440     25716
I      18012     25717
I      23087     25718
I      22066     25719
I       5877     25720
I      22551     25721
I      29452     25722
I      26693     25723
I      19946     25724
I      23070     25725
I      25477     25726
I       8155     25727
I      18843     25728
I       6028     25729
I      20781     25730
I      19658     25731
I      24466     25732
I       1541     25733
I      20870     25734
I        302     25735
I      19316     25736
I       9170     25737
I      22063     25738
I       2609     25739
I      12687     25740
I        223     25741
I      26286     25742
I      11990     25743
I       7961     25744
I       1090     25745
I       6341     25746
I       7508     25747
I      13470     25748
I      32748     25749
I      25052     25750
I      31864     25751
I       2932     25752
I       8608     25753
I      21077     25754
I      31460     25755
I      24469     25756
I      32078     25757
I       6165     25758
I      11188     25759
I      14153     25760
I       6994     25761
I       9075     25762
I      12216     25763
I      20277     25764
I       1918     25765
I       3638     25766
I       8988     25767
I      17960     25768
I      17469     25769
I      19326     25770
I      30380     25771
I      18325     25772
I      11209     25773
I       5539     25774
I       1610     25775
I       1511     25776
I      21574     25777
I      17547     25778
I      21238     25779
I       6664     25780
I      29380     25781
I       6526     25782
I      12737     25783
I      18309     25784
I      27372     25785
I       5602     25786
I       9085     25787
I      11573     25788
I       3415     25789
I        187     25790
I      12717     25791
I      20950     25792
I      31394     25793
I      25939     25794
I       9577     25795
I      17524     25796
I      15810     25797
I      15526     25798
I      22540     25799
I      20607     25800
I      17634     25801
I       4810     25802
I      14195     25803
I      13539     25804
I       3083     25805
I      28299     25806
I      25912     25807
I      17807     25808
I      24827     25809
I      13643     25810
I      11028     25811
I      19504     25812
I      32645     25813
I      19795     25814
I      24556     25815
I      29185     25816
I      15144     25817
I      10799     25818
I       5900     25819
I       7173     25820
I      23590     25821
I      23788     25822
I       4980     25823
I      29877     25824
I      31258     25825
I       8343     25826
I      10162     25827
I      20867     25828
I       8163     25829
I      31299     25830
I      13526     25831
I       4452     25832
I       1701     25833
I      28975     25834
I      29999     25835
I      13979     25836
I       6287     25837
I      28288     25838
I       9079     25839
I      27966     25840
I      10182     25841
I       1104     25842
I       4795     25843
I      25711     25844
I      29973     25845
I       1966     25846
I       5840     25847
I      21922     25848
I       9845     25849
I      30605     25850
I       6112     25851
I       7549     25852
I      16470     25853
I       4966     25854
I      13851     25855
I      14271     25856
I      29400     25857
I      19803     25858
I       8735     25859
I      32115     25860
I      24498     25861
I        640     25862
I       9437     25863
I      27656     25864
I      32750     25865
I      30763     25866
I      16185     25867
I      13479     25868
I      13526     25869
I       6842     25870
I      20270     25871
I      22577     25872
I      17664     25873
I      12309     25874
I      10725     25875
I       8487     25876
I      28346     25877
I      23284     25878
I      10387     25879
I      20254     25880
I        982     25881
I      26740     25882
I       9548     25883
I      14810     25884
I      31737     25885
I        204     25886
I      15431     25887
I      18692     25888
I      22507     25889
I      29744     25890
I       4539     25891
I       4000     25892
I       4280     25893
I       2835     25894
I      12436     25895
I       1258     25896
I       8805     25897
I      32743     25898
I      28161     25899
I      17631     25900
I       5683     25901
I       7176     25902
I        494     25903
I      10287     25904
I      23418     25905
I      24706     25906
I       6156     25907
I      17086     25908
I      24333     25909
I      16926     25910
I      32723     25911
I       4626     25912
I      19352     25913
I      30752     25914
I      24061     25915
I      11087     25916
I      26840     25917
I      25696     25918
I       1545     25919
I      29443     25920
I      26467     25921
I      13422     25922
I      24164     25923
I        680     25924
I       3487     25925
I       7419     25926
I      28547     25927
I       5048     25928
I      30251     25929
I      30742     25930
I      25506     25931
I       6828     25932
I      32082     25933
I      18055     25934
I       7533     25935
I      21140     25936
I      10751     25937
I       9208     25938
I      11341     25939
I       7857     25940
I        933     25941
I      19999     25942
I       6414     25943
I       2664     25944
I      12082     25945
I      29805     25946
I       3761     25947
I      31664     25948
I       3244     25949
I      26012     25950
I      31683     25951
I       3501     25952
I      29408     25953
I      30296     25954
I      25613     25955
I      11602     25956
I      16898     25957
I      22214     25958
I       4639     25959
I      27365     25960
I      30504     25961
I      22318     25962
I       4563     25963
I      13889     25964
I       4691     25965
I      31964     25966
I      20028     25967
I      22476     25968
I      24566     25969
I      27443     25970
I      15513     25971
I      17897     25972
I      23333     25973
I      14051     25974
I      26361     25975
I        895     25976
I      32754     25977
I       9550     25978
I      21814     25979
I      29592     25980
I      29321     25981
I      18426     25982
I      30100     25983
I       8801     25984
I       1707     25985
I      20171     25986
I      26981     25987
I      11497     25988
I      13251     25989
I      14215     25990
I       2755     25991
I       5265     25992
I      30096     25993
I      14952     25994
I       6626     25995
I       3344     25996
I        495     25997
I      23162     25998
I        311     25999
I       3505     26000
I       4648     26001
I      10265     26002
I      29308     26003
I      12620     26004
I      27394     26005
I      25268     26006
I       2362     26007
I      24617     26008
I      18878     26009
I      23052     26010
I       2381     26011
I       3144     26012
I       8655     26013
I      25737     26014
I      21004     26015
I      24381     26016
I      20114     26017
I      12608     26018
I       2432     26019
I      18384     26020
I      28021     26021
I      31333     26022
I       9498     26023
I      30246     26024
I      18204     26025
I      29296     26026
I        584     26027
I      24761     26028
I      15931     26029
I        945     26030
I      30645     26031
I      13688     26032
I      23215     26033
I      31842     26034
I      23899     26035
I      23558     26036
I       4994     26037
I      16703     26038
I       1411     26039
I       7719     26040
I      23318     26041
I      21947     26042
I      20111     26043
I      29251     26044
I       4693     26045
I      19964     26046
I      23634     26047
I      10677     26048
I      10717     26049
I      18775     26050
I      12908     26051
I      19286     26052
I      10600     26053
I        379     26054
I       7702     26055
I      27837     26056
I      19931     26057
I      20034     26058
I       9081     26059
I      23021     26060
I       5841     26061
I      25807     26062
I      29840     26063
I       3209     26064
I      19798     26065
I      12137     26066
I      11114     26067
I      18937     26068
I      32315     26069
I       6082     26070
I      12261     26071
I      27809     26072
I       7567     26073
I       9051     26074
I      25246     26075
I      27626     26076
I      23498     26077
I      17272     26078
I      17313     26079
I      11619     26080
I      23343     26081
I      26442     26082
I      19664     26083
I      15259     26084
I       1569     26085
I       3992     26086
I      17442     26087
I      28701     26088
I       1099     26089
I      24779     26090
I      17606     26091
I       4088     26092
I      26056     26093
I      28727     26094
I      11105     26095
I      24027     26096
I      30488     26097
I      22632     26098
I      15231     26099
I      12497     26100
I       6968     26101
I      20271     26102
I      15294     26103
I       1017     26104
I      24391     26105
I       5494     26106
I      17432     26107
I      31123     26108
I      26382     26109
I       9206     26110
I      30039     26111
I      22906     26112
I      11223     26113
I      24154     26114
I      24859     26115
I      13655     26116
I      19546     26117
I      20402     26118
I      14147     26119
I       2342     26120
I      19670     26121
I       6347     26122
I       8282     26123
I      11272     26124
I        255     26125
I       2124     26126
I       4239     26127
I      27875     26128
I      22058     26129
I      30483     26130
I      27570     26131
I      12338     26132
I      31073     26133
I      18815     26134
I      23555     26135
I       7335     26136
I      24452     26137
I      14329     26138
I      10118     26139
I       8691     26140
I      17369     26141
I       2562     26142
I      25756     26143
I      29262     26144
I      27654     26145
I      13282     26146
I       3337     26147
I      19339     26148
I       9118     26149
I      30413     26150
I      20155     26151
I      27061     26152
I       6915     26153
I      23357     26154
I       4943     26155
I       8541     26156
I      16583     26157
I      28703     26158
I      29366     26159
I      12123     26160
I      17931     26161
I      16469     26162
I      21694     26163
I      19986     26164
I      31338     26165
I       1177     26166
I      31215     26167
I      10204     26168
I      17440     26169
I      31094     26170
I      27901     26171
I      11307     26172
I      26271     26173
I      25554     26174
I      10892     26175
I      13141     26176
I      27820     26177
I       3623     26178
I      12347     26179
I      24223     26180
I      31686     26181
I      27433     26182
I      28211     26183
I      32558     26184
I      10074     26185
I      14117     26186
I      26481     26187
I      26710     26188
I       5385     26189
I       1310     26190
I      21961     26191
I       7291     26192
I       5420     26193
I       9295     26194
I      24660     26195
I      11026     26196
I      30131     26197
I      11068     26198
I      17862     26199
I       7766     26200
I      20236     26201
I      30618     26202
I      25741     26203
I      22317     26204
I      24539     26205
I      26595     26206
I       3871     26207
I      26480     26208
I       1810     26209
I      32333     26210
I      13726     26211
I      15665     26212
I      18276     26213
I       3824     26214
I      22362     26215
I       9697     26216
I       6085     26217
I      23713     26218
I       4936     26219
I       3427     26220
I      22472     26221
I       6579     26222
I       7221     26223
I       8664     26224
I        127     26225
I      11555     26226
I      24299     26227
I      20805     26228
I      21123     26229
I      21619     26230
I      19575     26231
I      26758     26232
I        784     26233
I      20397     26234
I      25079     26235
I      31379     26236
I       1334     26237
I      13495     26238
I      16488     26239
I        609     26240
I      15771     26241
I          6     26242
I      11344     26243
I      20745     26244
I      32018     26245
I        595     26246
I      29517     26247
I      24918     26248
I       2272     26249
I      26294     26250
I      21627     26251
I      28902     26252
I       2499     26253
I      15582     26254
I      16915     26255
I      26336     26256
I      22183     26257
I       2675     26258
I      24885     26259
I      17737     26260
I       3710     26261
I       3878     26262
I      26498     26263
I      25532     26264
I      18335     26265
I      17425     26266
I      16209     26267
I      20688     26268
I       8556     26269
I      21594     26270
I       6290     26271
I       8234     26272
I      11923     26273
I      19749     26274
I       7307     26275
I       5263     26276
I      18417     26277
I      25633     26278
I      16058     26279
I      28540     26280
I      15144     26281
I      19231     26282
I       2976     26283
I      14820     26284
I       6086     26285
I      18217     26286
I       4333     26287
I      30073     26288
I      15397     26289
I      15433     26290
I       9471     26291
I      15316     26292
I      10593     26293
I       9656     26294
I      10770     26295
I      19127     26296
I      11702     26297
I      31930     26298
I      10201     26299
I       9225     26300
I      29583     26301
I      10637     26302
I      28145     26303
I      30541     26304
I      14441     26305
I      14644     26306
I       9783     26307
I      10369     26308
I      13998     26309
I        527     26310
I      12280     26311
I      11698     26312
I       9678     26313
I      16527     26314
I      22468     26315
I      13825     26316
I      24938     26317
I      24815     26318
I      15338     26319
I      25405     26320
I      22654     26321
I      12315     26322
I      32423     26323
I      13785     26324
I      29246     26325
I      17127     26326
I       5674     26327
I      17603     26328
I      30824     26329
I       1997     26330
I      22146     26331
I      22884     26332
I      13177     26333
I      22730     26334
I      20186     26335
I       3411     26336
I      26730     26337
I      31359     26338
I      23165     26339
I      21772     26340
I      15063     26341
I      23692     26342
I      27770     26343
I      11892     26344
I      32718     26345
I      21028     26346
I      25987     26347
I      31790     26348
I      14347     26349
I       6310     26350
I       4430     26351
I       5071     26352
I       5078     26353
I      10312     26354
I       2124     26355
I      11109     26356
I        571     26357
I       5443     26358
I      14554     26359
I        562     26360
I      21167     26361
I      30713     26362
I      19952     26363
I      14870     26364
I      26285     26365
I      12327     26366
I      32350     26367
I      30327     26368
I      14428     26369
I       5088     26370
I       7970     26371
I      11068     26372
I      18703     26373
I      17008     26374
I      11121     26375
I      28759     26376
I       3038     26377
I       4990     26378
I       9189     26379
I      17922     26380
I       5891     26381
I      25549     26382
I      10248     26383
I      13410     26384
I      26869     26385
I      17092     26386
I       5372     26387
I      32097     26388
I       8908     26389
I       1744     26390
I      22171     26391
I       4714     26392
I      27176     26393
I       8303     26394
I      10264     26395
I      31097     26396
I         35     26397
I      15395     26398
I      25970     26399
I      17535     26400
I      15649     26401
I      14765     26402
I      22435     26403
I      21463     26404
I      31910     26405
I      26310     26406
I      24815     26407
I      30533     26408
I       6369     26409
I       8195     26410
I      17345     26411
I       8630     26412
I      19402     26413
I      32002     26414
I      22459     26415
I      15088     26416
I      17497     26417
I       1332     26418
I      17533     26419
I      30990     26420
I      15198     26421
I      19089     26422
I       5835     26423
I      24363     26424
I       4738     26425
I      17129     26426
I      17406     26427
I      29287     26428
I       4341     26429
I      20295     26430
I      19794     26431
I        324     26432
I      18566     26433
I      19381     26434
I      13686     26435
I      10874     26436
I       2633     26437
I      25014     26438
I      15344     26439
I      31915     26440
I      12822     26441
I      14870     26442
I       8188     26443
I      24973     26444
I         41     26445
I      29036     26446
I        832     26447
I       8499     26448
I       1505     26449
I       3051     26450
I       1371     26451
I      11529     26452
I      17399     26453
I      25114     26454
I      18444     26455
I      28359     26456
I      12877     26457
I       3541     26458
I      19826     26459
I       5380     26460
I       5040     26461
I      15751     26462
I      10714     26463
I      29797     26464
I       2265     26465
I      15560     26466
I       3136     26467
I      10430     26468
I      24681     26469
I      10322     26470
I      16435     26471
I      14318     26472
I      31487     26473
I      17280     26474
I      22511     26475
I      13587     26476
I      18146     26477
I      29543     26478
I      30845     26479
I      20819     26480
I       8377     26481
I       2654     26482
I        132     26483
I      16196     26484
I       5609     26485
I      25757     26486
I      20679     26487
I      30179     26488
I      26854     26489
I       3546     26490
I        447     26491
I       6932     26492
I      28206     26493
I      16035     26494
I       8766     26495
I      26438     26496
I      14174     26497
I       7850     26498
I      16031     26499
I       3699     26500
I      27972     26501
I       6112     26502
I      22399     26503
I      19578     26504
I      27257     26505
I      20155     26506
I      30161     26507
I      29596     26508
I      27398     26509
I       6215     26510
I      11731     26511
I      17659     26512
I      22888     26513
I      19377     26514
I      22392     26515
I      28259     26516
I       1691     26517
I      23507     26518
I      32297     26519
I       6046     26520
I      16591     26521
I       3489     26522
I      23237     26523
I       9346     26524
I       5770     26525
I      21250     26526
I      27799     26527
I       5089     26528
I      16422     26529
I       3025     26530
I      15532     26531
I      11890     26532
I      25513     26533
I       1783     26534
I      16546     26535
I      22050     26536
I      18779     26537
I      17790     26538
I      15144     26539
I       7237     26540
I      16536     26541
I       8889     26542
I       5816     26543
I      17011     26544
I      18961     26545
I      30440     26546
I       1897     26547
I      21722     26548
I      24276     26549
I      31279     26550
I      30867     26551
I      13951     26552
I      16379     26553
I      26334     26554
I      30548     26555
I      27861     26556
I       3374     26557
I      18881     26558
I      13638     26559
I      25158     26560
I       4597     26561
I       8107     26562
I       7192     26563
I        199     26564
I      17609     26565
I      29730     26566
I      28636     26567
I       3394     26568
I       4024     26569
I      13202     26570
I      13419     26571
I      31631     26572
I      29861     26573
I      18347     26574
I      15612     26575
I      30588     26576
I       1020     26577
I      16978     26578
I       4900     26579
I      28613     26580
I      26512     26581
I       7553     26582
I      11498     26583
I      14532     26584
I      19732     26585
I      18081     26586
I       8044     26587
I      27398     26588
I      16193     26589
I       4573     26590
I       9299     26591
I      19382     26592
I       1424     26593
I       7382     26594
I       6562     26595
I      13089     26596
I      10159     26597
I       2578     26598
I      26266     26599
I       1274     26600
I      22432     26601
I       2343     26602
I        706     26603
I      29083     26604
I      18937     26605
I      25694     26606
I      16637     26607
I      24347     26608
I      22566     26609
I      29619     26610
I      23516     26611
I      13470     26612
I      25524     26613
I       5765     26614
I       4954     26615
I      15736     26616
I      12602     26617
I      26258     26618
I      11069     26619
I       9177     26620
I       2436     26621
I      24823     26622
I      30015     26623
I       6023     26624
I      30128     26625
I      28849     26626
I      21328     26627
I      30653     26628
I      21711     26629
I      32419     26630
I      16203     26631
I      10483     26632
I      29659     26633
I      10876     26634
I      12942     26635
I      13825     26636
I        891     26637
I      32184     26638
I      32100     26639
I      19517     26640
I      13289     26641
I       6454     26642
I       7657     26643
I       8162     26644
I      19505     26645
I      17210     26646
I       8354     26647
I       1101     26648
I      20666     26649
I      12600     26650
I      18414     26651
I      15738     26652
I       8128     26653
I      10117     26654
I       6782     26655
I       8639     26656
I      22641     26657
I       3675     26658
I      30536     26659
I       3897     26660
I       6575     26661
I      31791     26662
I       7417     26663
I       6505     26664
I      16587     26665
I      15340     26666
I      15191     26667
I      26512     26668
I      14762     26669
I      22010     26670
I      11822     26671
I       9877     26672
I      14725     26673
I      25009     26674
I      23728     26675
I      10893     26676
I      19495     26677
I       8296     26678
I      17317     26679
I      16520     26680
I      27976     26681
I       4339     26682
I      10194     26683
I      22847     26684
I       2655     26685
I       9582     26686
I      10011     26687
I       9256     26688
I      11581     26689
I      24681     26690
I      23225     26691
I      15401     26692
I      30946     26693
I      17391     26694
I      10619     26695
I      11719     26696
I      17257     26697
I      27174     26698
I      12526     26699
I      29995     26700
I      15791     26701
I      30455     26702
I      22291     26703
I       6984     26704
I      15990     26705
I      25804     26706
I      24134     26707
I      18337     26708
I      21360     26709
I       2660     26710
I      32389     26711
I       8018     26712
I      30709     26713
I       2906     26714
I      21299     26715
I      30317     26716
I       9959     26717
I       7709     26718
I      14294     26719
I        191     26720
I       8784     26721
I      30124     26722
I       8122     26723
I      20099     26724
I      17735     26725
I      22288     26726
I      26990     26727
I      29483     26728
I       4626     26729
I      28807     26730
I      17205     26731
I      25680     26732
I       2675     26733
I      13098     26734
I      14706     26735
I       7652     26736
I      13438     26737
I      29457     26738
I       4159     26739
I      22084     26740
I      24136     26741
I      19909     26742
I        858     26743
I      27035     26744
I      26492     26745
I       4609     26746
I        202     26747
I      22523     26748
I      31008     26749
I       4576     26750
I      19331     26751
I       3077     26752
I       1456     26753
I       2248     26754
I      29164     26755
I       9411     26756
I      28258     26757
I      23040     26758
I      12133     26759
I      17691     26760
I      13350     26761
I       1134     26762
I       2348     26763
I      28039     26764
I      27982     26765
I       1857     26766
I      21702     26767
I        681     26768
I      17213     26769
I      18607     26770
I       2239     26771
I      20378     26772
I       6351     26773
I      15948     26774
I      14483     26775
I      20922     26776
I      17628     26777
I      10358     26778
I      22457     26779
I      17190     26780
I       2352     26781
I      10325     26782
I      21504     26783
I       8383     26784
I       9500     26785
I        804     26786
I       1480     26787
I       7452     26788
I      27796     26789
I       6669     26790
I      10270     26791
I       9383     26792
I      29650     26793
I      16311     26794
I      27583     26795
I      23777     26796
I      21188     26797
I      31067     26798
I       6455     26799
I      32198     26800
I      12331     26801
I       6620     26802
I      13347     26803
I      24391     26804
I      30364     26805
I       1113     26806
I      11013     26807
I         88     26808
I      29668     26809
I      16073     26810
I       5373     26811
I      24438     26812
I       8253     26813
I      24383     26814
I      28250     26815
I       9283     26816
I      30533     26817
I      10998     26818
I      18260     26819
I       9626     26820
I      22872     26821
I      24498     26822
I      31937     26823
I      23551     26824
I      28403     26825
I      22676     26826
I      10294     26827
I      12379     26828
I      17177     26829
I       8939     26830
I      13253     26831
I       3161     26832
I      15654     26833
I      28041     26834
I      16631     26835
I      23464     26836
I      29479     26837
I      14787     26838
I      20734     26839
I       7067     26840
I      20744     26841
I       8475     26842
I      30904     26843
I      29189     26844
I      16094     26845
I      20928     26846
I      15136     26847
I      20328     26848
I      14446     26849
I      24099     26850
I      13255     26851
I      32139     26852
I      13743     26853
I      17208     26854
I      11071     26855
I      13712     26856
I      17101     26857
I      28385     26858
I      31810     26859
I       2008     26860
I      25029     26861
I      27930     26862
I       1434     26863
I       2054     26864
I      11302     26865
I      19526     26866
I      18560     26867
I      16891     26868
I      20251     26869
I      18416     26870
I       1924     26871
I       5126     26872
I      14876     26873
I        791     26874
I      19234     26875
I      25468     26876
I      23201     26877
I      27932     26878
I       8367     26879
I      24210     26880
I       7708     26881
I      32324     26882
I       9828     26883
I      18092     26884
I      27558     26885
I       2605     26886
I      20357     26887
I       5455     26888
I      21606     26889
I      25878     26890
I      18419     26891
I       6902     26892
I      20934     26893
I       3111     26894
I       6595     26895
I       8759     26896
I      17910     26897
I      13676     26898
I      22851     26899
I      21456     26900
I      11716     26901
I      24681     26902
I      25972     26903
I       2281     26904
I      12370     26905
I       7206     26906
I       9362     26907
I      24801     26908
I      26710     26909
I       6438     26910
I      17436     26911
I      23066     26912
I      21226     26913
I      16476     26914
I      29382     26915
I        987     26916
I      25901     26917
I      12807     26918
I      11283     26919
I      17530     26920
I      21476     26921
I      14226     26922
I      14357     26923
I      13894     26924
I      31463     26925
I       6867     26926
I      10959     26927
I      23467     26928
I       4639     26929
I      12443     26930
I      20999     26931
I       1784     26932
I      15106     26933
I      17090     26934
I       7830     26935
I       2052     26936
I       4835     26937
I      32473     26938
I       5139     26939
I      12087     26940
I      29755     26941
I      22146     26942
I      19973     26943
I      14437     26944
I      28426     26945
I      12757     26946
I      26039     26947
I      16012     26948
I      31577     26949
I      26082     26950
I       8873     26951
I      29696     26952
I       9773     26953
I       8189     26954
I        847     26955
I      11504     26956
I      11048     26957
I      27362     26958
I       7007     26959
I      12514     26960
I      11881     26961
I      28166     26962
I       7593     26963
I      25598     26964
I       8488     26965
I       5202     26966
I       8024     26967
I      16956     26968
I      17606     26969
I      26861     26970
I      25231     26971
I      15252     26972
I      25021     26973
I      21314     26974
I      13405     26975
I      10155     26976
I       4504     26977
I      20771     26978
I       1705     26979
I      29408     26980
I      32486     26981
I      21822     26982
I       7900     26983
I      23248     26984
I      23788     26985
I      16094     26986
I      10448     26987
I       4329     26988
I       4916     26989
I      27493     26990
I      16034     26991
I      31068     26992
I      28715     26993
I      23963     26994
I       6633     26995
I      22311     26996
I      19415     26997
I      15727     26998
I       6952     26999
I      17871     27000
I       2092     27001
I       6330     27002
I       7819     27003
I      26143     27004
I      19662     27005
I       2589     27006
I       8178     27007
I       8174     27008
I       7554     27009
I       2007     27010
I      24803     27011
I      19032     27012
I       6958     27013
I      20616     27014
I      24397     27015
I      13677     27016
I      21204     27017
I       4025     27018
I      17849     27019
I      25250     27020
I       1226     27021
I      12299     27022
I      17159     27023
I      28588     27024
I      28664     27025
I      14391     27026
I      25400     27027
I       2713     27028
I      11368     27029
I       5916     27030
I      31339     27031
I      12553     27032
I      21346     27033
I      12084     27034
I      14093     27035
I      21633     27036
I       5715     27037
I      14575     27038
I      15965     27039
I      18906     27040
I       8694     27041
I      25272     27042
I      32190     27043
I      13966     27044
I      19610     27045
I      12274     27046
I      23236     27047
I      13029     27048
I       5752     27049
I      17018     27050
I       2689     27051
I      26368     27052
I       9918     27053
I       1052     27054
I      13452     27055
I      32242     27056
I       5803     27057
I      14261     27058
I       8407     27059
I       2563     27060
I       6455     27061
I      26697     27062
I      17428     27063
I       1339     27064
I       8046     27065
I      16880     27066
I      27987     27067
I      29110     27068
I       2519     27069
I      28639     27070
I       2199     27071
I      17911     27072
I      21260     27073
I       4093     27074
I      11430     27075
I      28718     27076
I      29247     27077
I      11833     27078
I      15501     27079
I        234     27080
I      18709     27081
I       5491     27082
I        542     27083
I      30796     27084
I      28524     27085
I      20642     27086
I      24195     27087
I      14639     27088
I      22058     27089
I      12911     27090
I      16219     27091
I      14797     27092
I      14319     27093
I      13752     27094
I      21989     27095
I      16761     27096
I      25354     27097
I       8375     27098
I      31878     27099
I      10850     27100
I      24927     27101
I      27716     27102
I      29108     27103
I      22868     27104
I       3438     27105
I      25385     27106
I      21343     27107
I      26751     27108
I       2006     27109
I      28876     27110
I       1416     27111
I      24324     27112
I       7645     27113
I      16294     27114
I      20519     27115
I      13260     27116
I      18977     27117
I      26366     27118
I      15081     27119
I      15743     27120
I      13301     27121
I      21898     27122
I      11302     27123
I      17098     27124
I      21581     27125
I      28578     27126
I      25521     27127
I      25288     27128
I       2839     27129
I      13061     27130
I       4273     27131
I       8387     27132
I      31613     27133
I       2290     27134
I      30817     27135
I      29646     27136
I      29413     27137
I      10732     27138
I      32331     27139
I      32384     27140
I       5410     27141
I      32246     27142
I      32538     27143
I       2327     27144
I       7987     27145
I      10614     27146
I       5685     27147
I       5390     27148
I      27022     27149
I      14003     27150
I       8503     27151
I      26984     27152
I       8325     27153
I       7307     27154
I      26580     27155
I      12315     27156
I       9468     27157
I      21891     27158
I      24438     27159
I       6509     27160
I      15219     27161
I      12400     27162
I      21162     27163
I       3551     27164
I      23466     27165
I      23933     27166
I       5271     27167
I      12867     27168
I      25956     27169
I      10515     27170
I      24422     27171
I      24087     27172
I      19975     27173
I       9062     27174
I       8530     27175
I       9330     27176
I       6503     27177
I       5744     27178
I      23753     27179
I      18961     27180
I      17823     27181
I       2673     27182
I      32719     27183
I        743     27184
I        517     27185
I       5847     27186
I      12169     27187
I      12243     27188
I      18066     27189
I      31115     27190
I      15899     27191
I      29614     27192
I       3035     27193
I       7260     27194
I      17861     27195
I      13183     27196
I      25770     27197
I       4256     27198
I      21560     27199
I      27874     27200
I      17210     27201
I       8903     27202
I       9183     27203
I      22676     27204
I      28699     27205
I      28500     27206
I      28841     27207
I      28341     27208
I       8128     27209
I      16532     27210
I      30523     27211
I      25010     27212
I      31020     27213
I       1077     27214
I        344     27215
I      16297     27216
I       1599     27217
I      12556     27218
I       6054     27219
I      14520     27220
I      31545     27221
I      14715     27222
I      32604     27223
I      20570     27224
I       5324     27225
I      30989     27226
I      14744     27227
I      28397     27228
I       9415     27229
I       6748     27230
I      30984     27231
I       6356     27232
I       4388     27233
I      14335     27234
I      25025     27235
I      13687     27236
I      20718     27237
I       9916     27238
I      25055     27239
I      16890     27240
I      20790     27241
I      20929     27242
I      28356     27243
I       6372     27244
I       8699     27245
I      25670     27246
I      27036     27247
I      19624     27248
I      29233     27249
I      18346     27250
I      20517     27251
I      19970     27252
I      20839     27253
I      18419     27254
I       1895     27255
I       9886     27256
I      13703     27257
I      30599     27258
I      19802     27259
I       3849     27260
I      20070     27261
I      25052     27262
I      19771     27263
I      21825     27264
I      19092     27265
I      10475     27266
I      22402     27267
I      25055     27268
I       3117     27269
I       7244     27270
I      13008     27271
I      18353     27272
I      25653     27273
I       4981     27274
I       3972     27275
I      28628     27276
I      25301     27277
I      14465     27278
I      16727     27279
I       8794     27280
I      31437     27281
I      13484     27282
I      11982     27283
I        991     27284
I      30774     27285
I       9082     27286
I      23298     27287
I      23571     27288
I       6567     27289
I       6492     27290
I      17405     27291
I       2966     27292
I      30267     27293
I      15425     27294
I       6872     27295
I      16179     27296
I       7380     27297
I      28496     27298
I      31492     27299
I       7570     27300
I       8453     27301
I      18360     27302
I       5653     27303
I       8316     27304
I      23658     27305
I       4336     27306
I       7301     27307
I      19518     27308
I      22772     27309
I      12935     27310
I      27424     27311
I      31725     27312
I      23530     27313
I       5270     27314
I      32018     27315
I        350     27316
I      14329     27317
I      30448     27318
I      24336     27319
I      24992     27320
I      28892     27321
I      14602     27322
I       8923     27323
I       5063     27324
I      13572     27325
I      20553     27326
I      26785     27327
I      15221     27328
I      29285     27329
I      10760     27330
I        791     27331
I      24063     27332
I       7862     27333
I      17126     27334
I       8549     27335
I      20307     27336
I      11828     27337
I       3246     27338
I       2580     27339
I      22642     27340
I      24517     27341
I      22212     27342
I      12452     27343
I      29106     27344
I       9600     27345
I       7161     27346
I       2380     27347
I       3526     27348
I       1442     27349
I      22026     27350
I       3058     27351
I      31241     27352
I      20126     27353
I      17833     27354
I       3363     27355
I       7186     27356
I       1276     27357
I      19219     27358
I       8192     27359
I      20754     27360
I      26131     27361
I      24859     27362
I       2117     27363
I        855     27364
I      17992     27365
I      22306     27366
I      13364     27367
I        868     27368
I      24014     27369
I      12589     27370
I      18393     27371
I      28866     27372
I      21872     27373
I       6870     27374
I      19277     27375
I      26508     27376
I       1740     27377
I      14016     27378
I       7954     27379
I       7010     27380
I      16519     27381
I        277     27382
I      20529     27383
I      11952     27384
I       5502     27385
I       8781     27386
I      26538     27387
I      23627     27388
I      19544     27389
I      29471     27390
I       3838     27391
I      32632     27392
I      18210     27393
I       8085     27394
I      25710     27395
I       7564     27396
I      11526     27397
I       1551     27398
I      29452     27399
I      28039     27400
I      29722     27401
I       3754     27402
I        365     27403
I        135     27404
I      27916     27405
I       8084     27406
I      15712     27407
I      22674     27408
I      29712     27409
I       9453     27410
I      19001     27411
I        966     27412
I      30771     27413
I       2996     27414
I      16481     27415
I      15282     27416
I      16424     27417
I       7735     27418
I        693     27419
I      16512     27420
I       1730     27421
I      30016     27422
I      25600     27423
I       7892     27424
I      15089     27425
I      10734     27426
I      20398     27427
I       4113     27428
I      13093     27429
I      16878     27430
I       7225     27431
I      23778     27432
I       2884     27433
I      17873     27434
I      11043     27435
I      10238     27436
I      14512     27437
I       1964     27438
I       1318     27439
I       8531     27440
I      18177     27441
I      17052     27442
I      18056     27443
I      11805     27444
I      16184     27445
I      30077     27446
I      28858     27447
I      32150     27448
I      29864     27449
I      22075     27450
I      10085     27451
I      30288     27452
I       9872     27453
I       5695     27454
I       4239     27455
I      20477     27456
I      14665     27457
I       8006     27458
I      28913     27459
I      10001     27460
I      20046     27461
I      26836     27462
I       8076     27463
I       1610     27464
I      17751     27465
I      13918     27466
I       9011     27467
I       8681     27468
I      28259     27469
I      24628     27470
I      20545     27471
I       7550     27472
I      26401     27473
I      30752     27474
I      14911     27475
I      27044     27476
I      28835     27477
I      22207     27478
I       7304     27479
I      27806     27480
I       1546     27481
I      31169     27482
I      12541     27483
I       7169     27484
I      17592     27485
I      15056     27486
I       3479     27487
I      26652     27488
I      23673     27489
I      30270     27490
I      17564     27491
I      30864     27492
I      13704     27493
I       7136     27494
I      18996     27495
I      14090     27496
I      23162     27497
I       8480     27498
I      20286     27499
I      14014     27500
I      27094     27501
I      27920     27502
I      15314     27503
I      10364     27504
I       1014     27505
I       5032     27506
I      32126     27507
I       9138     27508
I       2500     27509
I      31050     27510
I       2760     27511
I      28940     27512
I      28182     27513
I       9575     27514
I       5871     27515
I      15611     27516
I      30554     27517
I      19549     27518
I      13595     27519
I       9489     27520
I      16547     27521
I      22166     27522
I      19644     27523
I      11646     27524
I      21152     27525
I       6832     27526
I      19106     27527
I      15436     27528
I      31481     27529
I       2742     27530
I      17333     27531
I      14898     27532
I      16247     27533
I      22693     27534
I      32534     27535
I      25159     27536
I      14553     27537
I       9566     27538
I      21207     27539
I      29979     27540
I      16620     27541
I      20894     27542
I       6124     27543
I      29201     27544
I      24583     27545
I      29454     27546
I       7668     27547
I      15825     27548
I      23906     27549
I        104     27550
I        869     27551
I      31483     27552
I      12457     27553
I      14337     27554
I       4504     27555
I        940     27556
I      11658     27557
I      10773     27558
I      26109     27559
I       4606     27560
I      12169     27561
I      11025     27562
I       6475     27563
I      32450     27564
I      13301     27565
I      19477     27566
I      29341     27567
I       5520     27568
I      11624     27569
I       3059     27570
I       6713     27571
I      31030     27572
I      11386     27573
I        757     27574
I      22018     27575
I      32287     27576
I      15281     27577
I      27364     27578
I      17001     27579
I      27606     27580
I      13599     27581
I      27559     27582
I      14806     27583
I       7765     27584
I       2443     27585
I      23408     27586
I      31507     27587
I      15735     27588
I      11728     27589
I       1811     27590
I      30970     27591
I      19254     27592
I      24095     27593
I      30403     27594
I      24367     27595
I      23154     27596
I      21243     27597
I       7873     27598
I      27769     27599
I      32413     27600
I       7543     27601
I      11308     27602
I      28178     27603
I      11886     27604
I       7409     27605
I      11661     27606
I       5492     27607
I      16748     27608
I       8752     27609
I      16710     27610
I      18675     27611
I      27060     27612
I      32480     27613
I      20657     27614
I      19880     27615
I       8837     27616
I       7855     27617
I      18011     27618
I      27274     27619
I      24352     27620
I      30305     27621
I       7187     27622
I      23325     27623
I      19799     27624
I      17311     27625
I      15697     27626
I       4305     27627
I       2932     27628
I       8615     27629
I      26400     27630
I       5754     27631
I      23477     27632
I      19097     27633
I      22116     27634
I      10058     27635
I      15287     27636
I       8732     27637
I       2494     27638
I       7325     27639
I      25069     27640
I       1641     27641
I       1339     27642
I       4586     27643
I       2357     27644
I      29540     27645
I      15311     27646
I       3840     27647
I      17573     27648
I       9849     27649
I      20368     27650
I      16338     27651
I       2719     27652
I      12944     27653
I       1016     27654
I      29089     27655
I      27834     27656
I       2287     27657
I       4819     27658
I      32069     27659
I      13502     27660
I      10916     27661
I      28153     27662
I      17329     27663
I       6948     27664
I      10093     27665
I      15342     27666
I      23413     27667
I       5780     27668
I      13928     27669
I      11655     27670
I       5683     27671
I       5425     27672
I      19940     27673
I      11832     27674
I      28665     27675
I       5352     27676
I      21238     27677
I      28768     27678
I      19060     27679
I      20782     27680
I       8218     27681
I        739     27682
I       9428     27683
I      13848     27684
I       4829     27685
I      25729     27686
I       7796     27687
I       7040     27688
I      20451     27689
I      29325     27690
I      30486     27691
I      10889     27692
I       1203     27693
I      11367     27694
I      31461     27695
I       2056     27696
I      29953     27697
I      28000     27698
I       9859     27699
I      18921     27700
I      30327     27701
I      21280     27702
I        672     27703
I      23284     27704
I      24176     27705
I      24252     27706
I      16307     27707
I      30107     27708
I      13847     27709
I      11282     27710
I      29990     27711
I       5136     27712
I      28029     27713
I       5758     27714
I       2377     27715
I       5172     27716
I      13154     27717
I       1504     27718
I       2861     27719
I      12895     27720
I      22153     27721
I      31192     27722
I      23838     27723
I      19055     27724
I      18887     27725
I      21674     27726
I      25534     27727
I      25011     27728
I      13145     27729
I      32476     27730
I      31407     27731
I      12520     27732
I      12713     27733
I       6168     27734
I       9363     27735
I      10160     27736
I       7984     27737
I      10278     27738
I      11679     27739
I      19096     27740
I      16626     27741
I      13654     27742
I      23310     27743
I      18712     27744
I      10853     27745
I      30443     27746
I      24657     27747
I        179     27748
I      10361     27749
I      26794     27750
I      13333     27751
I      10610     27752
I      11008     27753
I      20822     27754
I      22410     27755
I       1580     27756
I       4381     27757
I      18247     27758
I       1671     27759
I        640     27760
I       2738     27761
I      22030     27762
I       1721     27763
I      21456     27764
I      10646     27765
I      25139     27766
I       3318     27767
I      10147     27768
I      29656     27769
I      16958     27770
I      26327     27771
I       9299     27772
I      13583     27773
I       7817     27774
I      28763     27775
I      23636     27776
I      26867     27777
I      26126     27778
I      17051     27779
I      31825     27780
I      15281     27781
I      29245     27782
I      23646     27783
I       6149     27784
I      21482     27785
I      18894     27786
I        378     27787
I      26412     27788
I       7393     27789
I       7585     27790
I       3717     27791
I      27970     27792
I       6999     27793
I      13656     27794
I      20153     27795
I      29769     27796
I      15410     27797
I      18493     27798
I      18687     27799
I       1394     27800
I      28271     27801
I       2217     27802
I      21607     27803
I      14303     27804
I       2793     27805
I      20798     27806
I      29022     27807
I      19716     27808
I      29623     27809
I      17328     27810
I       7546     27811
I      23816     27812
I      26061     27813
I        145     27814
I      29325     27815
I      24192     27816
I       5702     27817
I       5022     27818
I      26174     27819
I      19088     27820
I       9822     27821
I      11168     27822
I      30270     27823
I      30453     27824
I       1267     27825
I      16046     27826
I       2087     27827
I       8183     27828
I      25082     27829
I      26669     27830
I      13563     27831
I      11727     27832
I       1453     27833
I      21364     27834
I      21734     27835
I      15133     27836
I       6358     27837
I      28997     27838
I      29191     27839
I      28010     27840
I      15382     27841
I       6666     27842
I       8299     27843
I      10783     27844
I      17870     27845
I      30321     27846
I       6580     27847
I      16168     27848
I        328     27849
I      23280     27850
I      22003     27851
I      28283     27852
I       3718     27853
I       1562     27854
I      29714     27855
I      23794     27856
I       7232     27857
I      32548     27858
I      13095     27859
I      16677     27860
I      22504     27861
I      25407     27862
I      17232     27863
I       3802     27864
I      15184     27865
I      26834     27866
I       7550     27867
I      29112     27868
I       6559     27869
I      32310     27870
I       8001     27871
I       1998     27872
I      31307     27873
I       6533     27874
I       3582     27875
I       9719     27876
I      26997     27877
I      12859     27878
I       9102     27879
I      32355     27880
I      16068     27881
I      11431     27882
I       9645     27883
I      23432     27884
I      16072     27885
I      24229     27886
I      29780     27887
I       7993     27888
I      12476     27889
I      16987     27890
I      10590     27891
I      10391     27892
I      23531     27893
I      24126     27894
I      16450     27895
I      21535     27896
I      31248     27897
I      27563     27898
I      23916     27899
I       9015     27900
I       4531     27901
I       1366     27902
I      29093     27903
I       7027     27904
I      16171     27905
I      26856     27906
I      25184     27907
I      28296     27908
I      21833     27909
I       7035     27910
I       5186     27911
I      16404     27912
I      25289     27913
I       7317     27914
I        107     27915
I      19697     27916
I       5709     27917
I       2739     27918
I      30968     27919
I       6516     27920
I      13509     27921
I      28926     27922
I      14412     27923
I      12530     27924
I       3996     27925
I      13561     27926
I      26339     27927
I       5947     27928
I      25922     27929
I      25162     27930
I      13996     27931
I      10248     27932
I      23733     27933
I      21080     27934
I       8063     27935
I       1770     27936
I       2966     27937
I      23966     27938
I       8871     27939
I      31843     27940
I       3525     27941
I      21260     27942
I      12515     27943
I      29708     27944
I      16146     27945
I      12913     27946
I      27351     27947
I       3979     27948
I       6890     27949
I       6270     27950
I       1184     27951
I      19956     27952
I       2670     27953
I      13155     27954
I        784     27955
I       7931     27956
I      26704     27957
I      14371     27958
I       5382     27959
I      18726     27960
I      23372     27961
I       3970     27962
I      31426     27963
I      23313     27964
I      23718     27965
I      12955     27966
I       4398     27967
I       8913     27968
I       5713     27969
I      30817     27970
I      24758     27971
I      27405     27972
I      28624     27973
I      21645     27974
I       9589     27975
I      25448     27976
I       9676     27977
I       1200     27978
I      29420     27979
I      32142     27980
I       6414     27981
I      24134     27982
I      26159     27983
I       9347     27984
I      23686     27985
I      29943     27986
I       6092     27987
I      26964     27988
I      17990     27989
I       3116     27990
I      22246     27991
I       7151     27992
I      32512     27993
I      22862     27994
I       8645     27995
I      21154     27996
I       6467     27997
I       3738     27998
I      12644     27999
I       7624     28000
I       2438     28001
I      10859     28002
I      23955     28003
I      14985     28004
I      15807     28005
I       1649     28006
I      15434     28007
I       9225     28008
I      31640     28009
I      30216     28010
I      13930     28011
I      16073     28012
I      28087     28013
I      30896     28014
I       4178     28015
I       2966     28016
I        128     28017
I       6329     28018
I      26133     28019
I      24853     28020
I        773     28021
I       9650     28022
I       2138     28023
I       8064     28024
I      10144     28025
I      25968     28026
I       5838     28027
I       6258     28028
I      13451     28029
I       7014     28030
I      26496     28031
I      17597     28032
I       4428     28033
I       1603     28034
I       8740     28035
I      21748     28036
I      11207     28037
I      21274     28038
I      27722     28039
I       7467     28040
I      24395     28041
I       2562     28042
I      31795     28043
I      27032     28044
I       2485     28045
I      32404     28046
I      20357     28047
I      24851     28048
I      23764     28049
I      24958     28050
I      32106     28051
I      22542     28052
I      18600     28053
I      15497     28054
I      25426     28055
I      11429     28056
I      11770     28057
I       4345     28058
I      31876     28059
I      13509     28060
I      30912     28061
I       4989     28062
I      22351     28063
I      25446     28064
I      20269     28065
I       7694     28066
I      22762     28067
I       4410     28068
I      14789     28069
I       5908     28070
I      11901     28071
I       3873     28072
I      22306     28073
I      11361     28074
I       9941     28075
I      14442     28076
I      11561     28077
I      19086     28078
I      22186     28079
I      32487     28080
I      10626     28081
I      11986     28082
I      10767     28083
I       7414     28084
I       7459     28085
I      30260     28086
I      24153     28087
I      28682     28088
I       9537     28089
I      18039     28090
I      14692     28091
I      10965     28092
I      24241     28093
I       3893     28094
I      17464     28095
I       1446     28096
I      24496     28097
I       5409     28098
I       4447     28099
I       1797     28100
I       2150     28101
I      17856     28102
I       7820     28103
I      11757     28104
I         52     28105
I      24717     28106
I       8634     28107
I      31655     28108
I       4643     28109
I      28569     28110
I      27796     28111
I      27618     28112
I      21863     28113
I      28240     28114
I       1567     28115
I      11137     28116
I       3776     28117
I       3717     28118
I       9178     28119
I      23576     28120
I      22728     28121
I       5911     28122
I       4819     28123
I      25310     28124
I       7816     28125
I       5961     28126
I      11454     28127
I      11449     28128
I       6738     28129
I       4688     28130
I      10189     28131
I      19796     28132
I       5725     28133
I      26266     28134
I       8820     28135
I      12289     28136
I       6559     28137
I       1115     28138
I        817     28139
I      17654     28140
I       9259     28141
I      21471     28142
I      21216     28143
I      17535     28144
I      21189     28145
I      21192     28146
I      14873     28147
I      21117     28148
I      14079     28149
I       6772     28150
I      11756     28151
I        846     28152
I      23800     28153
I      12299     28154
I      19388     28155
I      17648     28156
I       1991     28157
I      12668     28158
I      11428     28159
I         69     28160
I      21577     28161
I      27785     28162
I       5476     28163
I       8646     28164
I       6941     28165
I      19377     28166
I      14036     28167
I      17405     28168
I       4963     28169
I      28427     28170
I      26498     28171
I      31103     28172
I      20847     28173
I       6434     28174
I      27876     28175
I      21166     28176
I      24104     28177
I      27289     28178
I      17540     28179
I      20393     28180
I      22345     28181
I      29473     28182
I       5093     28183
I      28214     28184
I      28884     28185
I       7328     28186
I      23903     28187
I      19129     28188
I      31614     28189
I      20230     28190
I      15388     28191
I       2281     28192
I       3855     28193
I       3911     28194
I      24055     28195
I      31036     28196
I      13669     28197
I      14974     28198
I      31441     28199
I      26536     28200
I      21176     28201
I      26948     28202
I      31022     28203
I      12716     28204
I      26659     28205
I      15619     28206
I      10146     28207
I      19469     28208
I      16862     28209
I      21138     28210
I       1926     28211
I      16961     28212
I      11356     28213
I       3585     28214
I      12518     28215
I      32633     28216
I      25319     28217
I      26722     28218
I      22790     28219
I       5382     28220
I      32058     28221
I       8970     28222
I      18070     28223
I       6644     28224
I       1175     28225
I      19869     28226
I      22214     28227
I      26006     28228
I       4806     28229
I      14283     28230
I      16620     28231
I       3477     28232
I      16748     28233
I       2853     28234
I      26767     28235
I       5768     28236
I      18880     28237
I      24890     28238
I      26690     28239
I      23967     28240
I       9952     28241
I       1431     28242
I      11332     28243
I      15375     28244
I      22644     28245
I       6715     28246
I       5074     28247
I      27458     28248
I      11492     28249
I       8078     28250
I      17943     28251
I       5800     28252
I      22755     28253
I      21479     28254
I       6844     28255
I       9071     28256
I       9003     28257
I      24776     28258
I       3228     28259
I       6946     28260
I       3420     28261
I       6324     28262
I      19423     28263
I      30973     28264
I      31735     28265
I      29597     28266
I       9484     28267
I      22484     28268
I      26972     28269
I      12945     28270
I      30844     28271
I      31175     28272
I      24950     28273
I       4825     28274
I      27508     28275
I      30963     28276
I      10832     28277
I      23233     28278
I      25378     28279
I      31192     28280
I      15084     28281
I      29378     28282
I       9705     28283
I       4948     28284
I       6509     28285
I      12423     28286
I       8518     28287
I      30366     28288
I       7230     28289
I      27361     28290
I      30506     28291
I      20122     28292
I       3825     28293
I       7810     28294
I      15335     28295
I      10876     28296
I      27991     28297
I      23656     28298
I       8143     28299
I       7068     28300
I      16442     28301
I      12641     28302
I      22101     28303
I      12406     28304
I      13874     28305
I      31801     28306
I       5337     28307
I      22821     28308
I      10006     28309
I      12813     28310
I      18403     28311
I        733     28312
I      10123     28313
I      21225     28314
I      30613     28315
I       3281     28316
I      23196     28317
I       7015     28318
I      25249     28319
I      27463     28320
I      11275     28321
I      22008     28322
I      29930     28323
I      26534     28324
I       4839     28325
I      31475     28326
I      13957     28327
I      13973     28328
I      24287     28329
I      17737     28330
I      14370     28331
I      22728     28332
I       3402     28333
I      22753     28334
I       4436     28335
I       4915     28336
I      15289     28337
I      29594     28338
I       3438     28339
I      26426     28340
I      21648     28341
I      29334     28342
I      30273     28343
I      31101     28344
I      25271     28345
I          4     28346
I      25050     28347
I      28791     28348
I       9576     28349
I       9252     28350
I      31842     28351
I       7890     28352
I      24497     28353
I       4241     28354
I      13835     28355
I      30854     28356
I      30189     28357
I      23069     28358
I      31956     28359
I       9543     28360
I      25122     28361
I      15996     28362
I      19218     28363
I      21957     28364
I      17433     28365
I       4665     28366
I      10324     28367
I      12270     28368
I       2249     28369
I      11617     28370
I      31953     28371
I      26914     28372
I       9616     28373
I      31871     28374
I      31584     28375
I       8076     28376
I      21330     28377
I      22346     28378
I      22021     28379
I       5563     28380
I      13642     28381
I      15359     28382
I       1308     28383
I      13592     28384
I      20321     28385
I       4345     28386
I      31048     28387
I      21733     28388
I        398     28389
I      19173     28390
I      13382     28391
I       2472     28392
I      13163     28393
I      31757     28394
I      21262     28395
I      19770     28396
I      11402     28397
I      11016     28398
I      24357     28399
I      18007     28400
I      19253     28401
I      10226     28402
I       7858     28403
I       7979     28404
I      11526     28405
I       1165     28406
I      32494     28407
I      31988     28408
I      23807     28409
I      18790     28410
I      12852     28411
I      24487     28412
I       8808     28413
I      13496     28414
I       5895     28415
I       7459     28416
I      10271     28417
I      20392     28418
I      31279     28419
I      23876     28420
I      18228     28421
I      12644     28422
I      22945     28423
I      27322     28424
I      31906     28425
I      17816     28426
I      28112     28427
I      27884     28428
I      29981     28429
I       6967     28430
I      15271     28431
I        905     28432
I       8118     28433
I      19546     28434
I       7831     28435
I       2552     28436
I       9528     28437
I      11290     28438
I      23896     28439
I      14205     28440
I      16995     28441
I       6429     28442
I      18038     28443
I      30520     28444
I      25932     28445
I      31660     28446
I      19445     28447
I      18098     28448
I      10679     28449
I      23341     28450
I      32088     28451
I      29686     28452
I      17972     28453
I       5719     28454
I       3173     28455
I       6928     28456
I      31014     28457
I      11384     28458
I        831     28459
I      23450     28460
I       4135     28461
I      30182     28462
I      27143     28463
I      19256     28464
I      10461     28465
I      16878     28466
I      17518     28467
I       3194     28468
I      12021     28469
I      15761     28470
I       5307     28471
I      22079     28472
I       8712     28473
I      26948     28474
I      25995     28475
I      22397     28476
I      18140     28477
I      25593     28478
I       8204     28479
I       6665     28480
I       6450     28481
I      17214     28482
I      21338     28483
I       6881     28484
I      26489     28485
I      10657     28486
I      31347     28487
I      14820     28488
I      23170     28489
I      22919     28490
I       3162     28491
I       6587     28492
I      28425     28493
I       9871     28494
I       3665     28495
I      17660     28496
I      29298     28497
I      24140     28498
I      14278     28499
I      27862     28500
I        525     28501
I      30683     28502
I      10076     28503
I      12079     28504
I      22676     28505
I        764     28506
I       5614     28507
I      12934     28508
I      22319     28509
I      22899     28510
I      28652     28511
I        266     28512
I      16852     28513
I        495     28514
I      14750     28515
I       9932     28516
I       3428     28517
I      27982     28518
I      27865     28519
I       2909     28520
I      14939     28521
I      19246     28522
I      26576     28523
I       4180     28524
I       9664     28525
I      18039     28526
I       7306     28527
I      14679     28528
I       5298     28529
I      11959     28530
I      25975     28531
I      28120     28532
I      29246     28533
I       6662     28534
I       7102     28535
I       8646     28536
I      12489     28537
I      32209     28538
I      25367     28539
I      28691     28540
I       3002     28541
I      12326     28542
I       9306     28543
I      16891     28544
I      29087     28545
I       3224     28546
I      20341     28547
I      25911     28548
I      18333     28549
I       5478     28550
I      24794     28551
I      16913     28552
I       3948     28553
I      28579     28554
I      26748     28555
I      13362     28556
I      11676     28557
I      12799     28558
I      14131     28559
I      26679     28560
I       1758     28561
I      28191     28562
I       2394     28563
I      19656     28564
I      32554     28565
I      27445     28566
I        248     28567
I      16633     28568
I      16281     28569
I       9714     28570
I       5395     28571
I      21593     28572
I      12940     28573
I        354     28574
I       8132     28575
I       8735     28576
I      26381     28577
I      20759     28578
I      15206     28579
I        306     28580
I       6439     28581
I      32765     28582
I       1164     28583
I      24500     28584
I      18680     28585
I      30155     28586
I      18653     28587
I      25421     28588
I      16652     28589
I      17831     28590
I      11113     28591
I      25531     28592
I       5726     28593
I      31958     28594
I       3388     28595
I      30993     28596
I      31799     28597
I       1793     28598
I      13662     28599
I      32062     28600
I       9970     28601
I      24819     28602
I      26744     28603
I      26506     28604
I      23452     28605
I       8966     28606
I       7909     28607
I      12702     28608
I      11056     28609
I      11454     28610
I      20509     28611
I      20673     28612
I       2824     28613
I      11353     28614
I       4462     28615
I      21783     28616
I      30084     28617
I      13347     28618
I       3675     28619
I      11784     28620
I      11071     28621
I      11362     28622
I       3753     28623
I      16761     28624
I      19286     28625
I      23537     28626
I      28184     28627
I       5439     28628
I      28726     28629
I      14555     28630
I      15284     28631
I      17022     28632
I       6082     28633
I      10400     28634
I      30362     28635
I       2812     28636
I      16143     28637
I      15776     28638
I        308     28639
I      14082     28640
I      20648     28641
I       9125     28642
I      20763     28643
I       2224     28644
I      20655     28645
I      11541     28646
I      23263     28647
I       9039     28648
I      24327     28649
I       7316     28650
I      23746     28651
I      17741     28652
I       7621     28653
I      26046     28654
I      11639     28655
I      14355     28656
I      10858     28657
I      10987     28658
I      10880     28659
I      30162     28660
I      19167     28661
I      30040     28662
I       6857     28663
I      12134     28664
I      31677     28665
I       1449     28666
I      16658     28667
I      22930     28668
I       8792     28669
I       9086     28670
I        185     28671
I      28348     28672
I      30801     28673
I      10872     28674
I      16636     28675
I      24590     28676
I       1337     28677
I       4921     28678
I       1623     28679
I      12771     28680
I      22958     28681
I      32738     28682
I      30051     28683
I       7471     28684
I      21054     28685
I      30989     28686
I       7816     28687
I       5625     28688
I      18796     28689
I      16604     28690
I      18108     28691
I       7089     28692
I      19243     28693
I      28104     28694
I      15196     28695
I      32095     28696
I      28829     28697
I        667     28698
I      28410     28699
I       4775     28700
I      18573     28701
I      31902     28702
I      21268     28703
I       7394     28704
I       4679     28705
I      28402     28706
I      15918     28707
I      15044     28708
I       2626     28709
I      31725     28710
I      28959     28711
I      23133     28712
I       2136     28713
I      25994     28714
I       6405     28715
I      23965     28716
I      25806     28717
I      22584     28718
I      17865     28719
I      23427     28720
I      22906     28721
I      26117     28722
I      14819     28723
I      20639     28724
I      30267     28725
I       8456     28726
I      17092     28727
I       8359     28728
I       3217     28729
I       2591     28730
I       8607     28731
I      19703     28732
I      16839     28733
I       4016     28734
I      12369     28735
I      21558     28736
I      14520     28737
I      27938     28738
I      32077     28739
I      23452     28740
I       9712     28741
I      17152     28742
I       2267     28743
I      25286     28744
I       6600     28745
I      28879     28746
I      16858     28747
I      16493     28748
I      22422     28749
I       1206     28750
I      24053     28751
I       3389     28752
I       3538     28753
I       5270     28754
I      11890     28755
I       1271     28756
I      22666     28757
I      16698     28758
I      19069     28759
I      24521     28760
I      24909     28761
I      17392     28762
I      22192     28763
I      11022     28764
I      28558     28765
I      18715     28766
I      25156     28767
I      20850     28768
I      29424     28769
I      21638     28770
I       9677     28771
I      16038     28772
I      18994     28773
I      11734     28774
I      30243     28775
I      14633     28776
I      24032     28777
I        610     28778
I      20070     28779
I       9410     28780
I      25760     28781
I      16309     28782
I      25324     28783
I      20741     28784
I       1955     28785
I       9779     28786
I      18532     28787
I      21353     28788
I      30763     28789
I      25325     28790
I      12083     28791
I      30138     28792
I      23922     28793
I      17617     28794
I       2412     28795
I      30349     28796
I       7104     28797
I       5775     28798
I       9448     28799
I      26276     28800
I      25833     28801
I      29366     28802
I       4939     28803
I       9363     28804
I      26118     28805
I      10217     28806
I      19354     28807
I      13127     28808
I      17374     28809
I       7352     28810
I      22863     28811
I      29161     28812
I       5042     28813
I       4358     28814
I      29682     28815
I      20949     28816
I      32339     28817
I      16063     28818
I       4834     28819
I       7703     28820
I      27583     28821
I       9130     28822
I       7481     28823
I      27922     28824
I      16097     28825
I       3503     28826
I       8271     28827
I       6724     28828
I      27822     28829
I      10212     28830
I      25107     28831
I      29053     28832
I      16711     28833
I      19343     28834
I      16836     28835
I      24893     28836
I      10895     28837
I      16023     28838
I      31537     28839
I      29556     28840
I      18229     28841
I      27041     28842
I       9948     28843
I      29566     28844
I      31019     28845
I      25989     28846
I       1420     28847
I       2805     28848
I      20296     28849
I       7612     28850
I       4522     28851
I      30490     28852
I      31287     28853
I      10446     28854
I      22983     28855
I      32663     28856
I       7570     28857
I      12285     28858
I      13403     28859
I      18825     28860
I      26475     28861
I      25488     28862
I      13745     28863
I      27270     28864
I      17015     28865
I      12822     28866
I      17797     28867
I      27237     28868
I      19110     28869
I       9704     28870
I      17941     28871
I      16724     28872
I      21598     28873
I      28584     28874
I      16795     28875
I       8058     28876
I        473     28877
I      20043     28878
I      31566     28879
I      32158     28880
I       6950     28881
I         25     28882
I      30254     28883
I      29569     28884
I      17938     28885
I      14974     28886
I      23289     28887
I       1232     28888
I      11188     28889
I      29494     28890
I      10677     28891
I      30616     28892
I       6364     28893
I       4549     28894
I      24333     28895
I      22180     28896
I      21478     28897
I       9333     28898
I      25420     28899
I       2352     28900
I      10893     28901
I      11409     28902
I      15727     28903
I      27139     28904
I      12776     28905
I      16761     28906
I      17182     28907
I      20522     28908
I      18909     28909
I        721     28910
I       9091     28911
I      25727     28912
I       9872     28913
I      15391     28914
I      27953     28915
I      29955     28916
I      11162     28917
I       9183     28918
I      13132     28919
I      22988     28920
I       5657     28921
I      24149     28922
I      14677     28923
I       9520     28924
I      19047     28925
I      17068     28926
I      20032     28927
I       5884     28928
I      22994     28929
I      11458     28930
I      19130     28931
I      31912     28932
I      24144     28933
I       4091     28934
I      16191     28935
I      11615     28936
I      30074     28937
I      13374     28938
I      19299     28939
I      20822     28940
I      20494     28941
I      23583     28942
I      13842     28943
I      12190     28944
I      27062     28945
I      15034     28946
I      10398     28947
I      28714     28948
I      20560     28949
I      27973     28950
I       3364     28951
I       6320     28952
I      21919     28953
I      29572     28954
I      24394     28955
I       2260     28956
I      29164     28957
I      19704     28958
I      14903     28959
I       7584     28960
I      15108     28961
I       5116     28962
I       6474     28963
I        232     28964
I      25920     28965
I      15470     28966
I      28136     28967
I      23204     28968
I      31169     28969
I      20266     28970
I      13991     28971
I       7460     28972
I      31170     28973
I       8800     28974
I      18977     28975
I       5278     28976
I       4281     28977
I       7686     28978
I      26549     28979
I       1817     28980
I      11932     28981
I      16663     28982
I      18468     28983
I      15953     28984
I      14311     28985
I        735     28986
I      21969     28987
I      25864     28988
I       8693     28989
I      21904     28990
I      19525     28991
I      17568     28992
I       5887     28993
I      29078     28994
I      25275     28995
I       7292     28996
I      30211     28997
I      20746     28998
I      21735     28999
I      31208     29000
I       8452     29001
I      29326     29002
I       2873     29003
I      31179     29004
I      11167     29005
I       4664     29006
I      10743     29007
I      23583     29008
I      11100     29009
I       9154     29010
I      28014     29011
I       8794     29012
I       6989     29013
I      27589     29014
I      19262     29015
I      21121     29016
I      14766     29017
I      19635     29018
I      21023     29019
I       2682     29020
I      27944     29021
I      10806     29022
I      12208     29023
I      20166     29024
I       1906     29025
I      15396     29026
I       7485     29027
I      32513     29028
I      13517     29029
I      17628     29030
I       7731     29031
I       6264     29032
I      15679     29033
I      23821     29034
I      11858     29035
I      18605     29036
I      30441     29037
I      13114     29038
I       6175     29039
I       3049     29040
I      32311     29041
I       3836     29042
I       4706     29043
I      10554     29044
I       3793     29045
I       1858     29046
I      27218     29047
I       9618     29048
I       4892     29049
I      22083     29050
I      31134     29051
I        599     29052
I       6714     29053
I       5738     29054
I      17769     29055
I      14871     29056
I        537     29057
I      14034     29058
I      17637     29059
I      24575     29060
I      14580     29061
I      18272     29062
I      22427     29063
I       8288     29064
I      26133     29065
I       5338     29066
I       4354     29067
I       8342     29068
I      23993     29069
I       5648     29070
I        205     29071
I       1696     29072
I      16281     29073
I       6977     29074
I      16829     29075
I      28487     29076
I       7189     29077
I       4751     29078
I       5423     29079
I      21653     29080
I      27638     29081
I       4346     29082
I      17683     29083
I      12030     29084
I      17242     29085
I       1106     29086
I      22865     29087
I      15433     29088
I      24738     29089
I      12624     29090
I       2417     29091
I      26081     29092
I      24276     29093
I      27936     29094
I      18500     29095
I        909     29096
I      19175     29097
I      26072     29098
I       3363     29099
I      12051     29100
I        786     29101
I      30249     29102
I      30073     29103
I       4322     29104
I      11609     29105
I       2166     29106
I       3133     29107
I      19807     29108
I       2717     29109
I      11578     29110
I       8965     29111
I      10508     29112
I      18865     29113
I      18983     29114
I      12121     29115
I      13674     29116
I       1901     29117
I      16326     29118
I       2645     29119
I      27732     29120
I      16111     29121
I       9440     29122
I      18918     29123
I      20980     29124
I       6056     29125
I      13379     29126
I      13241     29127
I      11578     29128
I      17908     29129
I      13270     29130
I      21146     29131
I      26255     29132
I       8916     29133
I      17475     29134
I       9107     29135
I      24387     29136
I      21764     29137
I      27016     29138
I      19819     29139
I      27378     29140
I       8346     29141
I      31005     29142
I      23062     29143
I      29846     29144
I       3618     29145
I      17381     29146
I      23888     29147
I      31277     29148
I      14265     29149
I       9752     29150
I       5871     29151
I      22022     29152
I      15468     29153
I       1086     29154
I      26240     29155
I      28184     29156
I      25650     29157
I      20200     29158
I      24996     29159
I      18726     29160
I      26333     29161
I      20239     29162
I       7035     29163
I      31340     29164
I      18153     29165
I      24675     29166
I      21387     29167
I      30310     29168
I       7050     29169
I      18544     29170
I      17185     29171
I      28922     29172
I      21834     29173
I      28274     29174
I       8880     29175
I       6053     29176
I      22471     29177
I      15037     29178
I      24863     29179
I      23465     29180
I      32535     29181
I       6498     29182
I      28779     29183
I      24807     29184
I       6103     29185
I        295     29186
I       6802     29187
I      30295     29188
I      21846     29189
I      12712     29190
I       3252     29191
I       3775     29192
I      19500     29193
I      22766     29194
I       9861     29195
I       8789     29196
I      13132     29197
I      11753     29198
I      15303     29199
I      32768     29200
I      26146     29201
I      29636     29202
I      16956     29203
I       6225     29204
I      28669     29205
I      16693     29206
I       1197     29207
I       9605     29208
I      17919     29209
I      22476     29210
I       5993     29211
I       3009     29212
I       8047     29213
I      14642     29214
I       3613     29215
I      10630     29216
I      25509     29217
I      18310     29218
I       7658     29219
I      20095     29220
I      12536     29221
I       2885     29222
I      22574     29223
I      12432     29224
I      23846     29225
I        101     29226
I      17087     29227
I      22565     29228
I      21067     29229
I      12793     29230
I      22056     29231
I      13258     29232
I      11822     29233
I       6478     29234
I        962     29235
I      20778     29236
I      32028     29237
I      26655     29238
I      27396     29239
I      24394     29240
I      13137     29241
I      26772     29242
I      14127     29243
I      13216     29244
I      21788     29245
I        332     29246
I      11761     29247
I      12461     29248
I      27156     29249
I       7512     29250
I      17121     29251
I      21000     29252
I      23379     29253
I        505     29254
I      24309     29255
I      32724     29256
I      12817     29257
I      21660     29258
I      30196     29259
I       7317     29260
I      32715     29261
I      15696     29262
I      32483     29263
I       1418     29264
I      25581     29265
I      17749     29266
I      14217     29267
I       6402     29268
I      16981     29269
I      32711     29270
I        843     29271
I      13385     29272
I       1554     29273
I       8241     29274
I      27030     29275
I      16932     29276
I       3518     29277
I       8416     29278
I      10566     29279
I        193     29280
I       5313     29281
I      15040     29282
I      31698     29283
I       5327     29284
I      14886     29285
I      10678     29286
I        848     29287
I       1843     29288
I      29274     29289
I       3254     29290
I      10400     29291
I      30348     29292
I       7693     29293
I      19443     29294
I       6212     29295
I      26772     29296
I       9004     29297
I       6419     29298
I      12409     29299
I      31653     29300
I      19947     29301
I       9871     29302
I       3110     29303
I      22340     29304
I      32730     29305
I      18636     29306
I      32081     29307
I       1562     29308
I      26972     29309
I      26373     29310
I       8255     29311
I       6731     29312
I       1397     29313
I      22409     29314
I       9198     29315
I      14481     29316
I      20544     29317
I      21191     29318
I       9846     29319
I      21769     29320
I      12444     29321
I      16538     29322
I      28655     29323
I        269     29324
I      12385     29325
I      24731     29326
I      25822     29327
I       1780     29328
I      24130     29329
I      20435     29330
I      10075     29331
I      17387     29332
I      19961     29333
I      11847     29334
I       9743     29335
I       7071     29336
I      10212     29337
I      19224     29338
I      28622     29339
I      17832     29340
I      32402     29341
I       4741     29342
I      10784     29343
I       3719     29344
I      26133     29345
I       1955     29346
I      11492     29347
I      25202     29348
I      17953     29349
I      11912     29350
I      10534     29351
I      24386     29352
I      14381     29353
I      29218     29354
I      20771     29355
I      21115     29356
I      19886     29357
I       4278     29358
I      14489     29359
I      17938     29360
I      17859     29361
I       5526     29362
I      22514     29363
I      23269     29364
I      27283     29365
I      16279     29366
I      11194     29367
I      15521     29368
I       9327     29369
I      12298     29370
I      16899     29371
I      27757     29372
I      24405     29373
I      21323     29374
I      16956     29375
I      27075     29376
I       9044     29377
I      28869     29378
I      22519     29379
I        924     29380
I      18188     29381
I       3187     29382
I      30813     29383
I      19119     29384
I       8668     29385
I      14783     29386
I       9010     29387
I       3252     29388
I      17243     29389
I      13042     29390
I      24343     29391
I       3317     29392
I      21985     29393
I       5526     29394
I      32185     29395
I      21783     29396
I       8720     29397
I        469     29398
I      10366     29399
I       2595     29400
I      25449     29401
I      30641     29402
I      20354     29403
I       4967     29404
I      23733     29405
I      25826     29406
I       2859     29407
I      28604     29408
I      11873     29409
I      13125     29410
I       6370     29411
I      23340     29412
I        415     29413
I       4057     29414
I      12986     29415
I       3140     29416
I      22039     29417
I       2714     29418
I      12248     29419
I       8446     29420
I       8863     29421
I      28449     29422
I       5001     29423
I      26091     29424
I       6251     29425
I      28389     29426
I      13049     29427
I      25967     29428
I      30778     29429
I      20632     29430
I      18089     29431
I      32000     29432
I      10027     29433
I      16032     29434
I      13877     29435
I       1435     29436
I      12654     29437
I       4955     29438
I      32289     29439
I      16811     29440
I      14281     29441
I      13009     29442
I      10429     29443
I      28230     29444
I       9073     29445
I      22266     29446
I      10586     29447
I      29653     29448
I       1931     29449
I       8396     29450
I       2783     29451
I      19138     29452
I      20554     29453
I      13287     29454
I      19984     29455
I      16613     29456
I      31744     29457
I      23213     29458
I      29037     29459
I      31252     29460
I      26005     29461
I       4811     29462
I      15703     29463
I       6276     29464
I      16021     29465
I      17377     29466
I       6388     29467
I      12094     29468
I      15277     29469
I       9099     29470
I      22257     29471
I       2023     29472
I      24537     29473
I        480     29474
I       3339     29475
I      26212     29476
I      13631     29477
I      25669     29478
I      27066     29479
I      10167     29480
I      21772     29481
I      31980     29482
I      18530     29483
I       4242     29484
I       7844     29485
I      23376     29486
I      16580     29487
I       6091     29488
I       5762     29489
I      31265     29490
I      20575     29491
I      30446     29492
I       5075     29493
I       7624     29494
I      23826     29495
I      17863     29496
I       6916     29497
I       3390     29498
I      25663     29499
I      12692     29500
I      10768     29501
I      27564     29502
I      28905     29503
I        141     29504
I      32340     29505
I      13681     29506
I      15194     29507
I      12006     29508
I       4481     29509
I        653     29510
I      11898     29511
I      18347     29512
I      17295     29513
I       7475     29514
I      26723     29515
I      12608     29516
I      13477     29517
I      13191     29518
I      20926     29519
I      20279     29520
I      27089     29521
I      13700     29522
I       2659     29523
I        846     29524
I      24766     29525
I      27564     29526
I       3038     29527
I      13873     29528
I        316     29529
I       8032     29530
I      21159     29531
I       4888     29532
I      14337     29533
I      19160     29534
I       6018     29535
I      23465     29536
I        422     29537
I      25127     29538
I      16890     29539
I      17931     29540
I      13605     29541
I       3438     29542
I      26709     29543
I      24836     29544
I      16634     29545
I        722     29546
I      31085     29547
I      29562     29548
I      31707     29549
I      21807     29550
I      16069     29551
I      10707     29552
I       4243     29553
I      20676     29554
I      20818     29555
I      19617     29556
I      29265     29557
I      21157     29558
I      25395     29559
I      30906     29560
I       8894     29561
I      27904     29562
I      21901     29563
I      10251     29564
I      12597     29565
I      24183     29566
I      23458     29567
I        543     29568
I      14636     29569
I      14301     29570
I      16719     29571
I      22931     29572
I       3797     29573
I        531     29574
I      16813     29575
I       4529     29576
I      18592     29577
I      21467     29578
I      15875     29579
I       5419     29580
I       4062     29581
I      27117     29582
I       3418     29583
I        523     29584
I       9164     29585
I      19471     29586
I      28433     29587
I      13705     29588
I      11347     29589
I       6064     29590
I       9002     29591
I      21365     29592
I       5372     29593
I      22716     29594
I       2912     29595
I       4493     29596
I      28842     29597
I      11392     29598
I      12690     29599
I      18656     29600
I      30162     29601
I      15770     29602
I      30826     29603
I      29948     29604
I      15666     29605
I      24275     29606
I       6901     29607
I      14859     29608
I      29524     29609
I      28042     29610
I      15793     29611
I      28605     29612
I       7936     29613
I      14385     29614
I      29010     29615
I       9308     29616
I      29850     29617
I      15585     29618
I       4466     29619
I      12909     29620
I      27607     29621
I      23095     29622
I       6122     29623
I      11279     29624
I       2003     29625
I       4501     29626
I      13429     29627
I      26769     29628
I      23554     29629
I      16090     29630
I       6268     29631
I       7242     29632
I       6456     29633
I      20599     29634
I      12637     29635
I       8357     29636
I      13690     29637
I       1900     29638
I       5818     29639
I      13477     29640
I      10720     29641
I      32647     29642
I      24114     29643
I       6775     29644
I      27233     29645
I       4134     29646
I       9711     29647
I      11214     29648
I      21366     29649
I       9843     29650
I       2219     29651
I      31330     29652
I      11247     29653
I      10731     29654
I      19285     29655
I      23476     29656
I      32254     29657
I       2461     29658
I      23979     29659
I      22619     29660
I      15875     29661
I       7465     29662
I       4103     29663
I      31790     29664
I      27578     29665
I      19162     29666
I      13648     29667
I      23954     29668
I       9511     29669
I       5357     29670
I       5428     29671
I      27065     29672
I      18883     29673
I      24593     29674
I       2188     29675
I      29179     29676
I      29590     29677
I      29369     29678
I       5293     29679
I      25011     29680
I      16995     29681
I        212     29682
I      14544     29683
I       3508     29684
I      23540     29685
I      18042     29686
I       7158     29687
I       2104     29688
I      19381     29689
I      20143     29690
I      16452     29691
I       4819     29692
I       9077     29693
I       8902     29694
I      13822     29695
I      28597     29696
I      23924     29697
I       1787     29698
I        402     29699
I        244     29700
I      31689     29701
I       5165     29702
I       9991     29703
I       2462     29704
I      18691     29705
I      25035     29706
I      20649     29707
I       7293     29708
I      26654     29709
I      20405     29710
I       1661     29711
I       4342     29712
I      31228     29713
I      20618     29714
I      21517     29715
I      21686     29716
I       2312     29717
I      21004     29718
I      23439     29719
I      26906     29720
I      31333     29721
I      31103     29722
I      26175     29723
I       2750     29724
I      23503     29725
I        237     29726
I      14600     29727
I      27898     29728
I      29232     29729
I       8336     29730
I       4264     29731
I      17875     29732
I      10752     29733
I      18603     29734
I      31138     29735
I      13839     29736
I      24838     29737
I       9050     29738
I      24643     29739
I       6324     29740
I       8180     29741
I      11505     29742
I      17378     29743
I      19076     29744
I      20041     29745
I       8121     29746
I       1964     29747
I      14990     29748
I       8886     29749
I      31287     29750
I       3373     29751
I       5757     29752
I      22613     29753
I      27912     29754
I       9603     29755
I      25943     29756
I      25704     29757
I       3831     29758
I      27410     29759
I      16524     29760
I      17904     29761
I      19393     29762
I      14556     29763
I      24704     29764
I      30552     29765
I       2250     29766
I       3817     29767
I      19993     29768
I      24640     29769
I       4335     29770
I      10398     29771
I       8386     29772
I       8660     29773
I      13537     29774
I      22043     29775
I      21682     29776
I      30443     29777
I       4329     29778
I      20216     29779
I      19706     29780
I       9081     29781
I      13624     29782
I       5770     29783
I       9806     29784
I      21852     29785
I      31920     29786
I      30622     29787
I      18173     29788
I      21562     29789
I      14688     29790
I      16486     29791
I      23611     29792
I      15961     29793
I      11830     29794
I      17895     29795
I      14704     29796
I      23386     29797
I      17797     29798
I      19511     29799
I      15084     29800
I      16745     29801
I       4457     29802
I      20420     29803
I      15963     29804
I      20422     29805
I       4799     29806
I      11052     29807
I      13583     29808
I      29190     29809
I      23424     29810
I      28213     29811
I      11353     29812
I      14069     29813
I      18716     29814
I      13358     29815
I      25421     29816
I      13596     29817
I      12652     29818
I       9067     29819
I      25216     29820
I       9866     29821
I      22227     29822
I      21218     29823
I      13328     29824
I      17573     29825
I      21492     29826
I      13028     29827
I      28188     29828
I      24146     29829
I       2928     29830
I      29479     29831
I      12975     29832
I      22385     29833
I      25274     29834
I      27603     29835
I       1735     29836
I      18617     29837
I       3071     29838
I      10155     29839
I      28363     29840
I      12870     29841
I       9062     29842
I        179     29843
I      27124     29844
I       7014     29845
I      28377     29846
I      32376     29847
I      23482     29848
I      13484     29849
I      13307     29850
I      11327     29851
I         37     29852
I       4917     29853
I       1765     29854
I       8334     29855
I      10494     29856
I      10207     29857
I      20671     29858
I      31766     29859
I       9559     29860
I       7999     29861
I      14007     29862
I      10312     29863
I       9751     29864
I       7856     29865
I      32179     29866
I       2606     29867
I      26364     29868
I      20279     29869
I      18480     29870
I      23681     29871
I      19962     29872
I      20637     29873
I      26961     29874
I       9705     29875
I      25917     29876
I       1055     29877
I      19394     29878
I      16484     29879
I      28860     29880
I      18233     29881
I      11913     29882
I       4025     29883
I        234     29884
I       8529     29885
I      16889     29886
I      27809     29887
I      17346     29888
I      21233     29889
I       6151     29890
I      15188     29891
I      12066     29892
I      21949     29893
I      13926     29894
I        670     29895
I      21685     29896
I      11930     29897
I      19164     29898
I       2971     29899
I      16316     29900
I      24681     29901
I       3173     29902
I       3084     29903
I       7220     29904
I      29232     29905
I      23576     29906
I       9940     29907
I       9777     29908
I      26054     29909
I      19968     29910
I       6342     29911
I      31069     29912
I      20912     29913
I      19050     29914
I      13622     29915
I       5098     29916
I       4540     29917
I      20727     29918
I       5439     29919
I      31414     29920
I      19028     29921
I       6692     29922
I        252     29923
I      19694     29924
I      30533     29925
I      23302     29926
I      15002     29927
I       7834     29928
I      31750     29929
I      26606     29930
I        288     29931
I      21581     29932
I       5673     29933
I      30836     29934
I      27540     29935
I      11185     29936
I       7160     29937
I       2572     29938
I       4654     29939
I      13246     29940
I      10132     29941
I        874     29942
I      10998     29943
I      30888     29944
I       5477     29945
I      32532     29946
I      24537     29947
I      14514     29948
I       6311     29949
I      23626     29950
I      20472     29951
I       4000     29952
I      32689     29953
I      23974     29954
I      17166     29955
I      25543     29956
I       2194     29957
I        423     29958
I       2858     29959
I      17799     29960
I      17535     29961
I      26107     29962
I      16865     29963
I       4090     29964
I      22047     29965
I       8924     29966
I      15625     29967
I       9235     29968
I      11448     29969
I       1419     29970
I       7344     29971
I      18648     29972
I       8072     29973
I      15922     29974
I      27191     29975
I      13168     29976
I       2532     29977
I       4128     29978
I      17921     29979
I      32472     29980
I       6648     29981
I      14629     29982
I      11610     29983
I      23075     29984
I      11162     29985
I      12148     29986
I      22530     29987
I      31160     29988
I       4848     29989
I      10972     29990
I      13148     29991
I       3159     29992
I      12008     29993
I      24347     29994
I      10025     29995
I      12422     29996
I       5019     29997
I      21330     29998
I       8719     29999
I      16956     30000
I      13894     30001
I       3380     30002
I      14785     30003
I      27095     30004
I      21735     30005
I       7921     30006
I      19851     30007
I       7817     30008
I       1313     30009
I      21436     30010
I      21680     30011
I      20365     30012
I        293     30013
I       8897     30014
I       7093     30015
I        736     30016
I      19965     30017
I      20048     30018
I      27934     30019
I      28119     30020
I      15640     30021
I       4451     30022
I       6015     30023
I      11563     30024
I      31875     30025
I      21936     30026
I      20017     30027
I       7462     30028
I      17876     30029
I        973     30030
I       5718     30031
I       6203     30032
I       3539     30033
I      12037     30034
I      19168     30035
I      16321     30036
I      12948     30037
I      32202     30038
I      10498     30039
I       5408     30040
I       4237     30041
I      20469     30042
I      26560     30043
I      12617     30044
I      31676     30045
I       5773     30046
I      20885     30047
I       5401     30048
I      21285     30049
I      21777     30050
I      17262     30051
I      19805     30052
I      26382     30053
I      24205     30054
I      13842     30055
I      12767     30056
I      31313     30057
I        441     30058
I      20379     30059
I      23743     30060
I        238     30061
I      21415     30062
I       9216     30063
I      13034     30064
I      29522     30065
I       4510     30066
I        450     30067
I       1755     30068
I      12810     30069
I      16269     30070
I      24767     30071
I        494     30072
I       2612     30073
I       7354     30074
I      10046     30075
I       7140     30076
I      12614     30077
I      10087     30078
I      10970     30079
I      22128     30080
I        938     30081
I      26399     30082
I      27386     30083
I      21650     30084
I      30061     30085
I      13863     30086
I       7804     30087
I      24560     30088
I       4462     30089
I       4624     30090
I       8023     30091
I      12646     30092
I      17144     30093
I      11331     30094
I       5024     30095
I       6931     30096
I       1482     30097
I      12809     30098
I      11569     30099
I       8188     30100
I      31812     30101
I      10262     30102
I      30752     30103
I      15761     30104
I      29271     30105
I      24963     30106
I       3442     30107
I        395     30108
I      16955     30109
I       8519     30110
I       2710     30111
I      11627     30112
I       4514     30113
I      30594     30114
I       2832     30115
I      13076     30116
I      22994     30117
I      17454     30118
I      18411     30119
I      15863     30120
I      11422     30121
I      23967     30122
I      32691     30123
I       7153     30124
I      18595     30125
I      29380     30126
I       4318     30127
I      18994     30128
I       1241     30129
I      32639     30130
I      24840     30131
I       8756     30132
I      29736     30133
I      31460     30134
I      13600     30135
I       5637     30136
I      14717     30137
I      18431     30138
I      24322     30139
I      25597     30140
I      16617     30141
I      18720     30142
I       1144     30143
I      10996     30144
I       9931     30145
I       6180     30146
I       8918     30147
I      32284     30148
I      32723     30149
I      26970     30150
I      25885     30151
I       6612     30152
I      28495     30153
I      23531     30154
I      12752     30155
I      14155     30156
I      27232     30157
I      28214     30158
I      23771     30159
I      21849     30160
I      19166     30161
I      17541     30162
I      26195     30163
I       3973     30164
I      32674     30165
I        217     30166
I        370     30167
I      11647     30168
I       2761     30169
I       6720     30170
I      23512     30171
I      17232     30172
I      12768     30173
I      22693     30174
I      30912     30175
I      22133     30176
I      18011     30177
I       9888     30178
I      11405     30179
I      19083     30180
I       6622     30181
I      10089     30182
I      23302     30183
I      21441     30184
I       6181     30185
I      30882     30186
I      11337     30187
I      13760     30188
I      25766     30189
I      27792     30190
I      19041     30191
I      31495     30192
I      11630     30193
I      15861     30194
I        452     30195
I       7168     30196
I       9615     30197
I      19538     30198
I       3716     30199
I       7990     30200
I      10633     30201
I      13411     30202
I      20604     30203
I       2705     30204
I      11262     30205
I       9752     30206
I      15134     30207
I       6471     30208
I      28269     30209
I       8939     30210
I        825     30211
I      27334     30212
I      24076     30213
I      15191     30214
I      11890     30215
I      17532     30216
I      27657     30217
I      23537     30218
I       6888     30219
I       5332     30220
I      31808     30221
I       8651     30222
I      13536     30223
I       6996     30224
I      18296     30225
I       2483     30226
I      10311     30227
I       9846     30228
I      16934     30229
I       9706     30230
I       1431     30231
I       7083     30232
I      28623     30233
I       2025     30234
I      22114     30235
I       2710     30236
I      18301     30237
I      18947     30238
I      27938     30239
I      31782     30240
I       7565     30241
I      22764     30242
I      29341     30243
I      23222     30244
I      10037     30245
I      12656     30246
I       9566     30247
I      19188     30248
I      18537     30249
I      13723     30250
I       4142     30251
I      23802     30252
I       3037     30253
I      23400     30254
I      11685     30255
I      29274     30256
I      26150     30257
I      15405     30258
I      26064     30259
I       5521     30260
I      23274     30261
I      11300     30262
I      13410     30263
I      24563     30264
I       9157     30265
I      21888     30266
I      27501     30267
I      24168     30268
I       4328     30269
I       5084     30270
I      26933     30271
I       2068     30272
I      28480     30273
I      12963     30274
I      32472     30275
I       8826     30276
I      14798     30277
I      22570     30278
I       4519     30279
I      15538     30280
I      23410     30281
I      22680     30282
I      25507     30283
I      21235     30284
I      24519     30285
I      11320     30286
I      22820     30287
I      17537     30288
I       2621     30289
I       3748     30290
I      22053     30291
I      32246     30292
I      21109     30293
I      31253     30294
I       5366     30295
I      19831     30296
I      12654     30297
I       5932     30298
I      28040     30299
I      24291     30300
I      11149     30301
I      15851     30302
I      20187     30303
I       9273     30304
I       4599     30305
I      21196     30306
I      25373     30307
I      23424     30308
I      29459     30309
I      29583     30310
I      14138     30311
I      21530     30312
I      29962     30313
I       9649     30314
I      25846     30315
I       7599     30316
I      26675     30317
I      22640     30318
I        352     30319
I      29807     30320
I      21798     30321
I       7487     30322
I      31870     30323
I       6326     30324
I       8328     30325
I       1557     30326
I      23891     30327
I      24264     30328
I      13833     30329
I      27856     30330
I       2369     30331
I       4453     30332
I      15670     30333
I      12285     30334
I       9629     30335
I       9085     30336
I       2819     30337
I      31342     30338
I      22736     30339
I      12543     30340
I      31959     30341
I       4130     30342
I      28947     30343
I      27932     30344
I      12946     30345
I       8924     30346
I      12952     30347
I      11060     30348
I      21094     30349
I      15579     30350
I      14143     30351
I      11793     30352
I       2714     30353
I        129     30354
I      12350     30355
I      23976     30356
I       2728     30357
I      13910     30358
I      25795     30359
I      15892     30360
I      15448     30361
I      11027     30362
I      19896     30363
I      22751     30364
I      29725     30365
I      29180     30366
I      15374     30367
I      12809     30368
I      29164     30369
I      15334     30370
I       8123     30371
I      16955     30372
I        505     30373
I      22724     30374
I      11311     30375
I       3236     30376
I      11153     30377
I      10244     30378
I      15101     30379
I       4948     30380
I      27486     30381
I       6396     30382
I       5550     30383
I       3114     30384
I       9749     30385
I      24448     30386
I       2177     30387
I      31131     30388
I       7395     30389
I       5554     30390
I      27772     30391
I      30677     30392
I      10551     30393
I      11868     30394
I       7296     30395
I      11002     30396
I        650     30397
I      24434     30398
I      15256     30399
I      28864     30400
I      11407     30401
I      11740     30402
I      16237     30403
I      10929     30404
I      30751     30405
I      20348     30406
I      11921     30407
I       4892     30408
I      28669     30409
I      22135     30410
I      11536     30411
I       2070     30412
I      29727     30413
I       1616     30414
I      16958     30415
I      14561     30416
I      25174     30417
I      28632     30418
I       5171     30419
I      12623     30420
I      30127     30421
I      12613     30422
I      31587     30423
I       9556     30424
I      16218     30425
I       7571     30426
I       5610     30427
I      30416     30428
I      20857     30429
I      27022     30430
I      30516     30431
I      29136     30432
I      10290     30433
I       9547     30434
I      13521     30435
I      31593     30436
I      16363     30437
I      32608     30438
I      22799     30439
I      22511     30440
I      21411     30441
I      24867     30442
I        598     30443
I      14430     30444
I       8520     30445
I      18965     30446
I       2985     30447
I      16509     30448
I      21833     30449
I      11908     30450
I      11302     30451
I       6392     30452
I      12667     30453
I       2495     30454
I      32353     30455
I      20336     30456
I       2874     30457
I      20564     30458
I       6032     30459
I      14317     30460
I       4689     30461
I      22679     30462
I      23876     30463
I       8927     30464
I      14490     30465
I      24996     30466
I      28781     30467
I      25837     30468
I      19783     30469
I       9124     30470
I      11766     30471
I       3296     30472
I      20171     30473
I      28170     30474
I       8262     30475
I       2091     30476
I      29746     30477
I      11006     30478
I      31938     30479
I      31166     30480
I      20959     30481
I      24092     30482
I      23271     30483
I      31338     30484
I      15211     30485
I      26491     30486
I      12711     30487
I       7189     30488
I      23594     30489
I      12189     30490
I      24231     30491
I        136     30492
I      27107     30493
I      13569     30494
I      32594     30495
I      21286     30496
I       3772     30497
I      20238     30498
I       2931     30499
I       3310     30500
I      21113     30501
I      25102     30502
I      28609     30503
I      27804     30504
I      24597     30505
I       6173     30506
I      15762     30507
I      12066     30508
I      11041     30509
I       6784     30510
I       6806     30511
I      27437     30512
I       8494     30513
I      23921     30514
I      24018     30515
I      23470     30516
I       2254     30517
I       9626     30518
I       9742     30519
I       1685     30520
I      12091     30521
I      16775     30522
I      22780     30523
I      14871     30524
I      17876     30525
I      13462     30526
I      12444     30527
I       8810     30528
I      12051     30529
I      15145     30530
I      25262     30531
I      25145     30532
I       5620     30533
I       3119     30534
I      22153     30535
I       4869     30536
I      14410     30537
I      19411     30538
I      26926     30539
I      26504     30540
I      30326     30541
I      17614     30542
I      31484     30543
I      16819     30544
I        499     30545
I      18828     30546
I      24918     30547
I      25735     30548
I      30497     30549
I      31768     30550
I       6237     30551
I      17414     30552
I      17920     30553
I       5529     30554
I      20435     30555
I      23016     30556
I      11072     30557
I       7680     30558
I      15350     30559
I      28811     30560
I      10425     30561
I       3756     30562
I      29806     30563
I      10751     30564
I      15031     30565
I       9236     30566
I      17147     30567
I      20264     30568
I      20747     30569
I      29655     30570
I       9893     30571
I      13127     30572
I      15271     30573
I        430     30574
I      21321     30575
I      27492     30576
I      18376     30577
I      31554     30578
I       9677     30579
I      29220     30580
I       2206     30581
I       6896     30582
I       3161     30583
I       5197     30584
I      32239     30585
I       3405     30586
I      23726     30587
I      17942     30588
I       1067     30589
I      11193     30590
I      31022     30591
I      26754     30592
I      25529     30593
I      30038     30594
I       2006     30595
I      19687     30596
I      29213     30597
I       4589     30598
I       6024     30599
I      25278     30600
I      26655     30601
I      30958     30602
I      24752     30603
I      27064     30604
I      28375     30605
I       8835     30606
I      23884     30607
I      19447     30608
I      30142     30609
I      14053     30610
I      18312     30611
I      23540     30612
I      23073     30613
I      12876     30614
I       1858     30615
I      26206     30616
I      15702     30617
I      28779     30618
I      32365     30619
I      12292     30620
I       3057     30621
I      18919     30622
I       3077     30623
I      28336     30624
I      10944     30625
I       7655     30626
I      22356     30627
I      15966     30628
I      28313     30629
I       5021     30630
I      23336     30631
I      15023     30632
I       5096     30633
I      22572     30634
I      10168     30635
I      19490     30636
I      29969     30637
I      20562     30638
I        174     30639
I      18117     30640
I      29582     30641
I      15069     30642
I      22575     30643
I      23223     30644
I      24995     30645
I       7849     30646
I      13142     30647
I       5552     30648
I      20789     30649
I      32302     30650
I      18200     30651
I       3066     30652
I       8681     30653
I      16442     30654
I       1201     30655
I      14646     30656
I      32398     30657
I       7282     30658
I      30516     30659
I       4001     30660
I       1529     30661
I       6979     30662
I      24531     30663
I       4033     30664
I       7701     30665
I       4245     30666
I      13466     30667
I      15000     30668
I      25157     30669
I      11140     30670
I      21306     30671
I       2404     30672
I      28018     30673
I       9114     30674
I       4624     30675
I      16614     30676
I      18898     30677
I        541     30678
I      19326     30679
I      20813     30680
I      28546     30681
I       3346     30682
I      20538     30683
I      23358     30684
I       9244     30685
I      15070     30686
I      12923     30687
I      14493     30688
I      12570     30689
I      13658     30690
I      32110     30691
I       1207     30692
I      20418     30693
I        821     30694
I      20854     30695
I      14381     30696
I      21864     30697
I       1615     30698
I      10583     30699
I      12743     30700
I      29044     30701
I      22313     30702
I      26541     30703
I      25311     30704
I      21598     30705
I       7271     30706
I      31926     30707
I      13133     30708
I       6564     30709
I      27996     30710
I       1849     30711
I      15744     30712
I      21665     30713
I      29065     30714
I       7450     30715
I       6652     30716
I      26726     30717
I      19651     30718
I       4665     30719
I       9598     30720
I       5939     30721
I       1511     30722
I      11905     30723
I       5815     30724
I      15217     30725
I       6108     30726
I      22164     30727
I      16928     30728
I       9925     30729
I      14822     30730
I       5578     30731
I      18058     30732
I      25929     30733
I       2583     30734
I      30468     30735
I      19246     30736
I       1299     30737
I      31067     30738
I      16855     30739
I      19757     30740
I      16049     30741
I        220     30742
I      20016     30743
I      19558     30744
I        106     30745
I       5658     30746
I       2646     30747
I      21695     30748
I      22738     30749
I      20277     30750
I       1163     30751
I       3686     30752
I      29491     30753
I      14988     30754
I      10968     30755
I      24822     30756
I      16994     30757
I      11030     30758
I      26540     30759
I       9080     30760
I      14511     30761
I       3011     30762
I      21794     30763
I      15790     30764
I       2921     30765
I      22478     30766
I       9310     30767
I      25588     30768
I       6670     30769
I      28671     30770
I       9631     30771
I      10178     30772
I      22670     30773
I       4049     30774
I      30165     30775
I      14495     30776
I       4286     30777
I      11129     30778
I       8494     30779
I      26879     30780
I      13387     30781
I      13727     30782
I      19128     30783
I       5484     30784
I       2728     30785
I       6439     30786
I      15946     30787
I      21946     30788
I      10326     30789
I      22827     30790
I      27000     30791
I      20909     30792
I      14047     30793
I      14661     30794
I      12499     30795
I       8942     30796
I      26117     30797
I        918     30798
I       8507     30799
I      32298     30800
I       7843     30801
I      31427     30802
I      21072     30803
I      28386     30804
I        163     30805
I      10978     30806
I      20956     30807
I      21204     30808
I       9421     30809
I       1826     30810
I        382     30811
I       9439     30812
I      30367     30813
I      22276     30814
I      25949     30815
I       5268     30816
I      15131     30817
I      31127     30818
I       2658     30819
I      32278     30820
I      16949     30821
I      29223     30822
I      23230     30823
I      20602     30824
I       9037     30825
I      24431     30826
I      26943     30827
I      22254     30828
I       7074     30829
I      23231     30830
I      21855     30831
I      27267     30832
I       4256     30833
I      25051     30834
I      19543     30835
I       9950     30836
I       7372     30837
I      24296     30838
I      22286     30839
I      14745     30840
I      26721     30841
I      17455     30842
I      30886     30843
I      18958     30844
I      28627     30845
I      19848     30846
I      16200     30847
I      12490     30848
I      32374     30849
I       2692     30850
I       3291     30851
I      32057     30852
I      22688     30853
I       4913     30854
I       8544     30855
I      11274     30856
I      17810     30857
I      22997     30858
I      24916     30859
I      21653     30860
I       9156     30861
I      29466     30862
I       7927     30863
I      28189     30864
I       6115     30865
I      31229     30866
I      13389     30867
I      28324     30868
I      22579     30869
I      26837     30870
I      17298     30871
I       9372     30872
I       7643     30873
I      28038     30874
I      21601     30875
I      19065     30876
I       2001     30877
I      21531     30878
I      30812     30879
I      22836     30880
I      17924     30881
I      30787     30882
I       2696     30883
I       6446     30884
I      13255     30885
I       4372     30886
I       9868     30887
I      25471     30888
I      24522     30889
I      32190     30890
I      20464     30891
I       7778     30892
I      18164     30893
I      29936     30894
I      28641     30895
I      13339     30896
I       7328     30897
I       2132     30898
I      18440     30899
I       2646     30900
I       3270     30901
I      31760     30902
I      22402     30903
I      31021     30904
I      23951     30905
I      19910     30906
I      30742     30907
I      19032     30908
I       2280     30909
I      23535     30910
I      19844     30911
I      10028     30912
I       9007     30913
I      22777     30914
I       3501     30915
I      29718     30916
I      10853     30917
I      16649     30918
I      24655     30919
I      18334     30920
I      20810     30921
I      29748     30922
I       4113     30923
I      21307     30924
I      15348     30925
I       6835     30926
I       7743     30927
I      10547     30928
I      11285     30929
I      20958     30930
I       4404     30931
I       7797     30932
I      23377     30933
I      21359     30934
I      15054     30935
I       9946     30936
I      29977     30937
I        630     30938
I       9891     30939
I      17160     30940
I      22035     30941
I       5841     30942
I       9809     30943
I      20128     30944
I      28116     30945
I      25378     30946
I       1334     30947
I       6435     30948
I      28226     30949
I      13251     30950
I      21236     30951
I      15454     30952
I        848     30953
I      31611     30954
I      15730     30955
I       2495     30956
I      31385     30957
I       3053     30958
I       2299     30959
I      10043     30960
I      13160     30961
I      32730     30962
I      16252     30963
I      23127     30964
I        589     30965
I       7960     30966
I      29123     30967
I        482     30968
I      21910     30969
I      32641     30970
I       4866     30971
I       3030     30972
I      25582     30973
I      13379     30974
I       1784     30975
I      18930     30976
I      30079     30977
I      27758     30978
I       2540     30979
I       1459     30980
I      28219     30981
I      26432     30982
I       4511     30983
I      25003     30984
I      24796     30985
I       9376     30986
I      23174     30987
I       8337     30988
I      20361     30989
I      13739     30990
I      12248     30991
I        121     30992
I      13640     30993
I      15616     30994
I      11086     30995
I      14655     30996
I      10448     30997
I      12991     30998
I       1109     30999
I      27007     31000
I      32720     31001
I      32246     31002
I      11001     31003
I      12165     31004
I      10463     31005
I      32676     31006
I      32716     31007
I      10110     31008
I      15753     31009
I       4932     31010
I      24977     31011
I      14111     31012
I      17577     31013
I      28311     31014
I      23921     31015
I      12938     31016
I       6515     31017
I      26863     31018
I      25801     31019
I      16362     31020
I      30155     31021
I      21299     31022
I      29109     31023
I      27910     31024
I      17309     31025
I      15935     31026
I      30962     31027
I      25646     31028
I      26479     31029
I       4760     31030
I       9341     31031
I      31435     31032
I      15954     31033
I       9172     31034
I      21724     31035
I      22693     31036
I       8030     31037
I      18389     31038
I      27715     31039
I       6613     31040
I      22256     31041
I      14076     31042
I      19274     31043
I      11720     31044
I      12844     31045
I      12585     31046
I      14001     31047
I      28265     31048
I      17231     31049
I      28172     31050
I      10713     31051
I      17696     31052
I      22780     31053
I      16888     31054
I       7109     31055
I      11822     31056
I       7039     31057
I      25648     31058
I      20427     31059
I      24460     31060
I      12558     31061
I       3854     31062
I      28912     31063
I      20885     31064
I       3272     31065
I       2643     31066
I      17301     31067
I       7011     31068
I      32127     31069
I      16764     31070
I      18974     31071
I      15205     31072
I      31167     31073
I      25140     31074
I      22358     31075
I      26786     31076
I      22615     31077
I      20668     31078
I       3789     31079
I      21038     31080
I       3020     31081
I      21253     31082
I      27772     31083
I      29437     31084
I       4915     31085
I      29102     31086
I      21575     31087
I       1687     31088
I       8719     31089
I      28987     31090
I       3357     31091
I      31655     31092
I      18256     31093
I       8728     31094
I       3385     31095
I      14902     31096
I      14528     31097
I       4819     31098
I       8494     31099
I      16693     31100
I       5802     31101
I      23080     31102
I      32108     31103
I      14585     31104
I      30574     31105
I      22971     31106
I      26624     31107
I      30108     31108
I       3633     31109
I      28821     31110
I      29877     31111
I      14513     31112
I      17976     31113
I      25670     31114
I      28996     31115
I      25014     31116
I      28399     31117
I       4125     31118
I      14676     31119
I      14514     31120
I        232     31121
I      25350     31122
I       8744     31123
I      28127     31124
I       3024     31125
I      25878     31126
I      13688     31127
I      22391     31128
I         96     31129
I       6139     31130
I      14334     31131
I      28088     31132
I      25890     31133
I      28277     31134
I      27089     31135
I       4371     31136
I      14632     31137
I       1256     31138
I      27311     31139
I       2883     31140
I      11589     31141
I      11787     31142
I      20423     31143
I      14121     31144
I      32619     31145
I      30753     31146
I       1555     31147
I       4305     31148
I      29852     31149
I      30272     31150
I      11872     31151
I      25003     31152
I      14897     31153
I       5214     31154
I      13321     31155
I      17834     31156
I      27895     31157
I      24044     31158
I      10763     31159
I      17414     31160
I       5010     31161
I      13047     31162
I       2654     31163
I       5573     31164
I      15086     31165
I       1089     31166
I       6219     31167
I       4216     31168
I      13930     31169
I       7591     31170
I      24008     31171
I       9322     31172
I      20788     31173
I       3021     31174
I      25709     31175
I      17924     31176
I      12954     31177
I      30806     31178
I      15209     31179
I       7874     31180
I      23008     31181
I        681     31182
I      19567     31183
I      13440     31184
I         12     31185
I      17356     31186
I      26589     31187
I      14108     31188
I      10254     31189
I      19364     31190
I       5107     31191
I      26458     31192
I      12879     31193
I      16794     31194
I        692     31195
I      20978     31196
I      30931     31197
I      10409     31198
I      14385     31199
I       3527     31200
I      28870     31201
I      17838     31202
I       6981     31203
I      25583     31204
I      24558     31205
I      24941     31206
I      30304     31207
I         43     31208
I      13321     31209
I      16872     31210
I      27582     31211
I      10888     31212
I      11618     31213
I      20171     31214
I      10541     31215
I      12547     31216
I      20706     31217
I      28461     31218
I       5968     31219
I      10364     31220
I      14772     31221
I      10149     31222
I      19242     31223
I      14638     31224
I       5599     31225
I       1771     31226
I      14546     31227
I      18996     31228
I      16733     31229
I       5455     31230
I       3971     31231
I         79     31232
I      29710     31233
I      20154     31234
I      19114     31235
I      11981     31236
I      16293     31237
I      23158     31238
I       4692     31239
I      22004     31240
I      24560     31241
I      30746     31242
I       6554     31243
I       3355     31244
I      13898     31245
I       1588     31246
I      13136     31247
I       4077     31248
I      13491     31249
I       6492     31250
I      11045     31251
I       4489     31252
I       5652     31253
I      21034     31254
I      29832     31255
I       7432     31256
I      25903     31257
I      28132     31258
I       8517     31259
I      28047     31260
I      23400     31261
I       9093     31262
I        129     31263
I      31178     31264
I      23177     31265
I      29601     31266
I      30611     31267
I      22561     31268
I        414     31269
I       3666     31270
I      29964     31271
I      24130     31272
I       3689     31273
I      31666     31274
I        321     31275
I      10632     31276
I      22657     31277
I      21207     31278
I      26119     31279
I      13407     31280
I      14844     31281
I      15970     31282
I      18541     31283
I      20270     31284
I       5373     31285
I      16115     31286
I      31443     31287
I      22340     31288
I      23225     31289
I       6445     31290
I       8490     31291
I      13424     31292
I       1889     31293
I       6582     31294
I      20608     31295
I      14148     31296
I       4089     31297
I      10021     31298
I      24734     31299
I      20593     31300
I       3026     31301
I      11673     31302
I       6773     31303
I      31558     31304
I       8755     31305
I       6735     31306
I      27247     31307
I      19716     31308
I      22748     31309
I      19328     31310
I      27509     31311
I      17146     31312
I       3259     31313
I      19420     31314
I      31184     31315
I       9613     31316
I        571     31317
I       7064     31318
I        144     31319
I      24282     31320
I      30622     31321
I      15406     31322
I      18385     31323
I       6481     31324
I      14609     31325
I      12055     31326
I        216     31327
I      31213     31328
I       4430     31329
I      27677     31330
I       9123     31331
I      31099     31332
I      20208     31333
I      31781     31334
I       5630     31335
I        413     31336
I      27212     31337
I       4093     31338
I      10342     31339
I      27512     31340
I       4828     31341
I       2424     31342
I       3083     31343
I      16039     31344
I      23660     31345
I      27384     31346
I      26506     31347
I      10093     31348
I       1856     31349
I       9097     31350
I      32002     31351
I      19255     31352
I      28538     31353
I      22186     31354
I      13330     31355
I       8678     31356
I      15666     31357
I      10149     31358
I      18943     31359
I      25967     31360
I      23283     31361
I      26667     31362
I      13988     31363
I      22623     31364
I      26500     31365
I      14971     31366
I        461     31367
I       2582     31368
I      24417     31369
I      27110     31370
I      21550     31371
I       6182     31372
I      25125     31373
I      16205     31374
I      26322     31375
I      23507     31376
I       4092     31377
I      12148     31378
I       4845     31379
I      30307     31380
I      14733     31381
I       6608     31382
I      18409     31383
I      17827     31384
I      20494     31385
I      15939     31386
I      28222     31387
I      15889     31388
I      18718     31389
I      16048     31390
I       3600     31391
I      16745     31392
I      30423     31393
I      24778     31394
I      31602     31395
I      24924     31396
I      18338     31397
I       7004     31398
I       7269     31399
I      13618     31400
I       8849     31401
I      23481     31402
I       8815     31403
I      10291     31404
I      26503     31405
I      10827     31406
I      29293     31407
I      21704     31408
I      22326     31409
I      30748     31410
I       5961     31411
I      14905     31412
I       8208     31413
I       7424     31414
I      18207     31415
I      28923     31416
I      20685     31417
I      19789     31418
I       4097     31419
I      30236     31420
I       3431     31421
I       7054     31422
I      28911     31423
I      30216     31424
I      26154     31425
I       5196     31426
I       7614     31427
I      16491     31428
I      22507     31429
I      16991     31430
I      29037     31431
I      17034     31432
I      29436     31433
I      19834     31434
I      28060     31435
I       3439     31436
I      26563     31437
I      21172     31438
I        301     31439
I       5608     31440
I       9772     31441
I      14312     31442
I      32048     31443
I      31139     31444
I       7085     31445
I      26315     31446
I      14382     31447
I      30927     31448
I       1305     31449
I      16988     31450
I       5142     31451
I       4320     31452
I       5241     31453
I       7139     31454
I       3025     31455
I        876     31456
I      22892     31457
I      18373     31458
I       5757     31459
I       8565     31460
I      24335     31461
I      31156     31462
I      22155     31463
I      23863     31464
I      11103     31465
I      11847     31466
I      20843     31467
I      17358     31468
I       4099     31469
I      27690     31470
I      22565     31471
I      12037     31472
I      15615     31473
I      28128     31474
I       1403     31475
I      23047     31476
I      12015     31477
I      27192     31478
I       7050     31479
I       2260     31480
I      32438     31481
I      24106     31482
I       5045     31483
I      31834     31484
I      30089     31485
I      11936     31486
I      17609     31487
I       6430     31488
I       5040     31489
I      21698     31490
I       5322     31491
I      17920     31492
I      22069     31493
I      26852     31494
I      19383     31495
I       9287     31496
I       7675     31497
I       5977     31498
I        635     31499
I       3865     31500
I      21523     31501
I       4395     31502
I      24794     31503
I      12665     31504
I      31657     31505
I      18639     31506
I      14439     31507
I      12375     31508
I      11475     31509
I      18246     31510
I      18113     31511
I       3399     31512
I      24600     31513
I      11056     31514
I        643     31515
I      12925     31516
I      23957     31517
I      20352     31518
I       3665     31519
I       5345     31520
I      24621     31521
I      16577     31522
I      16781     31523
I      20738     31524
I       5822     31525
I      20574     31526
I      25711     31527
I      19216     31528
I      25848     31529
I       8810     31530
I      12544     31531
I      14293     31532
I       3654     31533
I       2735     31534
I      32675     31535
I      30062     31536
I       9621     31537
I       4978     31538
I      16151     31539
I      17577     31540
I      30617     31541
I      24638     31542
I      22770     31543
I      17577     31544
I       5471     31545
I      14394     31546
I      11321     31547
I      17943     31548
I      19947     31549
I      21804     31550
I      28933     31551
I       3955     31552
I      31353     31553
I      22039     31554
I      15670     31555
I      21229     31556
I        380     31557
I      10647     31558
I      29354     31559
I      19766     31560
I       9755     31561
I      24845     31562
I      15357     31563
I      12248     31564
I       3143     31565
I      17385     31566
I      21870     31567
I      23490     31568
I      21704     31569
I      16182     31570
I       6948     31571
I      28081     31572
I      19344     31573
I       7334     31574
I      10794     31575
I      13806     31576
I      15919     31577
I      25082     31578
I       2277     31579
I      22340     31580
I       9459     31581
I      24200     31582
I       4874     31583
I       2038     31584
I      21973     31585
I      24573     31586
I      32750     31587
I       4535     31588
I      16843     31589
I       6643     31590
I      13780     31591
I      15541     31592
I      30759     31593
I       3246     31594
I       7246     31595
I      32324     31596
I       2834     31597
I      13727     31598
I       2753     31599
I      12929     31600
I      21094     31601
I       6066     31602
I      11499     31603
I       7441     31604
I       5708     31605
I      29413     31606
I      25685     31607
I      28218     31608
I        948     31609
I      10477     31610
I      27361     31611
I      13432     31612
I       2565     31613
I      25722     31614
I      29861     31615
I      20295     31616
I      12817     31617
I       4039     31618
I      29292     31619
I      23568     31620
I      25338     31621
I      30726     31622
I      17518     31623
I       9272     31624
I       3062     31625
I      23665     31626
I       3869     31627
I      22887     31628
I      26639     31629
I       4412     31630
I       8570     31631
I      26825     31632
I      31325     31633
I      22398     31634
I       9144     31635
I      19977     31636
I      10172     31637
I       5473     31638
I       9446     31639
I       3955     31640
I      25651     31641
I       5059     31642
I      25436     31643
I       4351     31644
I      21419     31645
I       6082     31646
I       9362     31647
I      26243     31648
I      18602     31649
I       5389     31650
I      19104     31651
I      15477     31652
I      29682     31653
I      29977     31654
I      24791     31655
I      21892     31656
I      19415     31657
I      10573     31658
I       2605     31659
I      10299     31660
I       3961     31661
I        278     31662
I      29363     31663
I       3740     31664
I      14357     31665
I       3559     31666
I      21966     31667
I      17715     31668
I       1503     31669
I      12835     31670
I       1105     31671
I      20289     31672
I       5847     31673
I       4865     31674
I      11023     31675
I      21002     31676
I      28821     31677
I      10158     31678
I      30409     31679
I      14502     31680
I       3003     31681
I       7889     31682
I      28818     31683
I      14816     31684
I      15092     31685
I      10482     31686
I      29987     31687
I      15331     31688
I      25166     31689
I      29003     31690
I      18858     31691
I      15645     31692
I      12078     31693
I       1656     31694
I      25215     31695
I      30691     31696
I      14907     31697
I      18575     31698
I      24846     31699
I       2265     31700
I      24253     31701
I      30137     31702
I       1207     31703
I      31411     31704
I      15021     31705
I      22302     31706
I      14582     31707
I      29770     31708
I      14375     31709
I      17308     31710
I      23666     31711
I        799     31712
I      21672     31713
I      21284     31714
I      10466     31715
I       7881     31716
I      20128     31717
I      23529     31718
I      14554     31719
I       9901     31720
I      19436     31721
I      16043     31722
I        578     31723
I      16397     31724
I      24274     31725
I      15137     31726
I      29327     31727
I      30660     31728
I       4108     31729
I        784     31730
I      26481     31731
I      24961     31732
I      19218     31733
I      22717     31734
I      17468     31735
I      11573     31736
I      32154     31737
I      13304     31738
I      29062     31739
I      13090     31740
I      14307     31741
I      21444     31742
I       1985     31743
I       5906     31744
I       4001     31745
I       4226     31746
I      18382     31747
I      10641     31748
I       5492     31749
I      11444     31750
I      11437     31751
I      14786     31752
I      26661     31753
I      14320     31754
I       9529     31755
I      27846     31756
I      32081     31757
I      27378     31758
I      19852     31759
I      16721     31760
I      20806     31761
I      10792     31762
I      25649     31763
I      15133     31764
I      16078     31765
I       7522     31766
I      25109     31767
I      16007     31768
I      14593     31769
I       3847     31770
I      15957     31771
I       8268     31772
I       9275     31773
I       3707     31774
I      23836     31775
I       5634     31776
I      12298     31777
I       6755     31778
I      16416     31779
I      19310     31780
I      15720     31781
I       9584     31782
I      28026     31783
I      21361     31784
I      23996     31785
I      23054     31786
I      23481     31787
I       2960     31788
I      29371     31789
I      15360     31790
I      32087     31791
I      22462     31792
I       7532     31793
I      18336     31794
I      25297     31795
I       1809     31796
I       8956     31797
I       2249     31798
I        823     31799
I      30245     31800
I      13712     31801
I      17292     31802
I      30123     31803
I       3676     31804
I      10552     31805
I       1652     31806
I      25527     31807
I       7306     31808
I      13728     31809
I      14791     31810
I      16472     31811
I      14731     31812
I      25148     31813
I      27982     31814
I       9413     31815
I      29478     31816
I      27465     31817
I      13567     31818
I      25320     31819
I       1906     31820
I       1657     31821
I       6631     31822
I      27609     31823
I       4800     31824
I       1354     31825
I      17573     31826
I      12950     31827
I      26974     31828
I      19733     31829
I       1057     31830
I       3077     31831
I      19261     31832
I      15407     31833
I      15244     31834
I      31657     31835
I      32711     31836
I       1492     31837
I        699     31838
I        363     31839
I      11851     31840
I      26346     31841
I      20846     31842
I       8565     31843
I       8830     31844
I      23845     31845
I      16018     31846
I      27369     31847
I      10296     31848
I      13143     31849
I      18992     31850
I      15767     31851
I      27593     31852
I      21658     31853
I      15289     31854
I        266     31855
I       4916     31856
I       6316     31857
I       6859     31858
I      23658     31859
I       1872     31860
I      29693     31861
I      28609     31862
I      10323     31863
I       9041     31864
I      16701     31865
I      12824     31866
I      12784     31867
I      31125     31868
I      29723     31869
I      24086     31870
I      17427     31871
I      27133     31872
I       4169     31873
I       4384     31874
I      17543     31875
I      18629     31876
I      12283     31877
I      15520     31878
I       9478     31879
I      31280     31880
I      29710     31881
I      16587     31882
I      10860     31883
I       2599     31884
I      15179     31885
I      19200     31886
I       8615     31887
I      16478     31888
I      14555     31889
I      18424     31890
I       2395     31891
I       5115     31892
I      11898     31893
I      16451     31894
I      17956     31895
I      10186     31896
I      13436     31897
I       3436     31898
I       8182     31899
I       6013     31900
I      30408     31901
I      16392     31902
I       8783     31903
I       3119     31904
I      30112     31905
I      24178     31906
I      28837     31907
I      15521     31908
I      31843     31909
I      16560     31910
I      19189     31911
I      10247     31912
I      22405     31913
I      11136     31914
I      23902     31915
I      16107     31916
I      12319     31917
I       9745     31918
I      15925     31919
I      31799     31920
I       5452     31921
I       7218     31922
I       7370     31923
I      26060     31924
I      26432     31925
I      17886     31926
I       7041     31927
I      19851     31928
I       7827     31929
I      13495     31930
I      24060     31931
I       7100     31932
I      19283     31933
I        592     31934
I        821     31935
I      30941     31936
I       1123     31937
I      32139     31938
I      12692     31939
I       6611     31940
I       5847     31941
I      23283     31942
I      31142     31943
I       1574     31944
I      15712     31945
I      16735     31946
I      22708     31947
I       9683     31948
I      22884     31949
I      24198     31950
I       3671     31951
I      28955     31952
I      28785     31953
I      23008     31954
I       2486     31955
I      23069     31956
I       5350     31957
I      16386     31958
I      21738     31959
I      12306     31960
I       1108     31961
I      25618     31962
I       5718     31963
I      13448     31964
I      15929     31965
I      11132     31966
I      19359     31967
I      31356     31968
I      27706     31969
I      32637     31970
I      12189     31971
I      17458     31972
I      26447     31973
I       6175     31974
I      23639     31975
I      30289     31976
I      28522     31977
I      10110     31978
I      14449     31979
I      14065     31980
I      20161     31981
I      30990     31982
I      12379     31983
I      17625     31984
I      25594     31985
I      32088     31986
I       7596     31987
I       6556     31988
I      11718     31989
I      30029     31990
I      31115     31991
I      32309     31992
I        139     31993
I      11065     31994
I       8524     31995
I      22311     31996
I      31508     31997
I      28106     31998
I      22750     31999
I      29158     32000
I      30753     32001
I      15362     32002
I      12288     32003
I      23629     32004
I      18711     32005
I       1812     32006
I      14282     32007
I      15431     32008
I       9045     32009
I      24157     32010
I      14018     32011
I      31326     32012
I       1780     32013
I       6249     32014
I      24656     32015
I      16344     32016
I      29832     32017
I      30940     32018
I      26464     32019
I      23533     32020
I      27647     32021
I       3586     32022
I       8853     32023
I      19451     32024
I      22462     32025
I       2671     32026
I      21270     32027
I      18073     32028
I      17359     32029
I      27783     32030
I      30251     32031
I      18755     32032
I      25608     32033
I      13552     32034
I      23199     32035
I       8882     32036
I      31290     32037
I       4947     32038
I      22583     32039
I      27877     32040
I      13622     32041
I      23787     32042
I      20136     32043
I       9785     32044
I      22306     32045
I      26853     32046
I      26321     32047
I      18973     32048
I      19148     32049
I       7778     32050
I      30413     32051
I      11724     32052
I      25603     32053
I      10119     32054
I      31983     32055
I      19634     32056
I       2532     32057
I       2281     32058
I      11002     32059
I      12606     32060
I      18512     32061
I      29928     32062
I       3301     32063
I      16993     32064
I      21931     32065
I      30786     32066
I      32176     32067
I      27008     32068
I       1756     32069
I       3785     32070
I       2403     32071
I      10644     32072
I       4431     32073
I       9553     32074
I       6708     32075
I      14490     32076
I      12104     32077
I      14701     32078
I       9906     32079
I      12071     32080
I       3918     32081
I       8869     32082
I      21285     32083
I      17351     32084
I       4044     32085
I       5148     32086
I      25751     32087
I      16141     32088
I      14150     32089
I      25171     32090
I       4076     32091
I       4958     32092
I       3327     32093
I      24463     32094
I      13157     32095
I      29506     32096
I       4185     32097
I      24079     32098
I      21286     32099
I      12662     32100
I      24216     32101
I      20910     32102
I       9393     32103
I      27119     32104
I      10037     32105
I       2389     32106
I      11712     32107
I      19243     32108
I       9234     32109
I       7432     32110
I      29067     32111
I      14881     32112
I       5323     32113
I      27344     32114
I       8590     32115
I      26621     32116
I       1115     32117
I       3161     32118
I       8380     32119
I      27021     32120
I      10591     32121
I      29292     32122
I      21786     32123
I       9687     32124
I       8693     32125
I      20950     32126
I      15942     32127
I      32180     32128
I       4105     32129
I      10487     32130
I      31387     32131
I       1607     32132
I       5693     32133
I       7060     32134
I      21646     32135
I      26918     32136
I      29334     32137
I      11545     32138
I      30336     32139
I      28198     32140
I      14713     32141
I      19719     32142
I      25265     32143
I      23912     32144
I      28895     32145
I      20221     32146
I      16568     32147
I       9628     32148
I      27570     32149
I      29112     32150
I      10042     32151
I      27311     32152
I      20936     32153
I      21035     32154
I       5354     32155
I      23343     32156
I      29131     32157
I      26126     32158
I      25146     32159
I      10378     32160
I       6469     32161
I      27164     32162
I      22511     32163
I       8828     32164
I      24672     32165
I       2911     32166
I      18977     32167
I      26449     32168
I      23909     32169
I      23103     32170
I       5621     32171
I      11239     32172
I      21631     32173
I      27126     32174
I      18130     32175
I      11684     32176
I      32035     32177
I      23659     32178
I      12577     32179
I        729     32180
I      23235     32181
I      25584     32182
I      26026     32183
I      13197     32184
I      14592     32185
I      30457     32186
I       9960     32187
I       7121     32188
I      29395     32189
I       4297     32190
I       9048     32191
I      13917     32192
I       6871     32193
I       6224     32194
I      17324     32195
I      14682     32196
I       9031     32197
I      18901     32198
I      13619     32199
I      19408     32200
I       6635     32201
I       7392     32202
I      13598     32203
I      22070     32204
I       2066     32205
I      26915     32206
I      12601     32207
I      25433     32208
I      26906     32209
I      27414     32210
I      17001     32211
I      24809     32212
I      18937     32213
I       1563     32214
I       5153     32215
I      26517     32216
I      29074     32217
I       6426     32218
I       2625     32219
I       8196     32220
I      24967     32221
I      22667     32222
I      28828     32223
I      12429     32224
I       6171     32225
I       1028     32226
I      22361     32227
I      29978     32228
I        154     32229
I      32184     32230
I       5427     32231
I      32656     32232
I      25642     32233
I      13972     32234
I      26168     32235
I      10941     32236
I       8261     32237
I      17252     32238
I       6906     32239
I      23897     32240
I      24020     32241
I      14579     32242
I       9314     32243
I      29062     32244
I      27374     32245
I       6277     32246
I      11178     32247
I      29404     32248
I      27512     32249
I      27264     32250
I      15052     32251
I      20915     32252
I      11245     32253
I        767     32254
I        622     32255
I      30932     32256
I       9708     32257
I      17177     32258
I      28170     32259
I      26209     32260
I      25086     32261
I      31844     32262
I      14309     32263
I       5225     32264
I       1072     32265
I      23676     32266
I      25075     32267
I      18181     32268
I      25160     32269
I       4391     32270
I       1362     32271
I       6050     32272
I       2603     32273
I      12720     32274
I      30045     32275
I      17703     32276
I      12623     32277
I      28174     32278
I      13810     32279
I        298     32280
I      30370     32281
I      26757     32282
I      18728     32283
I      14861     32284
I      18939     32285
I      22490     32286
I       4205     32287
I      13721     32288
I       8444     32289
I       6590     32290
I       8513     32291
I      22696     32292
I      29640     32293
I      23567     32294
I       8936     32295
I      29844     32296
I      12125     32297
I      19117     32298
I       3148     32299
I       6814     32300
I      27839     32301
I      10154     32302
I      16135     32303
I      21652     32304
I       5224     32305
I      26350     32306
I       3958     32307
I      11832     32308
I       5774     32309
I      18184     32310
I      13313     32311
I      26612     32312
I      29204     32313
I      14352     32314
I       8852     32315
I      26433     32316
I        598     32317
I      26262     32318
I      31633     32319
I      31299     32320
I       4663     32321
I      22154     32322
I      16718     32323
I      17913     32324
I      27039     32325
I      10189     32326
I        992     32327
I      13562     32328
I      12684     32329
I       1573     32330
I      27402     32331
I       6650     32332
I      24349     32333
I      28419     32334
I      18899     32335
I       6822     32336
I       5191     32337
I       8490     32338
I       8115     32339
I       6267     32340
I      21442     32341
I       5322     32342
I      24849     32343
I      21316     32344
I      11701     32345
I      28874     32346
I      12665     32347
I       3189     32348
I      22159     32349
I      28717     32350
I        797     32351
I      11301     32352
I      15120     32353
I      14687     32354
I        522     32355
I      29034     32356
I      20249     32357
I      12554     32358
I      10322     32359
I      26498     32360
I      30485     32361
I       9180     32362
I      23751     32363
I      29773     32364
I        495     32365
I       3154     32366
I      28439     32367
I       3254     32368
I       4662     32369
I      26126     32370
I      12346     32371
I      28783     32372
I       3968     32373
I      25871     32374
I      25839     32375
I       9096     32376
I      18672     32377
I      20463     32378
I      14805     32379
I      20431     32380
I      16454     32381
I      16761     32382
I      25694     32383
I       5002     32384
I        742     32385
I      22591     32386
I       2727     32387
I      30374     32388
I       4015     32389
I       1885     32390
I      15947     32391
I      17890     32392
I       2517     32393
I      17795     32394
I      15849     32395
I      31752     32396
I      31872     32397
I      17976     32398
I       2910     32399
I      22535     32400
I      30263     32401
I      32664     32402
I       9708     32403
I      24265     32404
I       7020     32405
I      19102     32406
I      24905     32407
I       1963     32408
I      14565     32409
I       1770     32410
I      20105     32411
I      14833     32412
I      30841     32413
I      28149     32414
I       1646     32415
I      32556     32416
I      11867     32417
I      26004     32418
I      18907     32419
I      19116     32420
I      25311     32421
I       8477     32422
I      19730     32423
I       6476     32424
I      16826     32425
I      16723     32426
I      24717     32427
I      10082     32428
I      25374     32429
I       2966     32430
I      25555     32431
I      30920     32432
I       3997     32433
I      10696     32434
I      30663     32435
I      31552     32436
I       9203     32437
I        243     32438
I      20770     32439
I      29695     32440
I       3119     32441
I      16744     32442
I       7471     32443
I      15632     32444
I      29448     32445
I      27765     32446
I      26527     32447
I      16681     32448
I      10109     32449
I      25162     32450
I       1320     32451
I      15673     32452
I      14172     32453
I      25333     32454
I      21923     32455
I       9005     32456
I      17727     32457
I       3675     32458
I        822     32459
I       8036     32460
I      19142     32461
I      30041     32462
I      13462     32463
I      14852     32464
I       2292     32465
I      15523     32466
I      11771     32467
I      17101     32468
I      31358     32469
I      32478     32470
I      23475     32471
I      13761     32472
I      16354     32473
I      22359     32474
I      22862     32475
I       2529     32476
I      12339     32477
I      16326     32478
I       2907     32479
I      11927     32480
I       4437     32481
I        164     32482
I      24914     32483
I      17901     32484
I      17177     32485
I      21894     32486
I       8674     32487
I      15814     32488
I      23060     32489
I      17347     32490
I      13434     32491
I      26771     32492
I      21200     32493
I      21469     32494
I      20929     32495
I      26799     32496
I      23339     32497
I      17697     32498
I      31979     32499
I      25022     32500
I      23377     32501
I      28823     32502
I      14274     32503
I       8477     32504
I      13616     32505
I      31537     32506
I      25380     32507
I      26424     32508
I      18236     32509
I      14331     32510
I      30035     32511
I      14270     32512
I      14096     32513
I      11870     32514
I      20592     32515
I       7317     32516
I      14450     32517
I      28599     32518
I      26624     32519
I      25261     32520
I      15932     32521
I      30375     32522
I       5972     32523
I      23858     32524
I      26490     32525
I      18589     32526
I       7823     32527
I       7963     32528
I       1263     32529
I      12714     32530
I       1056     32531
I      22046     32532
I      19946     32533
I      11578     32534
I      26518     32535
I      21037     32536
I      16465     32537
I      24248     32538
I        743     32539
I       4560     32540
I       9536     32541
I      30369     32542
I       9496     32543
I      31776     32544
I       5093     32545
I      13030     32546
I        595     32547
I       3309     32548
I      24151     32549
I      16232     32550
I      19527     32551
I      29613     32552
I       7504     32553
I      29510     32554
I      31555     32555
I      24324     32556
I      24845     32557
I      19003     32558
I      24023     32559
I      15802     32560
I      16523     32561
I      19373     32562
I       1713     32563
I      17533     32564
I      28877     32565
I      25022     32566
I       6668     32567
I      15807     32568
I      17592     32569
I      14103     32570
I       5143     32571
I      22582     32572
I       2363     32573
I       3755     32574
I       1152     32575
I      20703     32576
I      12437     32577
I      19563     32578
I      12596     32579
I       5622     32580
I       4775     32581
I       9476     32582
I      11195     32583
I      21584     32584
I       6084     32585
I       5464     32586
I        122     32587
I      17301     32588
I      19775     32589
I      27098     32590
I      12746     32591
I      25539     32592
I      17563     32593
I      12640     32594
I      13685     32595
I      18810     32596
I      15164     32597
I      21418     32598
I       5118     32599
I      27130     32600
I      16311     32601
I      10308     32602
I      32504     32603
I       8790     32604
I       2754     32605
I      12796     32606
I      21081     32607
I      24896     32608
I      17506     32609
I      21368     32610
I        461     32611
I      15879     32612
I      19182     32613
I      26181     32614
I      30404     32615
I       3400     32616
I      31082     32617
I       4343     32618
I      24781     32619
I       6773     32620
I       3997     32621
I      15439     32622
I      20847     32623
I      12590     32624
I      14598     32625
I       4793     32626
I      24826     32627
I       9024     32628
I      30328     32629
I      24814     32630
I       8904     32631
I       2830     32632
I      12822     32633
I      25427     32634
I      30935     32635
I      11374     32636
I      21478     32637
I      16311     32638
I       1950     32639
I      16529     32640
I      29493     32641
I       2099     32642
I      21444     32643
I      29480     32644
I      24310     32645
I      21766     32646
I      21368     32647
I      17286     32648
I      17873     32649
I       3684     32650
I      30686     32651
I      31252     32652
I      28526     32653
I      15904     32654
I      29868     32655
I      19906     32656
I       4751     32657
I       5694     32658
I      26186     32659
I       6761     32660
I      10796     32661
I      20333     32662
I       4423     32663
I      27016     32664
I      23998     32665
I      14808     32666
I      27750     32667
I      25294     32668
I       3967     32669
I       1177     32670
I       7806     32671
I       2082     32672
I      16273     32673
I      30666     32674
I      22498     32675
I      11809     32676
I      12753     32677
I      20736     32678
I       2485     32679
I      24215     32680
I      13061     32681
I       9934     32682
I      26598     32683
I      25613     32684
I      19544     32685
I      13459     32686
I      22379     32687
I       1982     32688
I       7486     32689
I      30396     32690
I       1254     32691
I      19776     32692
I      12374     32693
I      25421     32694
I          9     32695
I      14472     32696
I      20887     32697
I       1367     32698
I      31851     32699
I       7036     32700
I       9896     32701
I       8315     32702
I      19669     32703
I       8716     32704
I      22429     32705
I      32733     32706
I      29093     32707
I      32767     32708
I      32542     32709
I       4112     32710
I      20426     32711
I       8557     32712
I      28940     32713
I      26291     32714
I      23432     32715
I       2333     32716
I      22128     32717
I       5231     32718
I       7960     32719
I      15821     32720
I      14516     32721
I      21790     32722
I      18468     32723
I      30744     32724
I      27461     32725
I      16069     32726
I      22834     32727
I      26319     32728
I      27245     32729
I      11321     32730
I      30443     32731
I      16838     32732
I       1190     32733
I      18838     32734
I       6936     32735
I       3049     32736
I      23895     32737
I        925     32738
I      27412     32739
I       8866     32740
I      10650     32741
I      24837     32742
I      22721     32743
I       7482     32744
I      30918     32745
I      27759     32746
I      15766     32747
I      31958     32748
I      14802     32749
I      27838     32750
I       7895     32751
I      28149     32752
I      22184     32753
I       9995     32754
I       6851     32755
I       8124     32756
I      29815     32757
I       4639     32758
I      21049     32759
I       7742     32760
I        203     32761
I      10611     32762
I      15958     32763
I      28846     32764
I      21537     32765
I       6230     32766
I      32428     32767
E
E
E
E
E
E
E
E
E
E
E
E
E
E
E
E
E
E
E
E
E
E
E
E
E
E
E
E
E
E
E
E
E
E
E
E
E
E
E
E
E
E
E
E
E
E
E
E
E
E
E
E
E
E
E
E
E
E
E
E
E
E
E
E
E
E
E
E
E
E
E
E
E
E
E
E
E
E
E
E
E
E
E
E
E
E
E
E
E
E
E
E
E
E
E
E
E
E
E
E
E
E
E
E
E
E
E
E
E
E
E
E
E
E
E
E
E
E
E
E
E
E
E
E
E
E
E
E
E
E
E
E
E
E
E
E
E
E
E
E
E
E
E
E
E
E
E
E
E
E
E
E
E
E
E
E
E
E
E
E
E
E
E
E
E
E
E
E
E
E
E
E
E
E
E
E
E
E
E
E
E
E
E
E
E
E
E
E
E
E
E
E
E
E
E
E
E
E
E
E
E
E
E
E
E
E
E
E
E
E
E
E
E
E
E
E
E
E
E
E
E
E
E
E
E
E
E
E
E
E
E
E
E
E
E
E
E
E
E
E
E
E
E
E
E
E
E
E
E
E
E
E
E
E
E
E
E
E
E
E
E
E
E
E
E
E
E
E
E
E
E
E
E
E
E
E
E
E
E
E
E
E
E
E
E
E
E
E
E
E
E
E
E
E
E
E
E
E
E
E
E
E
E
E
E
E
E
E
E
E
E
E
E
E
E
E
E
E
E
E
E
E
E
E
E
E
E
E
E
E
E
E
E
E
E
E
E
E
E
E
E
E
E
E
E
E
E
E
E
E
E
E
E
E
E
E
E
E
E
E
E
E
E
E
E
E
E
E
E
E
E
E
E
E
E
E
E
E
E
E
E
E
E
E
E
E
E
E
E
E
E
E
E
E
E
E
E
E
E
E
E
E
E
E
E
E
E
E
E
E
E
E
E
E
E
E
E
E
E
E
E
E
E
E
E
E
E
E
E
E
E
E
E
E
E
E
E
E
E
E
E
E
E
E
E
E
E
E
E
E
E
E
E
E
E
E
E
E
E
E
E
E
E
E
E
E
E
E
E
E
E
E
E
E
E
E
E
E
E
E
E
E
E
E
E
E
E
E
E
E
E
E
E
E
E
E
E
E
E
E
E
E
E
E
E
E
E
E
E
E
E
E
E
E
E
E
E
E
E
E
E
E
E
E
E
E
E
E
E
E
E
E
E
E
E
E
E
E
E
E
E
E
E
E
E
E
E
E
E
E
E
E
E
E
E
E
E
E
E
E
E
E
E
E
E
E
E
E
E
E
E
E
E
E
E
E
E
E
E
E
E
E
E
E
E
E
E
E
E
E
E
E
E
E
E
E
E
E
E
E
E
E
E
E
E
E
E
E
E
E
E
E
E
E
E
E
E
E
E
E
E
E
E
E
E
E
E
E
E
E
E
E
E
E
E
E
E
E
E
E
E
E
E
E
E
E
E
E
E
E
E
E
E
E
E
E
E
E
E
E
E
E
E
E
E
E
E
E
E
E
E
E
E
E
E
E
E
E
E
E
E
E
E
E
E
E
E
E
E
E
E
E
E
E
E
E
E
E
E
E
E
E
E
E
E
E
E
E
E
E
E
E
E
E
E
E
E
E
E
E
E
E
E
E
E
E
E
E
E
E
E
E
E
E
E
E
E
E
E
E
E
E
E
E
E
E
E
E
E
E
E
E
E
E
E
E
E
E
E
E
E
E
E
E
E
E
E
E
E
E
E
E
E
E
E
E
E
E
E
E
E
E
E
E
E
E
E
E
E
E
E
E
E
E
E
E
E
E
E
E
E
E
E
E
E
E
E
E
E
E
E
E
E
E
E
E
E
E
E
E
E
E
E
E
E
E
E
E
E
E
E
E
E
E
E
E
E
E
E
E
E
E
E
E
E
E
E
E
E
E
E
E
E
E
E
E
E
E
E
E
E
E
E
E
E
E
E
E
E
E
E
E
E
E
E
E
E
E
E
E
E
E
E
E
E
E
E
E
E
E
E
E
E
E
E
E
E
E
E
E
E
E
E
E
E
E
E
E
E
E
E
E
E
E
E
E
E
E
E
E
E
E
E
E
E
E
E
E
E
E
E
E
E
E
E
E
E
E
E
E
E
E
E
E
E
E
E
E
E
E
E
E
E
E
E
E
E
E
E
E
E
E
E
E
E
E
E
E
E
E
E
E
E
E
E
E
E
E
E
E
E
E
E
E
E
E
E
E
E
E
E
E
E
E
E
E
E
E
E
E
E
E
E
E
E
E
E
E
E
E
E
E
E
E
E
E
E
E
E
E
E
E
E
E
E
E
E
E
E
E
E
E
E
E
E
E
E
E
E
E
E
E
E
E
E
E
E
E
E
E
E
E
E
E
E
E
E
E
E
E
E
E
E
E
E
E
E
E
E
E
E
E
E
E
E
E
E
E
E
E
E
E
E
E
E
E
E
E
E
E
E
E
E
E
E
E
E
E
E
E
E
E
E
E
E
E
E
E
E
E
E
E
E
E
E
E
E
E
E
E
E
E
E
E
E
E
E
E
E
E
E
E
E
E
E
E
E
E
E
E
E
E
E
E
E
E
E
E
E
E
E
E
E
E
E
E
E
E
E
E
E
E
E
E
E
E
E
E
E
E
E
E
E
E
E
E
E
E
E
E
E
E
E
E
E
E
E
E
E
E
E
E
E
E
E
E
E
E
E
E
E
E
E
E
E
E
E
E
E
E
E
E
E
E
E
E
E
E
E
E
E
E
E
E
E
E
E
E
E
E
E
E
E
E
E
E
E
E
E
E
E
E
E
E
E
E
E
E
E
E
E
E
E
E
E
E
E
E
E
E
E
E
E
E
E
E
E
E
E
E
E
E
E
E
E
E
E
E
E
E
E
E
E
E
E
E
E
E
E
E
E
E
E
E
E
E
E
E
E
E
E
E
E
E
E
E
E
E
E
E
E
E
E
E
E
E
E
E
E
E
E
E
E
E
E
E
E
E
E
E
E
E
E
E
E
E
E
E
E
E
E
E
E
E
E
E
E
E
E
E
E
E
E
E
E
E
E
E
E
E
E
E
E
E
E
E
E
E
E
E
E
E
E
E
E
E
E
E
E
E
E
E
E
E
E
E
E
E
E
E
E
E
E
E
E
E
E
E
E
E
E
E
E
E
E
E
E
E
E
E
E
E
E
E
E
E
E
E
E
E
E
E
E
E
E
E
E
E
E
E
E
E
E
E
E
E
E
E
E
E
E
E
E
E
E
E
E
E
E
E
E
E
E
E
E
E
E
E
E
E
E
E
E
E
E
E
E
E
E
E
E
E
E
E
E
E
E
E
E
E
E
E
E
E
E
E
E
E
E
E
E
E
E
E
E
E
E
E
E
E
E
E
E
E
E
E
E
E
E
E
E
E
E
E
E
E
E
E
E
E
E
E
E
E
E
E
E
E
E
E
E
E
E
E
E
E
E
E
E
E
E
E
E
E
E
E
E
E
E
E
E
E
E
E
E
E
E
E
E
E
E
E
E
E
E
E
E
E
E
E
E
E
E
E
E
E
E
E
E
E
E
E
E
E
E
E
E
E
E
E
E
E
E
E
E
E
E
E
E
E
E
E
E
E
E
E
E
E
E
E
E
E
E
E
E
E
E
E
E
E
E
E
E
E
E
E
E
E
E
E
E
E
E
E
E
E
E
E
E
E
E
E
E
E
E
E
E
E
E
E
E
E
E
E
E
E
E
E
E
E
E
E
E
E
E
E
E
E
E
E
E
E
E
E
E
E
E
E
E
E
E
E
E
E
E
E
E
E
E
E
E
E
E
E
E
E
E
E
E
E
E
E
E
E
E
E
E
E
E
E
E
E
E
E
E
E
E
E
E
E
E
E
E
E
E
E
E
E
E
E
E
E
E
E
E
E
E
E
E
E
E
E
E
E
E
E
E
E
E
E
E
E
E
E
E
E
E
E
E
E
E
E
E
E
E
E
E
E
E
E
E
E
E
E
E
E
E
E
E
E
E
E
E
E
E
E
E
E
E
E
E
E
E
E
E
E
E
E
E
E
E
E
E
E
E
E
E
E
E
E
E
E
E
E
E
E
E
E
E
E
E
E
E
E
E
E
E
E
E
E
E
E
E
E
E
E
E
E
E
E
E
E
E
E
E
E
E
E
E
E
E
E
E
E
E
E
E
E
E
E
E
E
E
E
E
E
E
E
E
E
E
E
E
E
E
E
E
E
E
E
E
E
E
E
E
E
E
E
E
E
E
E
E
E
E
E
E
E
E
E
E
E
E
E
E
E
E
E
E
E
E
E
E
E
E
E
E
E
E
E
E
E
E
E
E
E
E
E
E
E
E
E
E
E
E
E
E
E
E
E
E
E
E
E
E
E
E
E
E
E
E
E
E
E
E
E
E
E
E
E
E
E
E
E
E
E
E
E
E
E
E
E
E
E
E
E
E
E
E
E
E
E
E
E
E
E
E
E
E
E
E
E
E
E
E
E
E
E
E
E
E
E
E
E
E
E
E
E
E
E
E
E
E
E
E
E
E
E
E
E
E
E
E
E
E
E
E
E
E
E
E
E
E
E
E
E
E
E
E
E
E
E
E
E
E
E
E
E
E
E
E
E
E
E
E
E
E
E
E
E
E
E
E
E
E
E
E
E
E
E
E
E
E
E
E
E
E
E
E
E
E
E
E
E
E
E
E
E
E
E
E
E
E
E
E
E
E
E
E
E
E
E
E
E
E
E
E
E
E
E
E
E
E
E
E
E
E
E
E
E
E
E
E
E
E
E
E
E
E
E
E
E
E
E
E
E
E
E
E
E
E
E
E
E
E
E
E
E
E
E
E
E
E
E
E
E
E
E
E
E
E
E
E
E
E
E
E
E
E
E
E
E
E
E
E
E
E
E
E
E
E
E
E
E
E
E
E
E
E
E
E
E
E
E
E
E
E
E
E
E
E
E
E
E
E
E
E
E
E
E
E
E
E
E
E
E
E
E
E
E
E
E
E
E
E
E
E
E
E
E
E
E
E
E
E
E
E
E
E
E
E
E
E
E
E
E
E
E
E
E
E
E
E
E
E
E
E
E
E
E
E
E
E
E
E
E
E
E
E
E
E
E
E
E
E
E
E
E
E
E
E
E
E
E
E
E
E
E
E
E
E
E
E
E
E
E
E
E
E
E
E
E
E
E
E
E
E
E
E
E
E
E
E
E
E
E
E
E
E
E
E
E
E
E
E
E
E
E
E
E
E
E
E
E
E
E
E
E
E
E
E
E
E
E
E
E
E
E
E
E
E
E
E
E
E
E
E
E
E
E
E
E
E
E
E
E
E
E
E
E
E
E
E
E
E
E
E
E
E
E
E
E
E
E
E
E
E
E
E
E
E
E
E
E
E
E
E
E
E
E
E
E
E
E
E
E
E
E
E
E
E
E
E
E
E
E
E
E
E
E
E
E
E
E
E
E
E
E
E
E
E
E
E
E
E
E
E
E
E
E
E
E
E
E
E
E
E
E
E
E
E
E
E
E
E
E
E
E
E
E
E
E
E
E
E
E
E
E
E
E
E
E
E
E
E
E
E
E
E
E
E
E
E
E
E
E
E
E
E
E
E
E
E
E
E
E
E
E
E
E
E
E
E
E
E
E
E
E
E
E
E
E
E
E
E
E
E
E
E
E
E
E
E
E
E
E
E
E
E
E
E
E
E
E
E
E
E
E
E
E
E
E
E
E
E
E
E
E
E
E
E
E
E
E
E
E
E
E
E
E
E
E
E
E
E
E
E
E
E
E
E
E
E
E
E
E
E
E
E
E
E
E
E
E
E
E
E
E
E
E
E
E
E
E
E
E
E
E
E
E
E
E
E
E
E
E
E
E
E
E
E
E
E
E
E
E
E
E
E
E
E
E
E
E
E
E
E
E
E
E
E
E
E
E
E
E
E
E
E
E
E
E
E
E
E
E
E
E
E
E
E
E
E
E
E
E
E
E
E
E
E
E
E
E
E
E
E
E
E
E
E
E
E
E
E
E
E
E
E
E
E
E
E
E
E
E
E
E
E
E
E
E
E
E
E
E
E
E
E
E
E
E
E
E
E
E
E
E
E
E
E
E
E
E
E
E
E
E
E
E
E
E
E
E
E
E
E
E
E
E
E
E
E
E
E
E
E
E
E
E
E
E
E
E
E
E
E
E
E
E
E
E
E
E
E
E
E
E
E
E
E
E
E
E
E
E
E
E
E
E
E
E
E
E
E
E
E
E
E
E
E
E
E
E
E
E
E
E
E
E
E
E
E
E
E
E
E
E
E
E
E
E
E
E
E
E
E
E
E
E
E
E
E
E
E
E
E
E
E
E
E
E
E
E
E
E
E
E
E
E
E
E
E
E
E
E
E
E
E
E
E
E
E
E
E
E
E
E
E
E
E
E
E
E
E
E
E
E
E
E
E
E
E
E
E
E
E
E
E
E
E
E
E
E
E
E
E
E
E
E
E
E
E
E
E
E
E
E
E
E
E
E
E
E
E
E
E
E
E
E
E
E
E
E
E
E
E
E
E
E
E
E
E
E
E
E
E
E
E
E
E
E
E
E
E
E
E
E
E
E
E
E
E
E
E
E
E
E
E
E
E
E
E
E
E
E
E
E
E
E
E
E
E
E
E
E
E
E
E
E
E
E
E
E
E
E
E
E
E
E
E
E
E
E
E
E
E
E
E
E
E
E
E
E
E
E
E
E
E
E
E
E
E
E
E
E
E
E
E
E
E
E
E
E
E
E
E
E
E
E
E
E
E
E
E
E
E
E
E
E
E
E
E
E
E
E
E
E
E
E
E
E
E
E
E
E
E
E
E
E
E
E
E
E
E
E
E
E
E
E
E
E
E
E
E
E
E
E
E
E
E
E
E
E
E
E
E
E
E
E
E
E
E
E
E
E
E
E
E
E
E
E
E
E
E
E
E
E
E
E
E
E
E
E
E
E
E
E
E
E
E
E
E
E
E
E
E
E
E
E
E
E
E
E
E
E
E
E
E
E
E
E
E
E
E
E
E
E
E
E
E
E
E
E
E
E
E
E
E
E
E
E
E
E
E
E
E
E
E
E
E
E
E
E
E
E
E
E
E
E
E
E
E
E
E
E
E
E
E
E
E
E
E
E
E
E
E
E
E
E
E
E
E
E
E
E
E
E
E
E
E
E
E
E
E
E
E
E
E
E
E
E
E
E
E
E
E
E
E
E
E
E
E
E
E
E
E
E
E
E
E
E
E
E
E
E
E
E
E
E
E
E
E
E
E
E
E
E
E
E
E
E
E
E
E
E
E
E
E
E
E
E
E
E
E
E
E
E
E
E
E
E
E
E
E
E
E
E
E
E
E
E
E
E
E
E
E
E
E
E
E
E
E
E
E
E
E
E
E
E
E
E
E
E
E
E
E
E
E
E
E
E
E
E
E
E
E
E
E
E
E
E
E
E
E
E
E
E
E
E
E
E
E
E
E
E
E
E
E
E
E
E
E
E
E
E
E
E
E
E
E
E
E
E
E
E
E
E
E
E
E
E
E
E
E
E
E
E
E
E
E
E
E
E
E
E
E
E
E
E
E
E
E
E
E
E
E
E
E
E
E
E
E
E
E
E
E
E
E
E
E
E
E
E
E
E
E
E
E
E
E
E
E
E
E
E
E
E
E
E
E
E
E
E
E
E
E
E
E
E
E
E
E
E
E
E
E
E
E
E
E
E
E
E
E
E
E
E
E
E
E
E
E
E
E
E
E
E
E
E
E
E
E
E
E
E
E
E
E
E
E
E
E
E
E
E
E
E
E
E
E
E
E
E
E
E
E
E
E
E
E
E
E
E
E
E
E
E
E
E
E
E
E
E
E
E
E
E
E
E
E
E
E
E
E
E
E
E
E
E
E
E
E
E
E
E
E
E
E
E
E
E
E
E
E
E
E
E
E
E
E
E
E
E
E
E
E
E
E
E
E
E
E
E
E
E
E
E
E
E
E
E
E
E
E
E
E
E
E
E
E
E
E
E
E
E
E
E
E
E
E
E
E
E
E
E
E
E
E
E
E
E
E
E
E
E
E
E
E
E
E
E
E
E
E
E
E
E
E
E
E
E
E
E
E
E
E
E
E
E
E
E
E
E
E
E
E
E
E
E
E
E
E
E
E
E
E
E
E
E
E
E
E
E
E
E
E
E
E
E
E
E
E
E
E
E
E
E
E
E
E
E
E
E
E
E
E
E
E
E
E
E
E
E
E
E
E
E
E
E
E
E
E
E
E
E
E
E
E
E
E
E
E
E
E
E
E
E
E
E
E
E
E
E
E
E
E
E
E
E
E
E
E
E
E
E
E
E
E
E
E
E
E
E
E
E
E
E
E
E
E
E
E
E
E
E
E
E
E
E
E
E
E
E
E
E
E
E
E
E
E
E
E
E
E
E
E
E
E
E
E
E
E
E
E
E
E
E
E
E
E
E
E
E
E
E
E
E
E
E
E
E
E
E
E
E
E
E
E
E
E
E
E
E
E
E
E
E
E
E
E
E
E
E
E
E
E
E
E
E
E
E
E
E
E
E
E
E
E
E
E
E
E
E
E
E
E
E
E
E
E
E
E
E
E
E
E
E
E
E
E
E
E
E
E
E
E
E
E
E
E
E
E
E
E
E
E
E
E
E
E
E
E
E
E
E
E
E
E
E
E
E
E
E
E
E
E
E
E
E
E
E
E
E
E
E
E
E
E
E
E
E
E
E
E
E
E
E
E
E
E
E
E
E
E
E
E
E
E
E
E
E
E
E
E
E
E
E
E
E
E
E
E
E
E
E
E
E
E
E
E
E
E
E
E
E
E
E
E
E
E
E
E
E
E
E
E
E
E
E
E
E
E
E
E
E
E
E
E
E
E
E
E
E
E
E
E
E
E
E
E
E
E
E
E
E
E
E
E
E
E
E
E
E
E
E
E
E
E
E
E
E
E
E
E
E
E
E
E
E
E
E
E
E
E
E
E
E
E
E
E
E
E
E
E
E
E
E
E
E
E
E
E
E
E
E
E
E
E
E
E
E
E
E
E
E
E
E
E
E
E
E
E
E
E
E
E
E
E
E
E
E
E
E
E
E
E
E
E
E
E
E
E
E
E
E
E
E
E
E
E
E
E
E
E
E
E
E
E
E
E
E
E
E
E
E
E
E
E
E
E
E
E
E
E
E
E
E
E
E
E
E
E
E
E
E
E
E
E
E
E
E
E
E
E
E
E
E
E
E
E
E
E
E
E
E
E
E
E
E
E
E
E
E
E
E
E
E
E
E
E
E
E
E
E
E
E
E
E
E
E
E
E
E
E
E
E
E
E
E
E
E
E
E
E
E
E
E
E
E
E
E
E
E
E
E
E
E
E
E
E
E
E
E
E
E
E
E
E
E
E
E
E
E
E
E
E
E
E
E
E
E
E
E
E
E
E
E
E
E
E
E
E
E
E
E
E
E
E
E
E
E
E
E
E
E
E
E
E
E
E
E
E
E
E
E
E
E
E
E
E
E
E
E
E
E
E
E
E
E
E
E
E
E
E
E
E
E
E
E
E
E
E
E
E
E
E
E
E
E
E
E
E
E
E
E
E
E
E
E
E
E
E
E
E
E
E
E
E
E
E
E
E
E
E
E
E
E
E
E
E
E
E
E
E
E
E
E
E
E
E
E
E
E
E
E
E
E
E
E
E
E
E
E
E
E
E
E
E
E
E
E
E
E
E
E
E
E
E
E
E
E
E
E
E
E
E
E
E
E
E
E
E
E
E
E
E
E
E
E
E
E
E
E
E
E
E
E
E
E
E
E
E
E
E
E
E
E
E
E
E
E
E
E
E
E
E
E
E
E
E
E
E
E
E
E
E
E
E
E
E
E
E
E
E
E
E
E
E
E
E
E
E
E
E
E
E
E
E
E
E
E
E
E
E
E
E
E
E
E
E
E
E
E
E
E
E
E
E
E
E
E
E
E
E
E
E
E
E
E
E
E
E
E
E
E
E
E
E
E
E
E
E
E
E
E
E
E
E
E
E
E
E
E
E
E
E
E
E
E
E
E
E
E
E
E
E
E
E
E
E
E
E
E
E
E
E
E
E
E
E
E
E
E
E
E
E
E
E
E
E
E
E
E
E
E
E
E
E
E
E
E
E
E
E
E
E
E
E
E
E
E
E
E
E
E
E
E
E
E
E
E
E
E
E
E
E
E
E
E
E
E
E
E
E
E
E
E
E
E
E
E
E
E
E
E
E
E
E
E
E
E
E
E
E
E
E
E
E
E
E
E
E
E
E
E
E
E
E
E
E
E
E
E
E
E
E
E
E
E
E
E
E
E
E
E
E
E
E
E
E
E
E
E
E
E
E
E
E
E
E
E
E
E
E
E
E
E
E
E
E
E
E
E
E
E
E
E
E
E
E
E
E
E
E
E
E
E
E
E
E
E
E
E
E
E
E
E
E
E
E
E
E
E
E
E
E
E
E
E
E
E
E
E
E
E
E
E
E
E
E
E
E
E
E
E
E
E
E
E
E
E
E
E
E
E
E
E
E
E
E
E
E
E
E
E
E
E
E
E
E
E
E
E
E
E
E
E
E
E
E
E
E
E
E
E
E
E
E
E
E
E
E
E
E
E
E
E
E
E
E
E
E
E
E
E
E
E
E
E
E
E
E
E
E
E
E
E
E
E
E
E
E
E
E
E
E
E
E
E
E
E
E
E
E
E
E
E
E
E
E
E
E
E
E
E
E
E
E
E
E
E
E
E
E
E
E
E
E
E
E
E
E
E
E
E
E
E
E
E
E
E
E
E
E
E
E
E
E
E
E
E
E
E
E
E
E
E
E
E
E
E
E
E
E
E
E
E
E
E
E
E
E
E
E
E
E
E
E
E
E
E
E
E
E
E
E
E
E
E
E
E
E
E
E
E
E
E
E
E
E
E
E
E
E
E
E
E
E
E
E
E
E
E
E
E
E
E
E
E
E
E
E
E
E
E
E
E
E
E
E
E
E
E
E
E
E
E
E
E
E
E
E
E
E
E
E
E
E
E
E
E
E
E
E
E
E
E
E
E
E
E
E
E
E
E
E
E
E
E
E
E
E
E
E
E
E
E
E
E
E
E
E
E
E
E
E
E
E
E
E
E
E
E
E
E
E
E
E
E
E
E
E
E
E
E
E
E
E
E
E
E
E
E
E
E
E
E
E
E
E
E
E
E
E
E
E
E
E
E
E
E
E
E
E
E
E
E
E
E
E
E
E
E
E
E
E
E
E
E
E
E
E
E
E
E
E
E
E
E
E
E
E
E
E
E
E
E
E
E
E
E
E
E
E
E
E
E
E
E
E
E
E
E
E
E
E
E
E
E
E
E
E
E
E
E
E
E
E
E
E
E
E
E
E
E
E
E
E
E
E
E
E
E
E
E
E
E
E
E
E
E
E
E
E
E
E
E
E
E
E
E
E
E
E
E
E
E
E
E
E
E
E
E
E
E
E
E
E
E
E
E
E
E
E
E
E
E
E
E
E
E
E
E
E
E
E
E
E
E
E
E
E
E
E
E
E
E
E
E
E
E
E
E
E
E
E
E
E
E
E
E
E
E
E
E
E
E
E
E
E
E
E
E
E
E
E
E
E
E
E
E
E
E
E
E
E
E
E
E
E
E
E
E
E
E
E
E
E
E
E
E
E
E
E
E
E
E
E
E
E
E
E
E
E
E
E
E
E
E
E
E
E
E
E
E
E
E
E
E
E
E
E
E
E
E
E
E
E
E
E
E
E
E
E
E
E
E
E
E
E
E
E
E
E
E
E
E
E
E
E
E
E
E
E
E
E
E
E
E
E
E
E
E
E
E
E
E
E
E
E
E
E
E
E
E
E
E
E
E
E
E
E
E
E
E
E
E
E
E
E
E
E
E
E
E
E
E
E
E
E
E
E
E
E
E
E
E
E
E
E
E
E
E
E
E
E
E
E
E
E
E
E
E
E
E
E
E
E
E
E
E
E
E
E
E
E
E
E
E
E
E
E
E
E
E
E
E
E
E
E
E
E
E
E
E
E
E
E
E
E
E
E
E
E
E
E
E
E
E
E
E
E
E
E
E
E
E
E
E
E
E
E
E
E
E
E
E
E
E
E
E
E
E
E
E
E
E
E
E
E
E
E
E
E
E
E
E
E
E
E
E
E
E
E
E
E
E
E
E
E
E
E
E
E
E
E
E
E
E
E
E
E
E
E
E
E
E
E
E
E
E
E
E
E
E
E
E
E
E
E
E
E
E
E
E
E
E
E
E
E
E
E
E
E
E
E
E
E
E
E
E
E
E
E
E
E
E
E
E
E
E
E
E
E
E
E
E
E
E
E
E
E
E
E
E
E
E
E
E
E
E
E
E
E
E
E
E
E
E
E
E
E
E
E
E
E
E
E
E
E
E
E
E
E
E
E
E
E
E
E
E
E
E
E
E
E
E
E
E
E
E
E
E
E
E
E
E
E
E
E
E
E
E
E
E
E
E
E
E
E
E
E
E
E
E
E
E
E
E
E
E
E
E
E
E
E
E
E
E
E
E
E
E
E
E
E
E
E
E
E
E
E
E
E
E
E
E
E
E
E
E
E
E
E
E
E
E
E
E
E
E
E
E
E
E
E
E
E
E
E
E
E
E
E
E
E
E
E
E
E
E
E
E
E
E
E
E
E
E
E
E
E
E
E
E
E
E
E
E
E
E
E
E
E
E
E
E
E
E
E
E
E
E
E
E
E
E
E
E
E
E
E
E
E
E
E
E
E
E
E
E
E
E
E
E
E
E
E
E
E
E
E
E
E
E
E
E
E
E
E
E
E
E
E
E
E
E
E
E
E
E
E
E
E
E
E
E
E
E
E
E
E
E
E
E
E
E
E
E
E
E
E
E
E
E
E
E
E
E
E
E
E
E
E
E
E
E
E
E
E
E
E
E
E
E
E
E
E
E
E
E
E
E
E
E
E
E
E
E
E
E
E
E
E
E
E
E
E
E
E
E
E
E
E
E
E
E
E
E
E
E
E
E
E
E
E
E
E
E
E
E
E
E
E
E
E
E
E
E
E
E
E
E
E
E
E
E
E
E
E
E
E
E
E
E
E
E
E
E
E
E
E
E
E
E
E
E
E
E
E
E
E
E
E
E
E
E
E
E
E
E
E
E
E
E
E
E
E
E
E
E
E
E
E
E
E
E
E
E
E
E
E
E
E
E
E
E
E
E
E
E
E
E
E
E
E
E
E
E
E
E
E
E
E
E
E
E
E
E
E
E
E
E
E
E
E
E
E
E
E
E
E
E
E
E
E
E
E
E
E
E
E
E
E
E
E
E
E
E
E
E
E
E
E
E
E
E
E
E
E
E
E
E
E
E
E
E
E
E
E
E
E
E
E
E
E
E
E
E
E
E
E
E
E
E
E
E
E
E
E
E
E
E
E
E
E
E
E
E
E
E
E
E
E
E
E
E
E
E
E
E
E
E
E
E
E
E
E
E
E
E
E
E
E
E
E
E
E
E
E
E
E
E
E
E
E
E
E
E
E
E
E
E
E
E
E
E
E
E
E
E
E
E
E
E
E
E
E
E
E
E
E
E
E
E
E
E
E
E
E
E
E
E
E
E
E
E
E
E
E
E
E
E
E
E
E
E
E
E
E
E
E
E
E
E
E
E
E
E
E
E
E
E
E
E
E
E
E
E
E
E
E
E
E
E
E
E
E
E
E
E
E
E
E
E
E
E
E
E
E
E
E
E
E
E
E
E
E
E
E
E
E
E
E
E
E
E
E
E
E
E
E
E
E
E
E
E
E
E
E
E
E
E
E
E
E
E
E
E
E
E
E
E
E
E
E
E
E
E
E
E
E
E
E
E
E
E
E
E
E
E
E
E
E
E
E
E
E
E
E
E
E
E
E
E
E
E
E
E
E
E
E
E
E
E
E
E
E
E
E
E
E
E
E
E
E
E
E
E
E
E
E
E
E
E
E
E
E
E
E
E
E
E
E
E
E
E
E
E
E
E
E
E
E
E
E
E
E
E
E
E
E
E
E
E
E
E
E
E
E
E
E
E
E
E
E
E
E
E
E
E
E
E
E
E
E
E
E
E
E
E
E
E
E
E
E
E
E
E
E
E
E
E
E
E
E
E
E
E
E
E
E
E
E
E
E
E
E
E
E
E
E
E
E
E
E
E
E
E
E
E
E
E
E
E
E
E
E
E
E
E
E
E
E
E
E
E
E
E
E
E
E
E
E
E
E
E
E
E
E
E
E
E
E
E
E
E
E
E
E
E
E
E
E
E
E
E
E
E
E
E
E
E
E
E
E
E
E
E
E
E
E
E
E
E
E
E
E
E
E
E
E
E
E
E
E
E
E
E
E
E
E
E
E
E
E
E
E
E
E
E
E
E
E
E
E
E
E
E
E
E
E
E
E
E
E
E
E
E
E
E
E
E
E
E
E
E
E
E
E
E
E
E
E
E
E
E
E
E
E
E
E
E
E
E
E
E
E
E
E
E
E
E
E
E
E
E
E
E
E
E
E
E
E
E
E
E
E
E
E
E
E
E
E
E
E
E
E
E
E
E
E
E
E
E
E
E
E
E
E
E
E
E
E
E
E
E
E
E
E
E
E
E
E
E
E
E
E
E
E
E
E
E
E
E
E
E
E
E
E
E
E
E
E
E
E
E
E
E
E
E
E
E
E
E
E
E
E
E
E
E
E
E
E
E
E
E
E
E
E
E
E
E
E
E
E
E
E
E
E
E
E
E
E
E
E
E
E
E
E
E
E
E
E
E
E
E
E
E
E
E
E
E
E
E
E
E
E
E
E
E
E
E
E
E
E
E
E
E
E
E
E
E
E
E
E
E
E
E
E
E
E
E
E
E
E
E
E
E
E
E
E
E
E
E
E
E
E
E
E
E
E
E
E
E
E
E
E
E
E
E
E
E
E
E
E
E
E
E
E
E
E
E
E
E
E
E
E
E
E
E
E
E
E
E
E
E
E
E
E
E
E
E
E
E
E
E
E
E
E
E
E
E
E
E
E
E
E
E
E
E
E
E
E
E
E
E
E
E
E
E
E
E
E
E
E
E
E
E
E
E
E
E
E
E
E
E
E
E
E
E
E
E
E
E
E
E
E
E
E
E
E
E
E
E
E
E
E
E
E
E
E
E
E
E
E
E
E
E
E
E
E
E
E
E
E
E
E
E
E
E
E
E
E
E
E
E
E
E
E
E
E
E
E
E
E
E
E
E
E
E
E
E
E
E
E
E
E
E
E
E
E
E
E
E
E
E
E
E
E
E
E
E
E
E
E
E
E
E
E
E
E
E
E
E
E
E
E
E
E
E
E
E
E
E
E
E
E
E
E
E
E
E
E
E
E
E
E
E
E
E
E
E
E
E
E
E
E
E
E
E
E
E
E
E
E
E
E
E
E
E
E
E
E
E
E
E
E
E
E
E
E
E
E
E
E
E
E
E
E
E
E
E
E
E
E
E
E
E
E
E
E
E
E
E
E
E
E
E
E
E
E
E
E
E
E
E
E
E
E
E
E
E
E
E
E
E
E
E
E
E
E
E
E
E
E
E
E
E
E
E
E
E
E
E
E
E
E
E
E
E
E
E
E
E
E
E
E
E
E
E
E
E
E
E
E
E
E
E
E
E
E
E
E
E
E
E
E
E
E
E
E
E
E
E
E
E
E
E
E
E
E
E
E
E
E
E
E
E
E
E
E
E
E
E
E
E
E
E
E
E
E
E
E
E
E
E
E
E
E
E
E
E
E
E
E
E
E
E
E
E
E
E
E
E
E
E
E
E
E
E
E
E
E
E
E
E
E
E
E
E
E
E
E
E
E
E
E
E
E
E
E
E
E
E
E
E
E
E
E
E
E
E
E
E
E
E
E
E
E
E
E
E
E
E
E
E
E
E
E
E
E
E
E
E
E
E
E
E
E
E
E
E
E
E
E
E
E
E
E
E
E
E
E
E
E
E
E
E
E
E
E
E
E
E
E
E
E
E
E
E
E
E
E
E
E
E
E
E
E
E
E
E
E
E
E
E
E
E
E
E
E
E
E
E
E
E
E
E
E
E
E
E
E
E
E
E
E
E
E
E
E
E
E
E
E
E
E
E
E
E
E
E
E
E
E
E
E
E
E
E
E
E
E
E
E
E
E
E
E
E
E
E
E
E
E
E
E
E
E
E
E
E
E
E
E
E
E
E
E
E
E
E
E
E
E
E
E
E
E
E
E
E
E
E
E
E
E
E
E
E
E
E
E
E
E
E
E
E
E
E
E
E
E
E
E
E
E
E
E
E
E
E
E
E
E
E
E
E
E
E
E
E
E
E
E
E
E
E
E
E
E
E
E
E
E
E
E
E
E
E
E
E
E
E
E
E
E
E
E
E
E
E
E
E
E
E
E
E
E
E
E
E
E
E
E
E
E
E
E
E
E
E
E
E
E
E
E
E
E
E
E
E
E
E
E
E
E
E
E
E
E
E
E
E
E
E
E
E
E
E
E
E
E
E
E
E
E
E
E
E
E
E
E
E
E
E
E
E
E
E
E
E
E
E
E
E
E
E
E
E
E
E
E
E
E
E
E
E
E
E
E
E
E
E
E
E
E
E
E
E
E
E
E
E
E
E
E
E
E
E
E
E
E
E
E
E
E
E
E
E
E
E
E
E
E
E
E
E
E
E
E
E
E
E
E
E
E
E
E
E
E
E
E
E
E
E
E
E
E
E
E
E
E
E
E
E
E
E
E
E
E
E
E
E
E
E
E
E
E
E
E
E
E
E
E
E
E
E
E
E
E
E
E
E
E
E
E
E
E
E
E
E
E
E
E
E
E
E
E
E
E
E
E
E
E
E
E
E
E
E
E
E
E
E
E
E
E
E
E
E
E
E
E
E
E
E
E
E
E
E
E
E
E
E
E
E
E
E
E
E
E
E
E
E
E
E
E
E
E
E
E
E
E
E
E
E
E
E
E
E
E
E
E
E
E
E
E
E
E
E
E
E
E
E
E
E
E
E
E
E
E
E
E
E
E
E
E
E
E
E
E
E
E
E
E
E
E
E
E
E
E
E
E
E
E
E
E
E
E
E
E
E
E
E
E
E
E
E
E
E
E
E
E
E
E
E
E
E
E
E
E
E
E
E
E
E
E
E
E
E
E
E
E
E
E
E
E
E
E
E
E
E
E
E
E
E
E
E
E
E
E
E
E
E
E
E
E
E
E
E
E
E
E
E
E
E
E
E
E
E
E
E
E
E
E
E
E
E
E
E
E
E
E
E
E
E
E
E
E
E
E
E
E
E
E
E
E
E
E
E
E
E
E
E
E
E
E
E
E
E
E
E
E
E
E
E
E
E
E
E
E
E
E
E
E
E
E
E
E
E
E
E
E
E
E
E
E
E
E
E
E
E
E
E
E
E
E
E
E
E
E
E
E
E
E
E
E
E
E
E
E
E
E
E
E
E
E
E
E
E
E
E
E
E
E
E
E
E
E
E
E
E
E
E
E
E
E
E
E
E
E
E
E
E
E
E
E
E
E
E
E
E
E
E
E
E
E
E
E
E
E
E
E
E
E
E
E
E
E
E
E
E
E
E
E
E
E
E
E
E
E
E
E
E
E
E
E
E
E
E
E
E
E
E
E
E
E
E
E
E
E
E
E
E
E
E
E
E
E
E
E
E
E
E
E
E
E
E
E
E
E
E
E
E
E
E
E
E
E
E
E
E
E
E
E
E
E
E
E
E
E
E
E
E
E
E
E
E
E
E
E
E
E
E
E
E
E
E
E
E
E
E
E
E
E
E
E
E
E
E
E
E
E
E
E
E
E
E
E
E
E
E
E
E
E
E
E
E
E
E
E
E
E
E
E
E
E
E
E
E
E
E
E
E
E
E
E
E
E
E
E
E
E
E
E
E
E
E
E
E
E
E
E
E
E
E
E
E
E
E
E
E
E
E
E
E
E
E
E
E
E
E
E
E
E
E
E
E
E
E
E
E
E
E
E
E
E
E
E
E
E
E
E
E
E
E
E
E
E
E
E
E
E
E
E
E
E
E
E
E
E
E
E
E
E
E
E
E
E
E
E
E
E
E
E
E
E
E
E
E
E
E
E
E
E
E
E
E
E
E
E
E
E
E
E
E
E
E
E
E
E
E
E
E
E
E
E
E
E
E
E
E
E
E
E
E
E
E
E
E
E
E
E
E
E
E
E
E
E
E
E
E
E
E
E
E
E
E
E
E
E
E
E
E
E
E
E
E
E
E
E
E
E
E
E
E
E
E
E
E
E
E
E
E
E
E
E
E
E
E
E
E
E
E
E
E
E
E
E
E
E
E
E
E
E
E
E
E
E
E
E
E
E
E
E
E
E
E
E
E
E
E
E
E
E
E
E
E
E
E
E
E
E
E
E
E
E
E
E
E
E
E
E
E
E
E
E
E
E
E
E
E
E
E
E
E
E
E
E
E
E
E
E
E
E
E
E
E
E
E
E
E
E
E
E
E
E
E
E
E
E
E
E
E
E
E
E
E
E
E
E
E
E
E
E
E
E
E
E
E
E
E
E
E
E
E
E
E
E
E
E
E
E
E
E
E
E
E
E
E
E
E
E
E
E
E
E
E
E
E
E
E
E
E
E
E
E
E
E
E
E
E
E
E
E
E
E
E
E
E
E
E
E
E
E
E
E
E
E
E
E
E
E
E
E
E
E
E
E
E
E
E
E
E
E
E
E
E
E
E
E
E
E
E
E
E
E
E
E
E
E
E
E
E
E
E
E
E
E
E
E
E
E
E
E
E
E
E
E
E
E
E
E
E
E
E
E
E
E
E
E
E
E
E
E
E
E
E
E
E
E
E
E
E
E
E
E
E
E
E
E
E
E
E
E
E
E
E
E
E
E
E
E
E
E
E
E
E
E
E
E
E
E
E
E
E
E
E
E
E
E
E
E
E
E
E
E
E
E
E
E
E
E
E
E
E
E
E
E
E
E
E
E
E
E
E
E
E
E
E
E
E
E
E
E
E
E
E
E
E
E
E
E
E
E
E
E
E
E
E
E
E
E
E
E
E
E
E
E
E
E
E
E
E
E
E
E
E
E
E
E
E
E
E
E
E
E
E
E
E
E
E
E
E
E
E
E
E
E
E
E
E
E
E
E
E
E
E
E
E
E
E
E
E
E
E
E
E
E
E
E
E
E
E
E
E
E
E
E
E
E
E
E
E
E
E
E
E
E
E
E
E
E
E
E
E
E
E
E
E
E
E
E
E
E
E
E
E
E
E
E
E
E
E
E
E
E
E
E
E
E
E
E
E
E
E
E
E
E
E
E
E
E
E
E
E
E
E
E
E
E
E
E
E
E
E
E
E
E
E
E
E
E
E
E
E
E
E
E
E
E
E
E
E
E
E
E
E
E
E
E
E
E
E
E
E
E
E
E
E
E
E
E
E
E
E
E
E
E
E
E
E
E
E
E
E
E
E
E
E
E
E
E
E
E
E
E
E
E
E
E
E
E
E
E
E
E
E
E
E
E
E
E
E
E
E
E
E
E
E
E
E
E
E
E
E
E
E
E
E
E
E
E
E
E
E
E
E
E
E
E
E
E
E
E
E
E
E
E
E
E
E
E
E
E
E
E
E
E
E
E
E
E
E
E
E
E
E
E
E
E
E
E
E
E
E
E
E
E
E
E
E
E
E
E
E
E
E
E
E
E
E
E
E
E
E
E
E
E
E
E
E
E
E
E
E
E
E
E
E
E
E
E
E
E
E
E
E
E
E
E
E
E
E
E
E
E
E
E
E
E
E
E
E
E
E
E
E
E
E
E
E
E
E
E
E
E
E
E
E
E
E
E
E
E
E
E
E
E
E
E
E
E
E
E
E
E
E
E
E
E
E
E
E
E
E
E
E
E
E
E
E
E
E
E
E
E
E
E
E
E
E
E
E
E
E
E
E
E
E
E
E
E
E
E
E
E
E
E
E
E
E
E
E
E
E
E
E
E
E
E
E
E
E
E
E
E
E
E
E
E
E
E
E
E
E
E
E
E
E
E
E
E
E
E
E
E
E
E
E
E
E
E
E
E
E
E
E
E
E
E
E
E
E
E
E
E
E
E
E
E
E
E
E
E
E
E
E
E
E
E
E
E
E
E
E
E
E
E
E
E
E
E
E
E
E
E
E
E
E
E
E
E
E
E
E
E
E
E
E
E
E
E
E
E
E
E
E
E
E
E
E
E
E
E
E
E
E
E
E
E
E
E
E
E
E
E
E
E
E
E
E
E
E
E
E
E
E
E
E
E
E
E
E
E
E
E
E
E
E
E
E
E
E
E
E
E
E
E
E
E
E
E
E
E
E
E
E
E
E
E
E
E
E
E
E
E
E
E
E
E
E
E
E
E
E
E
E
E
E
E
E
E
E
E
E
E
E
E
E
E
E
E
E
E
E
E
E
E
E
E
E
E
E
E
E
E
E
E
E
E
E
E
E
E
E
E
E
E
E
E
E
E
E
E
E
E
E
E
E
E
E
E
E
E
E
E
E
E
E
E
E
E
E
E
E
E
E
E
E
E
E
E
E
E
E
E
E
E
E
E
E
E
E
E
E
E
E
E
E
E
E
E
E
E
E
E
E
E
E
E
E
E
E
E
E
E
E
E
E
E
E
E
E
E
E
E
E
E
E
E
E
E
E
E
E
E
E
E
E
E
E
E
E
E
E
E
E
E
E
E
E
E
E
E
E
E
E
E
E
E
E
E
E
E
E
E
E
E
E
E
E
E
E
E
E
E
E
E
E
E
E
E
E
E
E
E
E
E
E
E
E
E
E
E
E
E
E
E
E
E
E
E
E
E
E
E
E
E
E
E
E
E
E
E
E
E
E
E
E
E
E
E
E
E
E
E
E
E
E
E
E
E
E
E
E
E
E
E
E
E
E
E
E
E
E
E
E
E
E
E
E
E
E
E
E
E
E
E
E
E
E
E
E
E
E
E
E
E
E
E
E
E
E
E
E
E
E
E
E
E
E
E
E
E
E
E
E
E
E
E
E
E
E
E
E
E
E
E
E
E
E
E
E
E
E
E
E
E
E
E
E
E
E
E
E
E
E
E
E
E
E
E
E
E
E
E
E
E
E
E
E
E
E
E
E
E
E
E
E
E
E
E
E
E
E
E
E
E
E
E
E
E
E
E
E
E
E
E
E
E
E
E
E
E
E
E
E
E
E
E
E
E
E
E
E
E
E
E
E
E
E
E
E
E
E
E
E
E
E
E
E
E
E
E
E
E
E
E
E
E
E
E
E
E
E
E
E
E
E
E
E
E
E
E
E
E
E
E
E
E
E
E
E
E
E
E
E
E
E
E
E
E
E
E
E
E
E
E
E
E
E
E
E
E
E
E
E
E
E
E
E
E
E
E
E
E
E
E
E
E
E
E
E
E
E
E
E
E
E
E
E
E
E
E
E
E
E
E
E
E
E
E
E
E
E
E
E
E
E
E
E
E
E
E
E
E
E
E
E
E
E
E
E
E
E
E
E
E
E
E
E
E
E
E
E
E
E
E
E
E
E
E
E
E
E
E
E
E
E
E
E
E
E
E
E
E
E
E
E
E
E
E
E
E
E
E
E
E
E
E
E
E
E
E
E
E
E
E
E
E
E
E
E
E
E
E
E
E
E
E
E
E
E
E
E
E
E
E
E
E
E
E
E
E
E
E
E
E
E
E
E
E
E
E
E
E
E
E
E
E
E
E
E
E
E
E
E
E
E
E
E
E
E
E
E
E
E
E
E
E
E
E
E
E
E
E
E
E
E
E
E
E
E
E
E
E
E
E
E
E
E
E
E
E
E
E
E
E
E
E
E
E
E
E
E
E
E
E
E
E
E
E
E
E
E
E
E
E
E
E
E
E
E
E
E
E
E
E
E
E
E
E
E
E
E
E
E
E
E
E
E
E
E
E
E
E
E
E
E
E
E
E
E
E
E
E
E
E
E
E
E
E
E
E
E
E
E
E
E
E
E
E
E
E
E
E
E
E
E
E
E
E
E
E
E
E
E
E
E
E
E
E
E
E
E
E
E
E
E
E
E
E
E
E
E
E
E
E
E
E
E
E
E
E
E
E
E
E
E
E
E
E
E
E
E
E
E
E
E
E
E
E
E
E
E
E
E
E
E
E
E
E
E
E
E
E
E
E
E
E
E
E
E
E
E
E
E
E
E
E
E
E
E
E
E
E
E
E
E
E
E
E
E
E
E
E
E
E
E
E
E
E
E
E
E
E
E
E
E
E
E
E
E
E
E
E
E
E
E
E
E
E
E
E
E
E
E
E
E
E
E
E
E
E
E
E
E
E
E
E
E
E
E
E
E
E
E
E
E
E
E
E
E
E
E
E
E
E
E
E
E
E
E
E
E
E
E
E
E
E
E
E
E
E
E
E
E
E
E
E
E
E
E
E
E
E
E
E
E
E
E
E
E
E
E
E
E
E
E
E
E
E
E
E
E
E
E
E
E
E
E
E
E
E
E
E
E
E
E
E
E
E
E
E
E
E
E
E
E
E
E
E
E
E
E
E
E
E
E
E
E
E
E
E
E
E
E
E
E
E
E
E
E
E
E
E
E
E
E
E
E
E
E
E
E
E
E
E
E
E
E
E
E
E
E
E
E
E
E
E
E
E
E
E
E
E
E
E
E
E
E
E
E
E
E
E
E
E
E
E
E
E
E
E
E
E
E
E
E
E
E
E
E
E
E
E
E
E
E
E
E
E
E
E
E
E
E
E
E
E
E
E
E
E
E
E
E
E
E
E
E
E
E
E
E
E
E
E
E
E
E
E
E
E
E
E
E
E
E
E
E
E
E
E
E
E
E
E
E
E
E
E
E
E
E
E
E
E
E
E
E
E
E
E
E
E
E
E
E
E
E
E
E
E
E
E
E
E
E
E
E
E
E
E
E
E
E
E
E
E
E
E
E
E
E
E
E
E
E
E
E
E
E
E
E
E
E
E
E
E
E
E
E
E
E
E
E
E
E
E
E
E
E
E
E
E
E
E
E
E
E
E
E
E
E
E
E
E
E
E
E
E
E
E
E
E
E
E
E
E
E
E
E
E
E
E
E
E
E
E
E
E
E
E
E
E
E
E
E
E
E
E
E
E
E
E
E
E
E
E
E
E
E
E
E
E
E
E
E
E
E
E
E
E
E
E
E
E
E
E
E
E
E
E
E
E
E
E
E
E
E
E
E
E
E
E
E
E
E
E
E
E
E
E
E
E
E
E
E
E
E
E
E
E
E
E
E
E
E
E
E
E
E
E
E
E
E
E
E
E
E
E
E
E
E
E
E
E
E
E
E
E
E
E
E
E
E
E
E
E
E
E
E
E
E
E
E
E
E
E
E
E
E
E
E
E
E
E
E
E
E
E
E
E
E
E
E
E
E
E
E
E
E
E
E
E
E
E
E
E
E
E
E
E
E
E
E
E
E
E
E
E
E
E
E
E
E
E
E
E
E
E
E
E
E
E
E
E
E
E
E
E
E
E
E
E
E
E
E
E
E
E
E
E
E
E
E
E
E
E
E
E
E
E
E
E
E
E
E
E
E
E
E
E
E
E
E
E
E
E
E
E
E
E
E
E
E
E
E
E
E
E
E
E
E
E
E
E
E
E
E
E
E
E
E
E
E
E
E
E
E
E
E
E
E
E
E
E
E
E
E
E
E
E
E
E
E
E
E
E
E
E
E
E
E
E
E
E
E
E
E
E
E
E
E
E
E
E
E
E
E
E
E
E
E
E
E
E
E
E
E
E
E
E
E
E
E
E
E
E
E
E
E
E
E
E
E
E
E
E
E
E
E
E
E
E
E
E
E
E
E
E
E
E
E
E
E
E
E
E
E
E
E
E
E
E
E
E
E
E
E
E
E
E
E
E
E
E
E
E
E
E
E
E
E
E
E
E
E
E
E
E
E
E
E
E
E
E
E
E
E
E
E
E
E
E
E
E
E
E
E
E
E
E
E
E
E
E
E
E
E
E
E
E
E
E
E
E
E
E
E
E
E
E
E
E
E
E
E
E
E
E
E
E
E
E
E
E
E
E
E
E
E
E
E
E
E
E
E
E
E
E
E
E
E
E
E
E
E
E
E
E
E
E
E
E
E
E
E
E
E
E
E
E
E
E
E
E
E
E
E
E
E
E
E
E
E
E
E
E
E
E
E
E
E
E
E
E
E
E
E
E
E
E
E
E
E
E
E
E
E
E
E
E
E
E
E
E
E
E
E
E
E
E
E
E
E
E
E
E
E
E
E
E
E
E
E
E
E
E
E
E
E
E
E
E
E
E
E
E
E
E
E
E
E
E
E
E
E
E
E
E
E
E
E
E
E
E
E
E
E
E
E
E
E
E
E
E
E
E
E
E
E
E
E
E
E
E
E
E
E
E
E
E
E
E
E
E
E
E
E
E
E
E
E
E
E
E
E
E
E
E
E
E
E
E
E
E
E
E
E
E
E
E
E
E
E
E
E
E
E
E
E
E
E
E
E
E
E
E
E
E
E
E
E
E
E
E
E
E
E
E
E
E
E
E
E
E
E
E
E
E
E
E
E
E
E
E
E
E
E
E
E
E
E
E
E
E
E
E
E
E
E
E
E
E
E
E
E
E
E
E
E
E
E
E
E
E
E
E
E
E
E
E
E
E
E
E
E
E
E
E
E
E
E
E
E
E
E
E
E
E
E
E
E
E
E
E
E
E
E
E
E
E
E
E
E
E
E
E
E
E
E
E
E
E
E
E
E
E
E
E
E
E
E
E
E
E
E
E
E
E
E
E
E
E
E
E
E
E
E
E
E
E
E
E
E
E
E
E
E
E
E
E
E
E
E
E
E
E
E
E
E
E
E
E
E
E
E
E
E
E
E
E
E
E
E
E
E
E
E
E
E
E
E
E
E
E
E
E
E
E
E
E
E
E
E
E
E
E
E
E
E
E
E
E
E
E
E
E
E
E
E
E
E
E
E
E
E
E
E
E
E
E
E
E
E
E
E
E
E
E
E
E
E
E
E
E
E
E
E
E
E
E
E
E
E
E
E
E
E
E
E
E
E
E
E
E
E
E
E
E
E
E
E
E
E
E
E
E
E
E
E
E
E
E
E
E
E
E
E
E
E
E
E
E
E
E
E
E
E
E
E
E
E
E
E
E
E
E
E
E
E
E
E
E
E
E
E
E
E
E
E
E
E
E
E
E
E
E
E
E
E
E
E
E
E
E
E
E
E
E
E
E
E
E
E
E
E
E
E
E
E
E
E
E
E
E
E
E
E
E
E
E
E
E
E
E
E
E
E
E
E
E
E
E
E
E
E
E
E
E
E
E
E
E
E
E
E
E
E
E
E
E
E
E
E
E
E
E
E
E
E
E
E
E
E
E
E
E
E
E
E
E
E
E
E
E
E
E
E
E
E
E
E
E
E
E
E
E
E
E
E
E
E
E
E
E
E
E
E
E
E
E
E
E
E
E
E
E
E
E
E
E
E
E
E
E
E
E
E
E
E
E
E
E
E
E
E
E
E
E
E
E
E
E
E
E
E
E
E
E
E
E
E
E
E
E
E
E
E
E
E
E
E
E
E
E
E
E
E
E
E
E
E
E
E
E
E
E
E
E
E
E
E
E
E
E
E
E
E
E
E
E
E
E
E
E
E
E
E
E
E
E
E
E
E
E
E
E
E
E
E
E
E
E
E
E
E
E
E
E
E
E
E
E
E
E
E
E
E
E
E
E
E
E
E
E
E
E
E
E
E
E
E
E
E
E
E
E
E
E
E
E
E
E
E
E
E
E
E
E
E
E
E
E
E
E
E
E
E
E
E
E
E
E
E
E
E
E
E
E
E
E
E
E
E
E
E
E
E
E
E
E
E
E
E
E
E
E
E
E
E
E
E
E
E
E
E
E
E
E
E
E
E
E
E
E
E
E
E
E
E
E
E
E
E
E
E
E
E
E
E
E
E
E
E
E
E
E
E
E
E
E
E
E
E
E
E
E
E
E
E
E
E
E
E
E
E
E
E
E
E
E
E
E
E
E
E
E
E
E
E
E
E
E
E
E
E
E
E
E
E
E
E
E
E
E
E
E
E
E
E
E
E
E
E
E
E
E
E
E
E
E
E
E
E
E
E
E
E
E
E
E
E
E
E
E
E
E
E
E
E
E
E
E
E
E
E
E
E
E
E
E
E
E
E
E
E
E
E
E
E
E
E
E
E
E
E
E
E
E
E
E
E
E
E
E
E
E
E
E
E
E
E
E
E
E
E
E
E
E
E
E
E
E
E
E
E
E
E
E
E
E
E
E
E
E
E
E
E
E
E
E
E
E
E
E
E
E
E
E
E
E
E
E
E
E
E
E
E
E
E
E
E
E
E
E
E
E
E
E
E
E
E
E
E
E
E
E
E
E
E
E
E
E
E
E
E
E
E
E
E
E
E
E
E
E
E
E
E
E
E
E
E
E
E
E
E
E
E
E
E
E
E
E
E
E
E
E
E
E
E
E
E
E
E
E
E
E
E
E
E
E
E
E
E
E
E
E
E
E
E
E
E
E
E
E
E
E
E
E
E
E
E
E
E
E
E
E
E
E
E
E
E
E
E
E
E
E
E
E
E
E
E
E
E
E
E
E
E
E
E
E
E
E
E
E
E
E
E
E
E
E
E
E
E
E
E
E
E
E
E
E
E
E
E
E
E
E
E
E
E
E
E
E
E
E
E
E
E
E
E
E
E
E
E
E
E
E
E
E
E
E
E
E
E
E
E
E
E
E
E
E
E
E
E
E
E
E
E
E
E
E
E
E
E
E
E
E
E
E
E
E
E
E
E
E
E
E
E
E
E
E
E
E
E
E
E
E
E
E
E
E
E
E
E
E
E
E
E
E
E
E
E
E
E
E
E
E
E
E
E
E
E
E
E
E
E
E
E
E
E
E
E
E
E
E
E
E
E
E
E
E
E
E
E
E
E
E
E
E
E
E
E
E
E
E
E
E
E
E
E
E
E
E
E
E
E
E
E
E
E
E
E
E
E
E
E
E
E
E
E
E
E
E
E
E
E
E
E
E
E
E
E
E
E
E
E
E
E
E
E
E
E
E
E
E
E
E
E
E
E
E
E
E
E
E
E
E
E
E
E
E
E
E
E
E
E
E
E
E
E
E
E
E
E
E
E
E
E
E
E
E
E
E
E
E
E
E
E
E
E
E
E
E
E
E
E
E
E
E
E
E
E
E
E
E
E
E
E
E
E
E
E
E
E
E
E
E
E
E
E
E
E
E
E
E
E
E
E
E
E
E
E
E
E
E
E
E
E
E
E
E
E
E
E
E
E
E
E
E
E
E
E
E
E
E
E
E
E
E
E
E
E
E
E
E
E
E
E
E
E
E
E
E
E
E
E
E
E
E
E
E
E
E
E
E
E
E
E
E
E
E
E
E
E
E
E
E
E
E
E
E
E
E
E
E
E
E
E
E
E
E
E
E
E
E
E
E
E
E
E
E
E
E
E
E
E
E
E
E
E
E
E
E
E
E
E
E
E
E
E
E
E
E
E
E
E
E
E
E
E
E
E
E
E
E
E
E
E
E
E
E
E
E
E
E
E
E
E
E
E
E
E
E
E
E
E
E
E
E
E
E
E
E
E
E
E
E
E
E
E
E
E
E
E
E
E
E
E
E
E
E
E
E
E
E
E
E
E
E
E
E
E
E
E
E
E
E
E
E
E
E
E
E
E
E
E
E
E
E
E
E
E
E
E
E
E
E
E
E
E
E
E
E
E
E
E
E
E
E
E
E
E
E
E
E
E
E
E
E
E
E
E
E
E
E
E
E
E
E
E
E
E
E
E
E
E
E
E
E
E
E
E
E
E
E
E
E
E
E
E
E
E
E
E
E
E
E
E
E
E
E
E
E
E
E
E
E
E
E
E
E
E
E
E
E
E
E
E
E
E
E
E
E
E
E
E
E
E
E
E
E
E
E
E
E
E
E
E
E
E
E
E
E
E
E
E
E
E
E
E
E
E
E
E
E
E
E
E
E
E
E
E
E
E
E
E
E
E
E
E
E
E
E
E
E
E
E
E
E
E
E
E
E
E
E
E
E
E
E
E
E
E
E
E
E
E
E
E
E
E
E
E
E
E
E
E
E
E
E
E
E
E
E
E
E
E
E
E
E
E
E
E
E
E
E
E
E
E
E
E
E
E
E
E
E
E
E
E
E
E
E
E
E
E
E
E
E
E
E
E
E
E
E
E
E
E
E
E
E
E
E
E
E
E
E
E
E
E
E
E
E
E
E
E
E
E
E
E
E
E
E
E
E
E
E
E
E
E
E
E
E
E
E
E
E
E
E
E
E
E
E
E
E
E
E
E
E
E
E
E
E
E
E
E
E
E
E
E
E
E
E
E
E
E
E
E
E
E
E
E
E
E
E
E
E
E
E
E
E
E
E
E
E
E
E
E
E
E
E
E
E
E
E
E
E
E
E
E
E
E
E
E
E
E
E
E
E
E
E
E
E
E
E
E
E
E
E
E
E
E
E
E
E
E
E
E
E
E
E
E
E
E
E
E
E
E
E
E
E
E
E
E
E
E
E
E
E
E
E
E
E
E
E
E
E
E
E
E
E
E
E
E
E
E
E
E
E
E
E
E
E
E
E
E
E
E
E
E
E
E
E
E
E
E
E
E
E
E
E
E
E
E
E
E
E
E
E
E
E
E
E
E
E
E
E
E
E
E
E
E
E
E
E
E
E
E
E
E
E
E
E
E
E
E
E
E
E
E
E
E
E
E
E
E
E
E
E
E
E
E
E
E
E
E
E
E
E
E
E
E
E
E
E
E
E
E
E
E
E
E
E
E
E
E
E
E
E
E
E
E
E
E
E
E
E
E
E
E
E
E
E
E
E
E
E
E
E
E
E
E
E
E
E
E
E
E
E
E
E
E
E
E
E
E
E
E
E
E
E
E
E
E
E
E
E
E
E
E
E
E
E
E
E
E
E
E
E
E
E
E
E
E
E
E
E
E
E
E
E
E
E
E
E
E
E
E
E
E
E
E
E
E
E
E
E
E
E
E
E
E
E
E
E
E
E
E
E
E
E
E
E
E
E
E
E
E
E
E
E
E
E
E
E
E
E
E
E
E
E
E
E
E
E
E
E
E
E
E
E
E
E
E
E
E
E
E
E
E
E
E
E
E
E
E
E
E
E
E
E
E
E
E
E
E
E
E
E
E
E
E
E
E
E
E
E
E
E
E
E
E
E
E
E
E
E
E
E
E
E
E
E
E
E
E
E
E
E
E
E
E
E
E
E
E
E
E
E
E
E
E
E
E
E
E
E
E
E
E
E
E
E
E
E
E
E
E
E
E
E
E
E
E
E
E
E
E
E
E
E
E
E
E
E
E
E
E
E
E
E
E
E
E
E
E
E
E
E
E
E
E
E
E
E
E
E
E
E
E
E
E
E
E
E
E
E
E
E
E
E
E
E
E
E
E
E
E
E
E
E
E
E
E
E
E
E
E
E
E
E
E
E
E
E
E
E
E
E
E
E
E
E
E
E
E
E
E
E
E
E
E
E
E
E
E
E
E
E
E
E
E
E
E
E
E
E
E
E
E
E
E
E
E
E
E
E
E
E
E
E
E
E
E
E
E
E
E
E
E
E
E
E
E
E
E
E
E
E
E
E
E
E
E
E
E
E
E
E
E
E
E
E
E
E
E
E
E
E
E
E
E
E
E
E
E
E
E
E
E
E
E
E
E
E
E
E
E
E
E
E
E
E
E
E
E
E
E
E
E
E
E
E
E
E
E
E
E
E
E
E
E
E
E
E
E
E
E
E
E
E
E
E
E
E
E
E
E
E
E
E
E
E
E
E
E
E
E
E
E
E
E
E
E
E
E
E
E
E
E
E
E
E
E
E
E
E
E
E
E
E
E
E
E
E
E
E
E
E
E
E
E
E
E
E
E
E
E
E
E
E
E
E
E
E
E
E
E
E
E
E
E
E
E
E
E
E
E
E
E
E
E
E
E
E
E
E
E
E
E
E
E
E
E
E
E
E
E
E
E
E
E
E
E
E
E
E
E
E
E
E
E
E
E
E
E
E
E
E
E
E
E
E
E
E
E
E
E
E
E
E
E
E
E
E
E
E
E
E
E
E
E
E
E
E
E
E
E
E
E
E
E
E
E
E
E
E
E
E
E
E
E
E
E
E
E
E
E
E
E
E
E
E
E
E
E
E
E
E
E
E
E
E
E
E
E
E
E
E
E
E
E
E
E
E
E
E
E
E
E
E
E
E
E
E
E
E
E
E
E
E
E
E
E
E
E
E
E
E
E
E
E
E
E
E
E
E
E
E
E
E
E
E
E
E
E
E
E
E
E
E
E
E
E
E
E
E
E
E
E
E
E
E
E
E
E
E
E
E
E
E
E
E
E
E
E
E
E
E
E
E
E
E
E
E
E
E
E
E
E
E
E
E
E
E
E
E
E
E
E
E
E
E
E
E
E
E
E
E
E
E
E
E
E
E
E
E
E
E
E
E
E
E
E
E
E
E
E
E
E
E
E
E
E
E
E
E
E
E
E
E
E
E
E
E
E
E
E
E
E
E
E
E
E
E
E
E
E
E
E
E
E
E
E
E
E
E
E
E
E
E
E
E
E
E
E
E
E
E
E
E
E
E
E
E
E
E
E
E
E
E
E
E
E
E
E
E
E
E
E
E
E
E
E
E
E
E
E
E
E
E
E
E
E
E
E
E
E
E
E
E
E
E
E
E
E
E
E
E
E
E
E
E
E
E
E
E
E
E
E
E
E
E
E
E
E
E
E
E
E
E
E
E
E
E
E
E
E
E
E
E
E
E
E
E
E
E
E
E
E
E
E
E
E
E
E
E
E
E
E
E
E
E
E
E
E
E
E
E
E
E
E
E
E
E
E
E
E
E
E
E
E
E
E
E
E
E
E
E
E
E
E
E
E
E
E
E
E
E
E
E
E
E
E
E
E
E
E
E
E
E
E
E
E
E
E
E
E
E
E
E
E
E
E
E
E
E
E
E
E
E
E
E
E
E
E
E
E
E
E
E
E
E
E
E
E
E
E
E
E
E
E
E
E
E
E
E
E
E
E
E
E
E
E
E
E
E
E
E
E
E
E
E
E
E
E
E
E
E
E
E
E
E
E
E
E
E
E
E
E
E
E
E
E
E
E
E
E
E
E
E
E
E
E
E
E
E
E
E
E
E
E
E
E
E
E
E
E
E
E
E
E
E
E
E
E
E
E
E
E
E
E
E
E
E
E
E
E
E
E
E
E
E
E
E
E
E
E
E
E
E
E
E
E
E
E
E
E
E
E
E
E
E
E
E
E
E
E
E
E
E
E
E
E
E
E
E
E
E
E
E
E
E
E
E
E
E
E
E
E
E
E
E
E
E
E
E
E
E
E
E
E
E
E
E
E
E
E
E
E
E
E
E
E
E
E
E
E
E
E
E
E
E
E
E
E
E
E
E
E
E
E
E
E
E
E
E
E
E
E
E
E
E
E
E
E
E
E
E
E
E
E
E
E
E
E
E
E
E
E
E
E
E
E
E
E
E
E
E
E
E
E
E
E
E
E
E
E
E
E
E
E
E
E
E
E
E
E
E
E
E
E
E
E
E
E
E
E
E
E
E
E
E
E
E
E
E
E
E
E
E
E
E
E
E
E
E
E
E
E
E
E
E
E
E
E
E
E
E
E
E
E
E
E
E
E
E
E
E
E
E
E
E
E
E
E
E
E
E
E
E
E
E
E
E
E
E
E
E
E
E
E
E
E
E
E
E
E
E
E
E
E
E
E
E
E
E
E
E
E
E
E
E
E
E
E
E
E
E
E
E
E
E
E
E
E
E
E
E
E
E
E
E
E
E
E
E
E
E
E
E
E
E
E
E
E
E
E
E
E
E
E
E
E
E
E
E
E
E
E
E
E
E
E
E
E
E
E
E
E
E
E
E
E
E
E
E
E
E
E
E
E
E
E
E
E
E
E
E
E
E
E
E
E
E
E
E
E
E
E
E
E
E
E
E
E
E
E
E
E
E
E
E
E
E
E
E
E
E
E
E
E
E
E
E
E
E
E
E
E
E
E
E
E
E
E
E
E
E
E
E
E
E
E
E
E
E
E
E
E
E
E
E
E
E
E
E
E
E
E
E
E
E
E
E
E
E
E
E
E
E
E
E
E
E
E
E
E
E
E
E
E
E
E
E
E
E
E
E
E
E
E
E
E
E
E
E
E
E
E
E
E
E
E
E
E
E
E
E
E
E
E
E
E
E
E
E
E
E
E
E
E
E
E
E
E
E
E
E
E
E
E
E
E
E
E
E
E
E
E
E
E
E
E
E
E
E
E
E
E
E
E
E
E
E
E
E
E
E
E
E
E
E
E
E
E
E
E
E
E
E
E
E
E
E
E
E
E
E
E
E
E
E
E
E
E
E
E
E
E
E
E
E
E
E
E
E
E
E
E
E
E
E
E
E
E
E
E
E
E
E
E
E
E
E
E
E
E
E
E
E
E
E
E
E
E
E
E
E
E
E
E
E
E
E
E
E
E
E
E
E
E
E
E
E
E
E
E
E
E
E
E
E
E
E
E
E
E
E
E
E
E
E
E
E
E
E
E
E
E
E
E
E
E
E
E
E
E
E
E
E
E
E
E
E
E
E
E
E
E
E
E
E
E
E
E
E
E
E
E
E
E
E
E
E
E
E
E
E
E
E
E
E
E
E
E
E
E
E
E
E
E
E
E
E
E
E
E
E
E
E
E
E
E
E
E
E
E
E
E
E
E
E
E
E
E
E
E
E
E
E
E
E
E
E
E
E
E
E
E
E
E
E
E
E
E
E
E
E
E
E
E
E
E
E
E
E
E
E
E
E
E
E
E
E
E
E
E
E
E
E
E
E
E
E
E
E
E
E
E
E
E
E
E
E
E
E
E
E
E
E
E
E
E
E
E
E
E
E
E
E
E
E
E
E
E
E
E
E
E
E
E
E
E
E
E
E
E
E
E
E
E
E
E
E
E
E
E
E
E
E
E
E
E
E
E
E
E
E
E
E
E
E
E
E
E
E
E
E
E
E
E
E
E
E
E
E
E
E
E
E
E
E
E
E
E
E
E
E
E
E
E
E
E
E
E
E
E
E
E
E
E
E
E
E
E
E
E
E
E
E
E
E
E
E
E
E
E
E
E
E
E
E
E
E
E
E
E
E
E
E
E
E
E
E
E
E
E
E
E
E
E
E
E
E
E
E
E
E
E
E
E
E
E
E
E
E
E
E
E
E
E
E
E
E
E
E
E
E
E
E
E
E
E
E
E
E
E
E
E
E
E
E
E
E
E
E
E
E
E
E
E
E
E
E
E
E
E
E
E
E
E
E
E
E
E
E
E
E
E
E
E
E
E
E
E
E
E
E
E
E
E
E
E
E
E
E
E
E
E
E
E
E
E
E
E
E
E
E
E
E
E
E
E
E
E
E
E
E
E
E
E
E
E
E
E
E
E
E
E
E
E
E
E
E
E
E
E
E
E
E
E
E
E
E
E
E
E
E
E
E
E
E
E
E
E
E
E
E
E
E
E
E
E
E
E
E
E
E
E
E
E
E
E
E
E
E
E
E
E
E
E
E
E
E
E
E
E
E
E
E
E
E
E
E
E
E
E
E
E
E
E
E
E
E
E
E
E
E
E
E
E
E
E
E
E
E
E
E
E
E
E
E
E
E
E
E
E
E
E
E
E
E
E
E
E
E
E
E
E
E
E
E
E
E
E
E
E
E
E
E
E
E
E
E
E
E
E
E
E
E
E
E
E
E
E
E
E
E
E
E
E
E
E
E
E
E
E
E
E
E
E
E
E
E
E
E
E
E
E
E
E
E
E
E
E
E
E
E
E
E
E
E
E
E
E
E
E
E
E
E
E
E
E
E
E
E
E
E
E
E
E
E
E
E
E
E
E
E
E
E
E
E
E
E
E
E
E
E
E
E
E
E
E
E
E
E
E
E
E
E
E
E
E
E
E
E
E
E
E
E
E
E
E
E
E
E
E
E
E
E
E
E
E
E
E
E
E
E
E
E
E
E
E
E
E
E
E
E
E
E
E
E
E
E
E
E
E
E
E
E
E
E
E
E
E
E
E
E
E
E
E
E
E
E
E
E
E
E
E
E
E
E
E
E
E
E
E
E
E
E
E
E
E
E
E
E
E
E
E
E
E
E
E
E
E
E
E
E
E
E
E
E
E
E
E
E
E
E
E
E
E
E
E
E
E
E
E
E
E
E
E
E
E
E
E
E
E
E
E
E
E
E
E
E
E
E
E
E
E
E
E
E
E
E
E
E
E
E
E
E
E
E
E
E
E
E
E
E
E
E
E
E
E
E
E
E
E
E
E
E
E
E
E
E
E
E
E
E
E
E
E
E
E
E
E
E
E
E
E
E
E
E
E
E
E
E
E
E
E
E
E
E
E
E
E
E
E
E
E
E
E
E
E
E
E
E
E
E
E
E
E
E
E
E
E
E
E
E
E
E
E
E
E
E
E
E
E
E
E
E
E
E
E
E
E
E
E
E
E
E
E
E
E
E
E
E
E
E
E
E
E
E
E
E
E
E
E
E
E
E
E
E
E
E
E
E
E
E
E
E
E
E
E
E
E
E
E
E
E
E
E
E
E
E
E
E
E
E
E
E
E
E
E
E
E
E
E
E
E
E
E
E
E
E
E
E
E
E
E
E
E
E
E
E
E
E
E
E
E
E
E
E
E
E
E
E
E
E
E
E
E
E
E
E
E
E
E
E
E
E
E
E
E
E
E
E
E
E
E
E
E
E
E
E
E
E
E
E
E
E
E
E
E
E
E
E
E
E
E
E
E
E
E
E
E
E
E
E
E
E
E
E
E
E
E
E
E
E
E
E
E
E
E
E
E
E
E
E
E
E
E
E
E
E
E
E
E
E
E
E
E
E
E
E
E
E
E
E
E
E
E
E
E
E
E
E
E
E
E
E
E
E
E
E
E
E
E
E
E
E
E
E
E
E
E
E
E
E
E
E
E
E
E
E
E
E
E
E
E
E
E
E
E
E
E
E
E
E
E
E
E
E
E
E
E
E
E
E
E
E
E
E
E
E
E
E
E
E
E
E
E
E
E
E
E
E
E
E
E
E
E
E
E
E
E
E
E
E
E
E
E
E
E
E
E
E
E
E
E
E
E
E
E
E
E
E
E
E
E
E
E
E
E
E
E
E
E
E
E
E
E
E
E
E
E
E
E
E
E
E
E
E
E
E
E
E
E
E
E
E
E
E
E
E
E
E
E
E
E
E
E
E
E
E
E
E
E
E
E
E
E
E
E
E
E
E
E
E
E
E
E
E
E
E
E
E
E
E
E
E
E
E
E
E
E
E
E
E
E
E
E
E
E
E
E
E
E
E
E
E
E
E
E
E
E
E
E
E
E
E
E
E
E
E
E
E
E
E
E
E
E
E
E
E
E
E
E
E
E
E
E
E
E
E
E
E
E
E
E
E
E
E
E
E
E
E
E
E
E
E
E
E
E
E
E
E
E
E
E
E
E
E
E
E
E
E
E
E
E
E
E
E
E
E
E
E
E
E
E
E
E
E
E
E
E
E
E
E
E
E
E
E
E
E
E
E
E
E
E
E
E
E
E
E
E
E
E
E
E
E
E
E
E
E
E
E
E
E
E
E
E
E
E
E
E
E
E
E
E
E
E
E
E
E
E
E
E
E
E
E
E
E
E
E
E
E
E
E
E
E
E
E
E
E
E
E
E
E
E
E
E
E
E
E
E
E
E
E
E
E
E
E
E
E
E
E
E
E
E
E
E
E
E
E
E
E
E
E
E
E
E
E
E
E
E
E
E
E
E
E
E
E
E
E
E
E
E
E
E
E
E
E
E
E
E
E
E
E
E
E
E
E
E
E
E
E
E
E
E
E
E
E
E
E
E
E
E
E
E
E
E
E
E
E
E
E
E
E
E
E
E
E
E
E
E
E
E
E
E
E
E
E
E
E
E
E
E
E
E
E
E
E
E
E
E
E
E
E
E
E
E
E
E
E
E
E
E
E
E
E
E
E
E
E
E
E
E
E
E
E
E
E
E
E
E
E
E
E
E
E
E
E
E
E
E
E
E
E
E
E
E
E
E
E
E
E
E
E
E
E
E
E
E
E
E
E
E
E
E
E
E
E
E
E
E
E
E
E
E
E
E
E
E
E
E
E
E
E
E
E
E
E
E
E
E
E
E
E
E
E
E
E
E
E
E
E
E
E
E
E
E
E
E
E
E
E
E
E
E
E
E
E
E
E
E
E
E
E
E
E
E
E
E
E
E
E
E
E
E
E
E
E
E
E
E
E
E
E
E
E
E
E
E
E
E
E
E
E
E
E
E
E
E
E
E
E
E
E
E
E
E
E
E
E
E
E
E
E
E
E
E
E
E
E
E
E
E
E
E
E
E
E
E
E
E
E
E
E
E
E
E
E
E
E
E
E
E
E
E
E
E
E
E
E
E
E
E
E
E
E
E
E
E
E
E
E
E
E
E
E
E
E
E
E
E
E
E
E
E
E
E
E
E
E
E
E
E
E
E
E
E
E
E
E
E
E
E
E
E
E
E
E
E
E
E
E
E
E
E
E
E
E
E
E
E
E
E
E
E
E
E
E
E
E
E
E
E
E
E
E
E
E
E
E
E
E
E
E
E
E
E
E
E
E
E
E
E
E
E
E
E
E
E
E
E
E
E
E
E
E
E
E
E
E
E
E
E
E
E
E
E
E
E
E
E
E
E
E
E
E
E
E
E
E
E
E
E
E
E
E
E
E
E
E
E
E
E
E
E
E
E
E
E
E
E
E
E
E
E
E
E
E
E
E
E
E
E
E
E
E
E
E
E
E
E
E
E
E
E
E
E
E
E
E
E
E
E
E
E
E
E
E
E
E
E
E
E
E
E
E
E
E
E
E
E
E
E
E
E
E
E
E
E
E
E
E
E
E
E
E
E
E
E
E
E
E
E
E
E
E
E
E
E
E
E
E
E
E
E
E
E
E
E
E
E
E
E
E
E
E
E
E
E
E
E
E
E
E
E
E
E
E
E
E
E
E
E
E
E
E
E
E
E
E
E
E
E
E
E
E
E
E
E
E
E
E
E
E
E
E
E
E
E
E
E
E
E
E
E
E
E
E
E
E
E
E
E
E
E
E
E
E
E
E
E
E
E
E
E
E
E
E
E
E
E
E
E
E
E
E
E
E
E
E
E
E
E
E
E
E
E
E
E
E
E
E
E
E
E
E
E
E
E
E
E
E
E
E
E
E
E
E
E
E
E
E
E
E
E
E
E
E
E
E
E
E
E
E
E
E
E
E
E
E
E
E
E
E
E
E
E
E
E
E
E
E
E
E
E
E
E
E
E
E
E
E
E
E
E
E
E
E
E
E
E
E
E
E
E
E
E
E
E
E
E
E
E
E
E
E
E
E
E
E
E
E
E
E
E
E
E
E
E
E
E
E
E
E
E
E
E
E
E
E
E
E
E
E
E
E
E
E
E
E
E
E
E
E
E
E
E
E
E
E
E
E
E
E
E
E
E
E
E
E
E
E
E
E
E
E
E
E
E
E
E
E
E
E
E
E
E
E
E
E
E
E
E
E
E
E
E
E
E
E
E
E
E
E
E
E
E
E
E
E
E
E
E
E
E
E
E
E
E
E
E
E
E
E
E
E
E
E
E
E
E
E
E
E
E
E
E
E
E
E
E
E
E
E
E
E
E
E
E
E
E
E
E
E
E
E
E
E
E
E
E
E
E
E
E
E
E
E
E
E
E
E
E
E
E
E
E
E
E
E
E
E
E
E
E
E
E
E
E
E
E
E
E
E
E
E
E
E
E
E
E
E
E
E
E
E
E
E
E
E
E
E
E
E
E
E
E
E
E
E
E
E
E
E
E
E
E
E
E
E
E
E
E
E
E
E
E
E
E
E
E
E
E
E
E
E
E
E
E
E
E
E
E
E
E
E
E
E
E
E
E
E
E
E
E
E
E
E
E
E
E
E
E
E
E
E
E
E
E
E
E
E
E
E
E
E
E
E
E
E
E
E
E
E
E
E
E
E
E
E
E
E
E
E
E
E
E
E
E
E
E
E
E
E
E
E
E
E
E
E
E
E
E
E
E
E
E
E
E
E
E
E
E
E
E
E
E
E
E
E
E
E
E
E
E
E
E
E
E
E
E
E
E
E
E
E
E
E
E
E
E
E
E
E
E
E
E
E
E
E
E
E
E
E
E
E
E
E
E
E
E
E
E
E
E
E
E
E
E
E
E
E
E
E
E
E
E
E
E
E
E
E
E
E
E
E
E
E
E
E
E
E
E
E
E
E
E
E
E
E
E
E
E
E
E
E
E
E
E
E
E
E
E
E
E
E
E
E
E
E
E
E
E
E
E
E
E
E
E
E
E
E
E
E
E
E
E
E
E
E
E
E
E
E
E
E
E
E
E
E
E
E
E
E
E
E
E
E
E
E
E
E
E
E
E
E
E
E
E
E
E
E
E
E
E
E
E
E
E
E
E
E
E
E
E
E
E
E
E
E
E
E
E
E
E
E
E
E
E
E
E
E
E
E
E
E
E
E
E
E
E
E
E
E
E
E
E
E
E
E
E
E
E
E
E
E
E
E
E
E
E
E
E
E
E
E
E
E
E
E
E
E
E
E
E
E
E
E
E
E
E
E
E
E
E
E
E
E
E
E
E
E
E
E
E
E
E
E
E
E
E
E
E
E
E
E
E
E
E
E
E
E
E
E
E
E
E
E
E
E
E
E
E
E
E
E
E
E
E
E
E
E
E
E
E
E
E
E
E
E
E
E
E
E
E
E
E
E
E
E
E
E
E
E
E
E
E
E
E
E
E
E
E
E
E
E
E
E
E
E
E
E
E
E
E
E
E
E
E
E
E
E
E
E
E
E
E
E
E
E
E
E
E
E
E
E
E
E
E
E
E
E
E
E
E
E
E
E
E
E
E
E
E
E
E
E
E
E
E
E
E
E
E
E
E
E
E
E
E
E
E
E
E
E
E
E
E
E
E
E
E
E
E
E
E
E
E
E
E
E
E
E
E
E
E
E
E
E
E
E
E
E
E
E
E
E
E
E
E
E
E
E
E
E
E
E
E
E
E
E
E
E
E
E
E
E
E
E
E
E
E
E
E
E
E
E
E
E
E
E
E
E
E
E
E
E
E
E
E
E
E
E
E
E
E
E
E
E
E
E
E
E
E
E
E
E
E
E
E
E
E
E
E
E
E
E
E
E
E
E
E
E
E
E
E
E
E
E
E
E
E
E
E
E
E
E
E
E
E
E
E
E
E
E
E
E
E
E
E
E
E
E
E
E
E
E
E
E
E
E
E
E
E
E
E
E
E
E
E
E
E
E
E
E
E
E
E
E
E
E
E
E
E
E
E
E
E
E
E
E
E
E
E
E
E
E
E
E
E
E
E
E
E
E
E
E
E
E
E
E
E
E
E
E
E
E
E
E
E
E
E
E
E
E
E
E
E
E
E
E
E
E
E
E
E
E
E
E
E
E
E
E
E
E
E
E
E
E
E
E
E
E
E
E
E
E
E
E
E
E
E
E
E
E
E
E
E
E
E
E
E
E
E
E
E
E
E
E
E
E
E
E
E
E
E
E
E
E
E
E
E
E
E
E
E
E
E
E
E
E
E
E
E
E
E
E
E
E
E
E
E
E
E
E
E
E
E
E
E
E
E
E
E
E
E
E
E
E
E
E
E
E
E
E
E
E
E
E
E
E
E
E
E
E
E
E
E
E
E
E
E
E
E
E
E
E
E
E
E
E
E
E
E
E
E
E
E
E
E
E
E
E
E
E
E
E
E
E
E
E
E
E
E
E
E
E
E
E
E
E
E
E
E
E
E
E
E
E
E
E
E
E
E
E
E
E
E
E
E
E
E
E
E
E
E
E
E
E
E
E
E
E
E
E
E
E
E
E
E
E
E
E
E
E
E
E
E
E
E
E
E
E
E
E
E
E
E
E
E
E
E
E
E
E
E
E
E
E
E
E
E
E
E
E
E
E
E
E
E
E
E
E
E
E
E
E
E
E
E
E
E
E
E
E
E
E
E
E
E
E
E
E
E
E
E
E
E
E
E
E
E
E
E
E
E
E
E
E
E
E
E
E
E
E
E
E
E
E
E
E
E
E
E
E
E
E
E
E
E
E
E
E
E
E
E
E
E
E
E
E
E
E
E
E
E
E
E
E
E
E
E
E
E
E
E
E
E
E
E
E
E
E
E
E
E
E
E
E
E
E
E
E
E
E
E
E
E
E
E
E
E
E
E
E
E
E
E
E
E
E
E
E
E
E
E
E
E
E
E
E
E
E
E
E
E
E
E
E
E
E
E
E
E
E
E
E
E
E
E
E
E
E
E
E
E
E
E
E
E
E
E
E
E
E
E
E
E
E
E
E
E
E
E
E
E
E
E
E
E
E
E
E
E
E
E
E
E
E
E
E
E
E
E
E
E
E
E
E
E
E
E
E
E
E
E
E
E
E
E
E
E
E
E
E
E
E
E
E
E
E
E
E
E
E
E
E
E
E
E
E
E
E
E
E
E
E
E
E
E
E
E
E
E
E
E
E
E
E
E
E
E
E
E
E
E
E
E
E
E
E
E
E
E
E
E
E
E
E
E
E
E
E
E
E
E
E
E
E
E
E
E
E
E
E
E
E
E
E
E
E
E
E
E
E
E
E
E
E
E
E
E
E
E
E
E
E
E
E
E
E
E
E
E
E
E
E
E
E
E
E
E
E
E
E
E
E
E
E
E
E
E
E
E
E
E
E
E
E
E
E
E
E
E
E
E
E
E
E
E
E
E
E
E
E
E
E
E
E
E
E
E
E
E
E
E
E
E
E
E
E
E
E
E
E
E
E
E
E
E
E
E
E
E
E
E
E
E
E
E
E
E
E
E
E
E
E
E
E
E
E
E
E
E
E
E
E
E
E
E
E
E
E
E
E
E
E
E
E
E
E
E
E
E
E
E
E
E
E
E
E
E
E
E
E
E
E
E
E
E
E
E
E
E
E
E
E
E
E
E
E
E
E
E
E
E
E
E
E
E
E
E
E
E
E
E
E
E
E
E
E
E
E
E
E
E
E
E
E
E
E
E
E
E
E
E
E
E
E
E
E
E
E
E
E
E
E
E
E
E
E
E
E
E
E
E
E
E
E
E
E
E
E
E
E
E
E
E
E
E
E
E
E
E
E
E
E
E
E
E
E
E
E
E
E
E
E
E
E
E
E
E
E
E
E
E
E
E
E
E
E
E
E
E
E
E
E
E
E
E
E
E
E
E
E
E
E
E
E
E
E
E
E
E
E
E
E
E
E
E
E
E
E
E
E
E
E
E
E
E
E
E
E
E
E
E
E
E
E
E
E
E
E
E
E
E
E
E
E
E
E
E
E
E
E
E
E
E
E
E
E
E
E
E
E
E
E
E
E
E
E
E
E
E
E
E
E
E
E
E
E
E
E
E
E
E
E
E
E
E
E
E
E
E
E
E
E
E
E
E
E
E
E
E
E
E
E
E
E
E
E
E
E
E
E
E
E
E
E
E
E
E
E
E
E
E
E
E
E
E
E
E
E
E
E
E
E
E
E
E
E
E
E
E
E
E
E
E
E
E
E
E
E
E
E
E
E
E
E
E
E
E
E
E
E
E
E
E
E
E
E
E
E
E
E
E
E
E
E
E
E
E
E
E
E
E
E
E
E
E
E
E
E
E
E
E
E
E
E
E
E
E
E
E
E
E
E
E
E
E
E
E
E
E
E
E
E
E
E
E
E
E
E
E
E
E
E
E
E
E
E
E
E
E
E
E
E
E
E
E
E
E
E
E
E
E
E
E
E
E
E
E
E
E
E
E
E
E
E
E
E
E
E
E
E
E
E
E
E
E
E
E
E
E
E
E
E
E
E
E
E
E
E
E
E
E
E
E
E
E
E
E
E
E
E
E
E
E
E
E
E
E
E
E
E
E
E
E
E
E
E
E
E
E
E
E
E
E
E
E
E
E
E
E
E
E
E
E
E
E
E
E
E
E
E
E
E
E
E
E
E
E
E
E
E
E
E
E
E
E
E
E
E
E
E
E
E
E
E
E
E
E
E
E
E
E
E
E
E
E
E
E
E
E
E
E
E
E
E
E
E
E
E
E
E
E
E
E
E
E
E
E
E
E
E
E
E
E
E
E
E
E
E
E
E
E
E
E
E
E
E
E
E
E
E
E
E
E
E
E
E
E
E
E
E
E
E
E
E
E
E
E
E
E
E
E
E
E
E
E
E
E
E
E
E
E
E
E
E
E
E
E
E
E
E
E
E
E
E
E
E
E
E
E
E
E
E
E
E
E
E
E
E
E
E
E
E
E
E
E
E
E
E
E
E
E
E
E
E
E
E
E
E
E
E
E
E
E
E
E
E
E
E
E
E
E
E
E
E
E
E
E
E
E
E
E
E
E
E
E
E
E
E
E
E
E
E
E
E
E
E
E
E
E
E
E
E
E
E
E
E
E
E
E
E
E
E
E
E
E
E
E
E
E
E
E
E
E
E
E
E
E
E
E
E
E
E
E
E
E
E
E
E
E
E
E
E
E
E
E
E
E
E
E
E
E
E
E
E
E
E
E
E
E
E
E
E
E
E
E
E
E
E
E
E
E
E
E
E
E
E
E
E
E
E
E
E
E
E
E
E
E
E
E
E
E
E
E
E
E
E
E
E
E
E
E
E
E
E
E
E
E
E
E
E
E
E
E
E
E
E
E
E
E
E
E
E
E
E
E
E
E
E
E
E
E
E
E
E
E
E
E
E
E
E
E
E
E
E
E
E
E
E
E
E
E
E
E
E
E
E
E
E
E
E
E
E
E
E
E
E
E
E
E
E
E
E
E
E
E
E
E
E
E
E
E
E
E
E
E
E
E
E
E
E
E
E
E
E
E
E
E
E
E
E
E
E
E
E
E
E
E
E
E
E
E
E
E
E
E
E
E
E
E
E
E
E
E
E
E
E
E
E
E
E
E
E
E
E
E
E
E
E
E
E
E
E
E
E
E
E
E
E
E
E
E
E
E
E
E
E
E
E
E
E
E
E
E
E
E
E
E
E
E
E
E
E
E
E
E
E
E
E
E
E
E
E
E
E
E
E
E
E
E
E
E
E
E
E
E
E
E
E
E
E
E
E
E
E
E
E
E
E
E
E
E
E
E
E
E
E
E
E
E
E
E
E
E
E
E
E
E
E
E
E
E
E
E
E
E
E
E
E
E
E
E
E
E
E
E
E
E
E
E
E
E
E
E
E
E
E
E
E
E
E
E
E
E
E
E
E
E
E
E
E
E
E
E
E
E
E
E
E
E
E
E
E
E
E
E
E
E
E
E
E
E
E
E
E
E
E
E
E
E
E
E
E
E
E
E
E
E
E
E
E
E
E
E
E
E
E
E
E
E
E
E
E
E
E
E
E
E
E
E
E
E
E
E
E
E
E
E
E
E
E
E
E
E
E
E
E
E
E
E
E
E
E
E
E
E
E
E
E
E
E
E
E
E
E
E
E
E
E
E
E
E
E
E
E
E
E
E
E
E
E
E
E
E
E
E
E
E
E
E
E
E
E
E
E
E
E
E
E
E
E
E
E
E
E
E
E
E
E
E
E
E
E
E
E
E
E
E
E
E
E
E
E
E
E
E
E
E
E
E
E
E
E
E
E
E
E
E
E
E
E
E
E
E
E
E
E
E
E
E
E
E
E
E
E
E
E
E
E
E
E
E
E
E
E
E
E
E
E
E
E
E
E
E
E
E
E
E
E
E
E
E
E
E
E
E
E
E
E
E
E
E
E
E
E
E
E
E
E
E
E
E
E
E
E
E
E
E
E
E
E
E
E
E
E
E
E
E
E
E
E
E
E
E
E
E
E
E
E
E
E
E
E
E
E
E
E
E
E
E
E
E
E
E
E
E
E
E
E
E
E
E
E
E
E
E
E
E
E
E
E
E
E
E
E
E
E
E
E
E
E
E
E
E
E
E
E
E
E
E
E
E
E
E
E
E
E
E
E
E
E
E
E
E
E
E
E
E
E
E
E
E
E
E
E
E
E
E
E
E
E
E
E
E
E
E
E
E
E
E
E
E
E
E
E
E
E
E
E
E
E
E
E
E
E
E
E
E
E
E
E
E
E
E
E
E
E
E
E
E
E
E
E
E
E
E
E
E
E
E
E
E
E
E
E
E
E
E
E
E
E
E
E
E
E
E
E
E
E
E
E
E
E
E
E
E
E
E
E
E
E
E
E
E
E
E
E
E
E
E
E
E
E
E
E
E
E
E
E
E
E
E
E
E
E
E
E
E
E
E
E
E
E
E
E
E
E
E
E
E
E
E
E
E
E
E
E
E
E
E
E
E
E
E
E
E
E
E
E
E
E
E
E
E
E
E
E
E
E
E
E
E
E
E
E
E
E
E
E
E
E
E
E
E
E
E
E
E
E
E
E
E
E
E
E
E
E
E
E
E
E
E
E
E
E
E
E
E
E
E
E
E
E
E
E
E
E
E
E
E
E
E
E
E
E
E
E
E
E
E
E
E
E
E
E
E
E
E
E
E
E
E
E
E
E
E
E
E
E
E
E
E
E
E
E
E
E
E
E
E
E
E
E
E
E
E
E
E
E
E
E
E
E
E
E
E
E
E
E
E
E
E
E
E
E
E
E
E
E
E
E
E
E
E
E
E
E
E
E
E
E
E
E
E
E
E
E
E
E
E
E
E
E
E
E
E
E
E
E
E
E
E
E
E
E
E
E
E
E
E
E
E
E
E
E
E
E
E
E
E
E
E
E
E
E
E
E
E
E
E
E
E
E
E
E
E
E
E
E
E
E
E
E
E
E
E
E
E
E
E
E
E
E
E
E
E
E
E
E
E
E
E
E
E
E
E
E
E
E
E
E
E
E
E
E
E
E
E
E
E
E
E
E
E
E
E
E
E
E
E
E
E
E
E
E
E
E
E
E
E
E
E
E
E
E
E
E
E
E
E
E
E
E
E
E
E
E
E
E
E
E
E
E
E
E
E
E
E
E
E
E
E
E
E
E
E
E
E
E
E
E
E
E
E
E
E
E
E
E
E
E
E
E
E
E
E
E
E
E
E
E
E
E
E
E
E
E
E
E
E
E
E
E
E
E
E
E
E
E
E
E
E
E
E
E
E
E
E
E
E
E
E
E
E
E
E
E
E
E
E
E
E
E
E
E
E
E
E
E
E
E
E
E
E
E
E
E
E
E
E
E
E
E
E
E
E
E
E
E
E
E
E
E
E
E
E
E
E
E
E
E
E
E
E
E
E
E
E
E
E
E
E
E
E
E
E
E
E
E
E
E
E
E
E
E
E
E
E
E
E
E
E
E
E
E
E
E
E
E
E
E
E
E
E
E
E
E
E
E
E
E
E
E
E
E
E
E
E
E
E
E
E
E
E
E
E
E
E
E
E
E
E
E
E
E
E
E
E
E
E
E
E
E
E
E
E
E
E
E
E
E
E
E
E
E
E
E
E
E
E
E
E
E
E
E
E
E
E
E
E
E
E
E
E
E
E
E
E
E
E
E
E
E
E
E
E
E
E
E
E
E
E
E
E
E
E
E
E
E
E
E
E
E
E
E
E
E
E
E
E
E
E
E
E
E
E
E
E
E
E
E
E
E
E
E
E
E
E
E
E
E
E
E
E
E
E
E
E
E
E
E
E
E
E
E
E
E
E
E
E
E
E
E
E
E
E
E
E
E
E
E
E
E
E
E
E
E
E
E
E
E
E
E
E
E
E
E
E
E
E
E
E
E
E
E
E
E
E
E
E
E
E
E
E
E
E
E
E
E
E
E
E
E
E
E
E
E
E
E
E
E
E
E
E
E
E
E
E
E
E
E
E
E
E
E
E
E
E
E
E
E
E
E
E
E
E
E
E
E
E
E
E
E
E
E
E
E
E
E
E
E
E
E
E
E
E
E
E
E
E
E
E
E
E
E
E
E
E
E
E
E
E
E
E
E
E
E
E
E
E
E
E
E
E
E
E
E
E
E
E
E
E
E
E
E
E
E
E
E
E
E
E
E
E
E
E
E
E
E
E
E
E
E
E
E
E
E
E
E
E
E
E
E
E
E
E
E
E
E
E
E
E
E
E
E
E
E
E
E
E
E
E
E
E
E
E
E
E
E
E
E
E
E
E
E
E
E
E
E
E
E
E
E
E
E
E
E
E
E
E
E
E
E
E
E
E
E
E
E
E
E
E
E
E
E
E
E
E
E
E
E
E
E
E
E
E
E
E
E
E
E
E
E
E
E
E
E
E
E
E
E
E
E
E
E
E
E
E
E
E
E
E
E
E
E
E
E
E
E
E
E
E
E
E
E
E
E
E
E
E
E
E
E
E
E
E
E
E
E
E
E
E
E
E
E
E
E
E
E
E
E
E
E
E
E
E
E
E
E
E
E
E
E
E
E
E
E
E
E
E
E
E
E
E
E
E
E
E
E
E
E
E
E
E
E
E
E
E
E
E
E
E
E
E
E
E
E
E
E
E
E
E
E
E
E
E
E
E
E
E
E
E
E
E
E
E
E
E
E
E
E
E
E
E
E
E
E
E
E
E
E
E
E
E
E
E
E
E
E
E
E
E
E
E
E
E
E
E
E
E
E
E
E
E
E
E
E
E
E
E
E
E
E
E
E
E
E
E
E
E
E
E
E
E
E
E
E
E
E
E
E
E
E
E
E
E
E
E
E
E
E
E
E
E
E
E
E
E
E
E
E
E
E
E
E
E
E
E
E
E
E
E
E
E
E
E
E
E
E
E
E
E
E
E
E
E
E
E
E
E
E
E
E
E
E
E
E
E
E
E
E
E
E
E
E
E
E
E
E
E
E
E
E
E
E
E
E
E
E
E
E
E
E
E
E
E
E
E
E
E
E
E
E
E
E
E
E
E
E
E
E
E
E
E
E
E
E
E
E
E
E
E
E
E
E
E
E
E
E
E
E
E
E
E
E
E
E
E
E
E
E
E
E
E
E
E
E
E
E
E
E
E
E
E
E
E
E
E
E
E
E
E
E
E
E
E
E
E
E
E
E
E
E
E
E
E
E
E
E
E
E
E
E
E
E
E
E
E
E
E
E
E
E
E
E
E
E
E
E
E
E
E
E
E
E
E
E
E
E
E
E
E
E
E
E
E
E
E
E
E
E
E
E
E
E
E
E
E
E
E
E
E
E
E
E
E
E
E
E
E
E
E
E
E
E
E
E
E
E
E
E
E
E
E
E
E
E
E
E
E
E
E
E
E
E
E
E
E
E
E
E
E
E
E
E
E
E
E
E
E
E
E
E
E
E
E
E
E
E
E
E
E
E
E
E
E
E
E
E
E
E
E
E
E
E
E
E
E
E
E
E
E
E
E
E
E
E
E
E
E
E
E
E
E
E
E
E
E
E
E
E
E
E
E
E
E
E
E
E
E
E
E
E
E
E
E
E
E
E
E
E
E
E
E
E
E
E
E
E
E
E
E
E
E
E
E
E
E
E
E
E
E
E
E
E
E
E
E
E
E
E
E
E
E
E
E
E
E
E
E
E
E
E
E
E
E
E
E
E
E
E
E
E
E
E
E
E
E
E
E
E
E
E
E
E
E
E
E
E
E
E
E
E
E
E
E
E
E
E
E
E
E
E
E
E
E
E
E
E
E
E
E
E
E
E
E
E
E
E
E
E
E
E
E
E
E
E
E
E
E
E
E
E
E
E
E
E
E
E
E
E
E
E
E
E
E
E
E
E
E
E
E
E
E
E
E
E
E
E
E
E
E
E
E
E
E
E
E
E
E
E
E
E
E
E
E
E
E
E
E
E
E
E
E
E
E
E
E
E
E
E
E
E
E
E
E
E
E
E
E
E
E
E
E
E
E
E
E
E
E
E
E
E
E
E
E
E
E
E
E
E
E
E
E
E
E
E
E
E
E
E
E
E
E
E
E
E
E
E
E
E
E
E
E
E
E
E
E
E
E
E
E
E
E
E
E
E
E
E
E
E
E
E
E
E
E
E
E
E
E
E
E
E
E
E
E
E
E
E
E
E
E
E
E
E
E
E
E
E
E
E
E
E
E
E
E
E
E
E
E
E
E
E
E
E
E
E
E
E
E
E
E
E
E
E
E
E
E
E
E
E
E
E
E
E
E
E
E
E
E
E
E
E
E
E
E
E
E
E
E
E
E
E
E
E
E
E
E
E
E
E
E
E
E
E
E
E
E
E
E
E
E
E
E
E
E
E
E
E
E
E
E
E
E
E
E
E
E
E
E
E
E
E
E
E
E
E
E
E
E
E
E
E
E
E
E
E
E
E
E
E
E
E
E
E
E
E
E
E
E
E
E
E
E
E
E
E
E
E
E
E
E
E
E
E
E
E
E
E
E
E
E
E
E
E
E
E
E
E
E
E
E
E
E
E
E
E
E
E
E
E
E
E
E
E
E
E
E
E
E
E
E
E
E
E
E
E
E
E
E
E
E
E
E
E
E
E
E
E
E
E
E
E
E
E
E
E
E
E
E
E
E
E
E
E
E
E
E
E
E
E
E
E
E
E
E
E
E
E
E
E
E
E
E
E
E
E
E
E
E
E
E
E
E
E
E
E
E
E
E
E
E
E
E
E
E
E
E
E
E
E
E
E
E
E
E
E
E
E
E
E
E
E
E
E
E
E
E
E
E
E
E
E
E
E
E
E
E
E
E
E
E
E
E
E
E
E
E
E
E
E
E
E
E
E
E
E
E
E
E
E
E
E
E
E
E
E
E
E
E
E
E
E
E
E
E
E
E
E
E
E
E
E
E
E
E
E
E
E
E
E
E
E
E
E
E
E
E
E
E
E
E
E
E
E
E
E
E
E
E
E
E
E
E
E
E
E
E
E
E
E
E
E
E
E
E
E
E
E
E
E
E
E
E
E
E
E
E
E
E
E
E
E
E
E
E
E
E
E
E
E
E
E
E
E
E
E
E
E
E
E
E
E
E
E
E
E
E
E
E
E
E
E
E
E
E
E
E
E
E
E
E
E
E
E
E
E
E
E
E
E
E
E
E
E
E
E
E
E
E
E
E
E
E
E
E
E
E
E
E
E
E
E
E
E
E
E
E
E
E
E
E
E
E
E
E
E
E
E
E
E
E
E
E
E
E
E
E
E
E
E
E
E
E
E
E
E
E
E
E
E
E
E
E
E
E
E
E
E
E
E
E
E
E
E
E
E
E
E
E
E
E
E
E
E
E
E
E
E
E
E
E
E
E
E
E
E
E
E
E
E
E
E
E
E
E
E
E
E
E
E
E
E
E
E
E
E
E
E
E
E
E
E
E
E
E
E
E
E
E
E
E
E
E
E
E
E
E
E
E
E
E
E
E
E
E
E
E
E
E
E
E
E
E
E
E
E
E
E
E
E
E
E
E
E
E
E
E
E
E
E
E
E
E
E
E
E
E
E
E
E
E
E
E
E
E
E
E
E
E
E
E
E
E
E
E
E
E
E
E
E
E
E
E
E
E
E
E
E
E
E
E
E
E
E
E
E
E
E
E
E
E
E
E
E
E
E
E
E
E
E
E
E
E
E
E
E
E
E
E
E
E
E
E
E
E
E
E
E
E
E
E
E
E
E
E
E
E
E
E
E
E
E
E
E
E
E
E
E
E
E
E
E
E
E
E
E
E
E
E
E
E
E
E
E
E
E
E
E
E
E
E
E
E
E
E
E
E
E
E
E
E
E
E
E
E
E
E
E
E
E
E
E
E
E
E
E
E
E
E
E
E
E
E
E
E
E
E
E
E
E
E
E
E
E
E
E
E
E
E
E
E
E
E
E
E
E
E
E
E
E
E
E
E
E
E
E
E
E
E
E
E
E
E
E
E
E
E
E
E
E
E
E
E
E
E
E
E
E
E
E
E
E
E
E
E
E
E
E
E
E
E
E
E
E
E
E
E
E
E
E
E
E
E
E
E
E
E
E
E
E
E
E
E
E
E
E
E
E
E
E
E
E
E
E
E
E
E
E
E
E
E
E
E
E
E
E
E
E
E
E
E
E
E
E
E
E
E
E
E
E
E
E
E
E
E
E
E
E
E
E
E
E
E
E
E
E
E
E
E
E
E
E
E
E
E
E
E
E
E
E
E
E
E
E
E
E
E
E
E
E
E
E
E
E
E
E
E
E
E
E
E
E
E
E
E
E
E
E
E
E
E
E
E
E
E
E
E
E
E
E
E
E
E
E
E
E
E
E
E
E
E
E
E
E
E
E
E
E
E
E
E
E
E
E
E
E
E
E
E
E
E
E
E
E
E
E
E
E
E
E
E
E
E
E
E
E
E
E
E
E
E
E
E
E
E
E
E
E
E
E
E
E
E
E
E
E
E
E
E
E
E
E
E
E
E
E
E
E
E
E
E
E
E
E
E
E
E
E
E
E
E
E
E
E
E
E
E
E
E
E
E
E
E
E
E
E
E
E
E
E
E
E
E
E
E
E
E
E
E
E
E
E
E
E
E
E
E
E
E
E
E
E
E
E
E
E
E
E
E
E
E
E
E
E
E
E
E
E
E
E
E
E
E
E
E
E
E
E
E
E
E
E
E
E
E
E
E
E
E
E
E
E
E
E
E
E
E
E
E
E
E
E
E
E
E
E
E
E
E
E
E
E
E
E
E
E
E
E
E
E
E
E
E
E
E
E
E
E
E
E
E
E
E
E
E
E
E
E
E
E
E
E
E
E
E
E
E
E
E
E
E
E
E
E
E
E
E
E
E
E
E
E
E
E
E
E
E
E
E
E
E
E
E
E
E
E
E
E
E
E
E
E
E
E
E
E
E
E
E
E
E
E
E
E
E
E
E
E
E
E
E
E
E
E
E
E
E
E
E
E
E
E
E
E
E
E
E
E
E
E
E
E
E
E
E
E
E
E
E
E
E
E
E
E
E
E
E
E
E
E
E
E
E
E
E
E
E
E
E
E
E
E
E
E
E
E
E
E
E
E
E
E
E
E
E
E
E
E
E
E
E
E
E
E
E
E
E
E
E
E
E
E
E
E
E
E
E
E
E
E
E
E
E
E
E
E
E
E
E
E
E
E
E
E
E
E
E
E
E
E
E
E
E
E
E
E
E
E
E
E
E
E
E
E
E
E
E
E
E
E
E
E
E
E
E
E
E
E
E
E
E
E
E
E
E
E
E
E
E
E
E
E
E
E
E
E
E
E
E
E
E
E
E
E
E
E
E
E
E
E
E
E
E
E
E
E
E
E
E
E
E
E
E
E
E
E
E
E
E
E
E
E
E
E
E
E
E
E
E
E
E
E
E
E
E
E
E
E
E
E
E
E
E
E
E
E
E
E
E
E
E
E
E
E
E
E
E
E
E
E
E
E
E
E
E
E
E
E
E
E
E
E
E
E
E
E
E
E
E
E
E
E
E
E
E
E
E
E
E
E
E
E
E
E
E
E
E
E
E
E
E
E
E
E
E
E
E
E
E
E
E
E
E
E
E
E
E
E
E
E
E
E
E
E
E
E
E
E
E
E
E
E
E
E
E
E
E
E
E
E
E
E
E
E
E
E
E
E
E
E
E
E
E
E
E
E
E
E
E
E
E
E
E
E
E
E
E
E
E
E
E
E
E
E
E
E
E
E
E
E
E
E
E
E
E
E
E
E
E
E
E
E
E
E
E
E
E
E
E
E
E
E
E
E
E
E
E
E
E
E
E
E
E
E
E
E
E
E
E
E
E
E
E
E
E
E
E
E
E
E
E
E
E
E
E
E
E
E
E
E
E
E
E
E
E
E
E
E
E
E
E
E
E
E
E
E
E
E
E
E
E
E
E
E
E
E
E
E
E
E
E
E
E
E
E
E
E
E
E
E
E
E
E
E
E
E
E
E
E
E
E
E
E
E
E
E
E
E
E
E
E
E
E
E
E
E
E
E
E
E
E
E
E
E
E
E
E
E
E
E
E
E
E
E
E
E
E
E
E
E
E
E
E
E
E
E
E
E
E
E
E
E
E
E
E
E
E
E
E
E
E
E
E
E
E
E
E
E
E
E
E
E
E
E
E
E
E
E
E
E
E
E
E
E
E
E
E
E
E
E
E
E
E
E
E
E
E
E
E
E
E
E
E
E
E
E
E
E
E
E
E
E
E
E
E
E
E
E
E
E
E
E
E
E
E
E
E
E
E
E
E
E
E
E
E
E
E
E
E
E
E
E
E
E
E
E
E
E
E
E
E
E
E
E
E
E
E
E
E
E
E
E
E
E
E
E
E
E
E
E
E
E
E
E
E
E
E
E
E
E
E
E
E
E
E
E
E
E
E
E
E
E
E
E
E
E
E
E
E
E
E
E
E
E
E
E
E
E
E
E
E
E
E
E
E
E
E
E
E
E
E
E
E
E
E
E
E
E
E
E
E
E
E
E
E
E
E
E
E
E
E
E
E
E
E
E
E
E
E
E
E
E
E
E
E
E
E
E
E
E
E
E
E
E
E
E
E
E
E
E
E
E
E
E
E
E
E
E
E
E
E
E
E
E
E
E
E
E
E
E
E
E
E
E
E
E
E
E
E
E
E
E
E
E
E
E
E
E
E
E
E
E
E
E
E
E
E
E
E
E
E
E
E
E
E
E
E
E
E
E
E
E
E
E
E
E
E
E
E
E
E
E
E
E
E
E
E
E
E
E
E
E
E
E
E
E
E
E
E
E
E
E
E
E
E
E
E
E
E
E
E
E
E
E
E
E
E
E
E
E
E
E
E
E
E
E
E
E
E
E
E
E
E
E
E
E
E
E
E
E
E
E
E
E
E
E
E
E
E
E
E
E
E
E
E
E
E
E
E
E
E
E
E
E
E
E
E
E
E
E
E
E
E
E
E
E
E
E
E
E
E
E
E
E
E
E
E
E
E
E
E
E
E
E
E
E
E
E
E
E
E
E
E
E
E
E
E
E
E
E
E
E
E
E
E
E
E
E
E
E
E
E
E
E
E
E
E
E
E
E
E
E
E
E
E
E
E
E
E
E
E
E
E
E
E
E
E
E
E
E
E
E
E
E
E
E
E
E
E
E
E
E
E
E
E
E
E
E
E
E
E
E
E
E
E
E
E
E
E
E
E
E
E
E
E
E
E
E
E
E
E
E
E
E
E
E
E
E
E
E
E
E
E
E
E
E
E
E
E
E
E
E
E
E
E
E
E
E
E
E
E
E
E
E
E
E
E
E
E
E
E
E
E
E
E
E
E
E
E
E
E
E
E
E
E
E
E
E
E
E
E
E
E
E
E
E
E
E
E
E
E
E
E
E
E
E
E
E
E
E
E
E
E
E
E
E
E
E
E
E
E
E
E
E
E
E
E
E
E
E
E
E
E
E
E
E
E
E
E
E
E
E
E
E
E
E
E
E
E
E
E
E
E
E
E
E
E
E
E
E
E
E
E
E
E
E
E
E
E
E
E
E
E
E
E
E
E
E
E
E
E
E
E
E
E
E
E
E
E
E
E
E
E
E
E
E
E
E
E
E
E
E
E
E
E
E
E
E
E
E
E
E
E
E
E
E
E
E
E
E
E
E
E
E
E
E
E
E
E
E
E
E
E
E
E
E
E
E
E
E
E
E
E
E
E
E
E
E
E
E
E
E
E
E
E
E
E
E
E
E
E
E
E
E
E
E
E
E
E
E
E
E
E
E
E
E
E
E
E
E
E
E
E
E
E
E
E
E
E
E
E
E
E
E
E
E
E
E
E
E
E
E
E
E
E
E
E
E
E
E
E
E
E
E
E
E
E
E
E
E
E
E
E
E
E
E
E
E
E
E
E
E
E
E
E
E
E
E
E
E
E
E
E
E
E
E
E
E
E
E
E
E
E
E
E
E
E
E
E
E
E
E
E
E
E
E
E
E
E
E
E
E
E
E
E
E
E
E
E
E
E
E
E
E
E
E
E
E
E
E
E
E
E
E
E
E
E
E
E
E
E
E
E
E
E
E
E
E
E
E
E
E
E
E
E
E
E
E
E
E
E
E
E
E
E
E
E
E
E
E
E
E
E
E
E
E
E
E
E
E
E
E
E
E
E
E
E
E
E
E
E
E
E
E
E
E
E
E
E
E
E
E
E
E
E
E
E
E
E
E
E
E
E
E
E
E
E
E
E
E
E
E
E
E
E
E
E
E
E
E
E
E
E
E
E
E
E
E
E
E
E
E
E
E
E
E
E
E
E
E
E
E
E
E
E
E
E
E
E
E
E
E
E
E
E
E
E
E
E
E
E
E
E
E
E
E
E
E
E
E
E
E
E
E
E
E
E
E
E
E
E
E
E
E
E
E
E
E
E
E
E
E
E
E
E
E
E
E
E
E
E
E
E
E
E
E
E
E
E
E
E
E
E
E
E
E
E
E
E
E
E
E
E
E
E
E
E
E
E
E
E
E
E
E
E
E
E
E
E
E
E
E
E
E
E
E
E
E
E
E
E
E
E
E
E
E
E
E
E
E
E
E
E
E
E
E
E
E
E
E
E
E
E
E
E
E
E
E
E
E
E
E
E
E
E
E
E
E
E
E
E
E
E
E
E
E
E
E
E
E
E
E
E
E
E
E
E
E
E
E
E
E
E
E
E
E
E
E
E
E
E
E
E
E
E
E
E
E
E
E
E
E
E
E
E
E
E
E
E
E
E
E
E
E
E
E
E
E
E
E
E
E
E
E
E
E
E
E
E
E
E
E
E
E
E
E
E
E
E
E
E
E
E
E
E
E
E
E
E
E
E
E
E
E
E
E
E
E
E
E
E
E
E
E
E
E
E
E
E
E
E
E
E
E
E
E
E
E
E
E
E
E
E
E
E
E
E
E
E
E
E
E
E
E
E
E
E
E
E
E
E
E
E
E
E
E
E
E
E
E
E
E
E
E
E
E
E
E
E
E
E
E
E
E
E
E
E
E
E
E
E
E
E
E
E
E
E
E
E
E
E
E
E
E
E
E
E
E
E
E
E
E
E
E
E
E
E
E
E
E
E
E
E
E
E
E
E
E
E
E
E
E
E
E
E
E
E
E
E
E
E
E
E
E
E
E
E
E
E
E
E
E
E
E
E
E
E
E
E
E
E
E
E
E
E
E
E
E
E
E
E
E
E
E
E
E
E
E
E
E
E
E
E
E
E
E
E
E
E
E
E
E
E
E
E
E
E
E
E
E
E
E
E
E
E
E
E
E
E
E
E
E
E
E
E
E
E
E
E
E
E
E
E
E
E
E
E
E
E
E
E
E
E
E
E
E
E
E
E
E
E
E
E
E
E
E
E
E
E
E
E
E
E
E
E
E
E
E
E
E
E
E
E
E
E
E
E
E
E
E
E
E
E
E
E
E
E
E
E
E
E
E
E
E
E
E
E
E
E
E
E
E
E
E
E
E
E
E
E
E
E
E
E
E
E
E
E
E
E
E
E
E
E
E
E
E
E
E
E
E
E
E
E
E
E
E
E
E
E
E
E
E
E
E
E
E
E
E
E
E
E
E
E
E
E
E
E
E
E
E
E
E
E
E
E
E
E
E
E
E
E
E
E
E
E
E
E
E
E
E
E
E
E
E
E
E
E
E
E
E
E
E
E
E
E
E
E
E
E
E
E
E
E
E
E
E
E
E
E
E
E
E
E
E
E
E
E
E
E
E
E
E
E
E
E
E
E
E
E
E
E
E
E
E
E
E
E
E
E
E
E
E
E
E
E
E
E
E
E
E
E
E
E
E
E
E
E
E
E
E
E
E
E
E
E
E
E
E
E
E
E
E
E
E
E
E
E
E
E
E
E
E
E
E
E
E
E
E
E
E
E
E
E
E
E
E
E
E
E
E
E
E
E
E
E
E
E
E
E
E
E
E
E
E
E
E
E
E
E
E
E
E
E
E
E
E
E
E
E
E
E
E
E
E
E
E
E
E
E
E
E
E
E
E
E
E
E
E
E
E
E
E
E
E
E
E
E
E
E
E
E
E
E
E
E
E
E
E
E
E
E
E
E
E
E
E
E
E
E
E
E
E
E
E
E
E
E
E
E
E
E
E
E
E
E
E
E
E
E
E
E
E
E
E
E
E
E
E
E
E
E
E
E
E
E
E
E
E
E
E
E
E
E
E
E
E
E
E
E
E
E
E
E
E
E
E
E
E
E
E
E
E
E
E
E
E
E
E
E
E
E
E
E
E
E
E
E
E
E
E
E
E
E
E
E
E
E
E
E
E
E
E
E
E
E
E
E
E
E
E
E
E
E
E
E
E
E
E
E
E
E
E
E
E
E
E
E
E
E
E
E
E
E
E
E
E
E
E
E
E
E
E
E
E
E
E
E
E
E
E
E
E
E
E
E
E
E
E
E
E
E
E
E
E
E
E
E
E
E
E
E
E
E
E
E
E
E
E
E
E
E
E
E
E
E
E
E
E
E
E
E
E
E
E
E
E
E
E
E
E
E
E
E
E
E
E
E
E
E
E
E
E
E
E
E
E
E
E
E
E
E
E
E
E
E
E
E
E
E
E
E
E
E
E
E
E
E
E
E
E
E
E
E
E
E
E
E
E
E
E
E
E
E
E
E
E
E
E
E
E
E
E
E
E
E
E
E
E
E
E
E
E
E
E
E
E
E
E
E
E
E
E
E
E
E
E
E
E
E
E
E
E
E
E
E
E
E
E
E
E
E
E
E
E
E
E
E
E
E
E
E
E
E
E
E
E
E
E
E
E
E
E
E
E
E
E
E
E
E
E
E
E
E
E
E
E
E
E
E
E
E
E
E
E
E
E
E
E
E
E
E
E
E
E
E
E
E
E
E
E
E
E
E
E
E
E
E
E
E
E
E
E
E
E
E
E
E
E
E
E
E
E
E
E
E
E
E
E
E
E
E
E
E
E
E
E
E
E
E
E
E
E
E
E
E
E
E
E
E
E
E
E
E
E
E
E
E
E
E
E
E
E
E
E
E
E
E
E
E
E
E
E
E
E
E
E
E
E
E
E
E
E
E
E
E
E
E
E
E
E
E
E
E
E
E
E
E
E
E
E
E
E
E
E
E
E
E
E
E
E
E
E
E
E
E
E
E
E
E
E
E
E
E
E
E
E
E
E
E
E
E
E
E
E
E
E
E
E
E
E
E
E
E
E
E
E
E
E
E
E
E
E
E
E
E
E
E
E
E
E
E
E
E
E
E
E
E
E
E
E
E
E
E
E
E
E
E
E
E
E
E
E
E
E
E
E
E
E
E
E
E
E
E
E
E
E
E
E
E
E
E
E
E
E
E
E
E
E
E
E
E
E
E
E
E
E
E
E
E
E
E
E
E
E
E
E
E
E
E
E
E
E
E
E
E
E
E
E
E
E
E
E
E
E
E
E
E
E
E
E
E
E
E
E
E
E
E
E
E
E
E
E
E
E
E
E
E
E
E
E
E
E
E
E
E
E
E
E
E
E
E
E
E
E
E
E
E
E
E
E
E
E
E
E
E
E
E
E
E
E
E
E
E
E
E
E
E
E
E
E
E
E
E
E
E
E
E
E
E
E
E
E
E
E
E
E
E
E
E
E
E
E
E
E
E
E
E
E
E
E
E
E
E
E
E
E
E
E
E
E
E
E
E
E
E
E
E
E
E
E
E
E
E
E
E
E
E
E
E
E
E
E
E
E
E
E
E
E
E
E
E
E
E
E
E
E
E
E
E
E
E
E
E
E
E
E
E
E
E
E
E
E
E
E
E
E
E
E
E
E
E
E
E
E
E
E
E
E
E
E
E
E
E
E
E
E
E
E
E
E
E
E
E
E
E
E
E
E
E
E
E
E
E
E
E
E
E
E
E
E
E
E
E
E
E
E
E
E
E
E
E
E
E
E
E
E
E
E
E
E
E
E
E
E
E
E
E
E
E
E
E
E
E
E
E
E
E
E
E
E
E
E
E
E
E
E
E
E
E
E
E
E
E
E
E
E
E
E
E
E
E
E
E
E
E
E
E
E
E
E
E
E
E
E
E
E
E
E
E
E
E
E
E
E
E
E
E
E
E
E
E
E
E
E
E
E
E
E
E
E
E
E
E
E
E
E
E
E
E
E
E
E
E
E
E
E
E
E
E
E
E
E
E
E
E
E
E
E
E
E
E
E
E
E
E
E
E
E
E
E
E
E
E
E
E
E
E
E
E
E
E
E
E
E
E
E
E
E
E
E
E
E
E
E
E
E
E
E
E
E
E
E
E
E
E
E
E
E
E
E
E
E
E
E
E
E
E
E
E
E
E
E
E
E
E
E
E
E
E
E
E
E
E
E
E
E
E
E
E
E
E
E
E
E
E
E
E
E
E
E
E
E
E
E
E
E
E
E
E
E
E
E
E
E
E
E
E
E
E
E
E
E
E
E
E
E
E
E
E
E
E
E
E
E
E
E
E
E
E
E
E
E
E
E
E
E
E
E
E
E
E
E
E
E
E
E
E
E
E
E
E
E
E
E
E
E
E
E
E
E
E
E
E
E
E
E
E
E
E
E
E
E
E
E
E
E
E
E
E
E
E
E
E
E
E
E
E
E
E
E
E
E
E
E
E
E
E
E
E
E
E
E
E
E
E
E
E
E
E
E
E
E
E
E
E
E
E
E
E
E
E
E
E
E
E
E
E
E
E
E
E
E
E
E
E
E
E
E
E
E
E
E
E
E
E
E
E
E
E
E
E
E
E
E
E
E
E
E
E
E
E
E
E
E
E
E
E
E
E
E
E
E
E
E
E
E
E
E
E
E
E
E
E
E
E
E
E
E
E
E
E
E
E
E
E
E
E
E
E
E
E
E
E
E
E
E
E
E
E
E
E
E
E
E
E
E
E
E
E
E
E
E
E
E
E
E
E
E
E
E
E
E
E
E
E
E
E
E
E
E
E
E
E
E
E
E
E
E
E
E
E
E
E
E
E
E
E
E
E
E
E
E
E
E
E
E
E
E
E
E
E
E
E
E
E
E
E
E
E
E
E
E
E
E
E
E
E
E
E
E
E
E
E
E
E
E
E
E
E
E
E
E
E
E
E
E
E
E
E
E
E
E
E
E
E
E
E
E
E
E
E
E
E
E
E
E
E
E
E
E
E
E
E
E
E
E
E
E
E
E
E
E
E
E
E
E
E
E
E
E
E
E
E
E
E
E
E
E
E
E
E
E
E
E
E
E
E
E
E
E
E
E
E
E
E
E
E
E
E
E
E
E
E
E
E
E
E
E
E
E
E
E
E
E
E
E
E
E
E
E
E
E
E
E
E
E
E
E
E
E
E
E
E
E
E
E
E
E
E
E
E
E
E
E
E
E
E
E
E
E
E
E
E
E
E
E
E
E
E
E
E
E
E
E
E
E
E
E
E
E
E
E
E
E
E
E
E
E
E
E
E
E
E
E
E
E
E
E
E
E
E
E
E
E
E
E
E
E
E
E
E
E
E
E
E
E
E
E
E
E
E
E
E
E
E
E
E
E
E
E
E
E
E
E
E
E
E
E
E
E
E
E
E
E
E
E
E
E
E
E
E
E
E
E
E
E
E
E
E
E
E
E
E
E
E
E
E
E
E
E
E
E
E
E
E
E
E
E
E
E
E
E
E
E
E
E
E
E
E
E
E
E
E
E
E
E
E
E
E
E
E
E
E
E
E
E
E
E
E
E
E
E
E
E
E
E
E
E
E
E
E
E
E
E
E
E
E
E
E
E
E
E
E
E
E
E
E
E
E
E
E
E
E
E
E
E
E
E
E
E
E
E
E
E
E
E
E
E
E
E
E
E
E
E
E
E
E
E
E
E
E
E
E
E
E
E
E
E
E
E
E
E
E
E
E
E
E
E
E
E
E
E
E
E
E
E
E
E
E
E
E
E
E
E
E
E
E
E
E
E
E
E
E
E
E
E
E
E
E
E
E
E
E
E
E
E
E
E
E
E
E
E
E
E
E
E
E
E
E
E
E
E
E
E
E
E
E
E
E
E
E
E
E
E
E
E
E
E
E
E
E
E
E
E
E
E
E
E
E
E
E
E
E
E
E
E
E
E
E
E
E
E
E
E
E
E
E
E
E
E
E
E
E
E
E
E
E
E
E
E
E
E
E
E
E
E
E
E
E
E
E
E
E
E
E
E
E
E
E
E
E
E
E
E
E
E
E
E
E
E
E
E
E
E
E
E
E
E
E
E
E
E
E
E
E
E
E
E
E
E
E
E
E
E
E
E
E
E
E
E
E
E
E
E
E
E
E
E
E
E
E
E
E
E
E
E
E
E
E
E
E
E
E
E
E
E
E
E
E
E
E
E
E
E
E
E
E
E
E
E
E
E
E
E
E
E
E
E
E
E
E
E
E
E
E
E
E
E
E
E
E
E
E
E
E
E
E
E
E
E
E
E
E
E
E
E
E
E
E
E
E
E
E
E
E
E
E
E
E
E
E
E
E
E
E
E
E
E
E
E
E
E
E
E
E
E
E
E
E
E
E
E
E
E
E
E
E
E
E
E
E
E
E
E
E
E
E
E
E
E
E
E
E
E
E
E
E
E
E
E
E
E
E
E
E
E
E
E
E
E
E
E
E
E
E
E
E
E
E
E
E
E
E
E
E
E
E
E
E
E
E
E
E
E
E
E
E
E
E
E
E
E
E
E
E
E
E
E
E
E
E
E
E
E
E
E
E
E
E
E
E
E
E
E
E
E
E
E
E
E
E
E
E
E
E
E
E
E
E
E
E
E
E
E
E
E
E
E
E
E
E
E
E
E
E
E
E
E
E
E
E
E
E
E
E
E
E
E
E
E
E
E
E
E
E
E
E
E
E
E
E
E
E
E
E
E
E
E
E
E
E
E
E
E
E
E
E
E
E
E
E
E
E
E
E
E
E
E
E
E
E
E
E
E
E
E
E
E
E
E
E
E
E
E
E
E
E
E
E
E
E
E
E
E
E
E
E
E
E
E
E
E
E
E
E
E
E
E
E
E
E
E
E
E
E
E
E
E
E
E
E
E
E
E
E
E
E
E
E
E
E
E
E
E
E
E
E
E
E
E
E
E
E
E
E
E
E
E
E
E
E
E
E
E
E
E
E
E
E
E
E
E
E
E
E
E
E
E
E
E
E
E
E
E
E
E
E
E
E
E
E
E
E
E
E
E
E
E
E
E
E
E
E
E
E
E
E
E
E
E
E
E
E
E
E
E
E
E
E
E
E
E
E
E
E
E
E
E
E
E
E
E
E
E
E
E
E
E
E
E
E
E
E
E
E
E
E
E
E
E
E
E
E
E
E
E
E
E
E
E
E
E
E
E
E
E
E
E
E
E
E
E
E
E
E
E
E
E
E
E
E
E
E
E
E
E
E
E
E
E
E
E
E
E
E
E
E
E
E
E
E
E
E
E
E
E
E
E
E
E
E
E
E
E
E
E
E
E
E
E
E
E
E
E
E
E
E
E
E
E
E
E
E
E
E
E
E
E
E
E
E
E
E
E
E
E
E
E
E
E
E
E
E
E
E
E
E
E
E
E
E
E
E
E
E
E
E
E
E
E
E
E
E
E
E
E
E
E
E
E
E
E
E
E
E
E
E
E
E
E
E
E
E
E
E
E
E
E
E
E
E
E
E
E
E
E
E
E
E
E
E
E
E
E
E
E
E
E
E
E
E
E
E
E
E
E
E
E
E
E
E
E
E
E
E
E
E
E
E
E
E
E
E
E
E
E
E
E
E
E
E
E
E
E
E
E
E
E
E
E
E
E
E
E
E
E
E
E
E
E
E
E
E
E
E
E
E
E
E
E
E
E
E
E
E
E
E
E
E
E
E
E
E
E
E
E
E
E
E
E
E
E
E
E
E
E
E
E
E
E
E
E
E
E
E
E
E
E
E
E
E
E
E
E
E
E
E
E
E
E
E
E
E
E
E
E
E
E
E
E
E
E
E
E
E
E
E
E
E
E
E
E
E
E
E
E
E
E
E
E
E
E
E
E
E
E
E
E
E
E
E
E
E
E
E
E
E
E
E
E
E
E
E
E
E
E
E
E
E
E
E
E
E
E
E
E
E
E
E
E
E
E
E
E
E
E
E
E
E
E
E
E
E
E
E
E
E
E
E
E
E
E
E
E
E
E
E
E
E
E
E
E
E
E
E
E
E
E
E
E
E
E
E
E
E
E
E
E
E
E
E
E
E
E
E
E
E
E
E
E
E
E
E
E
E
E
E
E
E
E
E
E
E
E
E
E
E
E
E
E
E
E
E
E
E
E
E
E
E
E
E
E
E
E
E
E
E
E
E
E
E
E
E
E
E
E
E
E
E
E
E
E
E
E
E
E
E
E
E
E
E
E
E
E
E
E
E
E
E
E
E
E
E
E
E
E
E
E
E
E
E
E
E
E
E
E
E
E
E
E
E
E
E
E
E
E
E
E
E
E
E
E
E
E
E
E
E
E
E
E
E
E
E
E
E
E
E
E
E
E
E
E
E
E
E
E
E
E
E
E
E
E
E
E
E
E
E
E
E
E
E
E
E
E
E
E
E
E
E
E
E
E
E
E
E
E
E
E
E
E
E
E
E
E
E
E
E
E
E
E
E
E
E
E
E
E
E
E
E
E
E
E
E
E
E
E
E
E
E
E
E
E
E
E
E
E
E
E
E
E
E
E
E
E
E
E
E
E
E
E
E
E
E
E
E
E
E
E
E
E
E
E
E
E
E
E
E
E
E
E
E
E
E
E
E
E
E
E
E
E
E
E
E
E
E
E
E
E
E
E
E
E
E
E
E
E
E
E
E
E
E
E
E
E
E
E
E
E
E
E
E
E
E
E
E
E
E
E
E
E
E
E
E
E
E
E
E
E
E
E
E
E
E
E
E
E
E
E
E
E
E
E
E
E
E
E
E
E
E
E
E
E
E
E
E
E
E
E
E
E
E
E
E
E
E
E
E
E
E
E
E
E
E
E
E
E
E
E
E
E
E
E
E
E
E
E
E
E
E
E
E
E
E
E
E
E
E
E
E
E
E
E
E
E
E
E
E
E
E
E
E
E
E
E
E
E
E
E
E
E
E
E
E
E
E
E
E
E
E
E
E
E
E
E
E
E
E
E
E
E
E
E
E
E
E
E
E
E
E
E
E
E
E
E
E
E
E
E
E
E
E
E
E
E
E
E
E
E
E
E
E
E
E
E
E
E
E
E
E
E
E
E
E
E
E
E
E
E
E
E
E
E
E
E
E
E
E
E
E
E
E
E
E
E
E
E
E
E
E
E
E
E
E
E
E
E
E
E
E
E
E
E
E
E
E
E
E
E
E
E
E
E
E
E
E
E
E
E
E
E
E
E
E
E
E
E
E
E
E
E
E
E
E
E
E
E
E
E
E
E
E
E
E
E
E
E
E
E
E
E
E
E
E
E
E
E
E
E
E
E
E
E
E
E
E
E
E
E
E
E
E
E
E
E
E
E
E
E
E
E
E
E
E
E
E
E
E
E
E
E
E
E
E
E
E
E
E
E
E
E
E
E
E
E
E
E
E
E
E
E
E
E
E
E
E
E
E
E
E
E
E
E
E
E
E
E
E
E
E
E
E
E
E
E
E
E
E
E
E
E
E
E
E
E
E
E
E
E
E
E
E
E
E
E
E
E
E
E
E
E
E
E
E
E
E
E
E
E
E
E
E
E
E
E
E
E
E
E
E
E
E
E
E
E
E
E
E
E
E
E
E
E
E
E
E
E
E
E
E
E
E
E
E
E
E
E
E
E
E
E
E
E
E
E
E
E
E
E
E
E
E
E
E
E
E
E
E
E
E
E
E
E
E
E
E
E
E
E
E
E
E
E
E
E
E
E
E
E
E
E
E
E
E
E
E
E
E
E
E
E
E
E
E
E
E
E
E
E
E
E
E
E
E
E
E
E
E
E
E
E
E
E
E
E
E
E
E
E
E
E
E
E
E
E
E
E
E
E
E
E
E
E
E
E
E
E
E
E
E
E
E
E
E
E
E
E
E
E
E
E
E
E
E
E
E
E
E
E
E
E
E
E
E
E
E
E
E
E
E
E
E
E
E
E
E
E
E
E
E
E
E
E
E
E
E
E
E
E
E
E
E
E
E
E
E
E
E
E
E
E
E
E
E
E
E
E
E
E
E
E
E
E
E
E
E
E
E
E
E
E
E
E
E
E
E
E
E
E
E
E
E
E
E
E
E
E
E
E
E
E
E
E
E
E
E
E
E
E
E
E
E
E
E
E
E
E
E
E
E
E
E
E
E
E
E
E
E
E
E
E
E
E
E
E
E
E
E
E
E
E
E
E
E
E
E
E
E
E
E
E
E
E
E
E
E
E
E
E
E
E
E
E
E
E
E
E
E
E
E
E
E
E
E
E
E
E
E
E
E
E
E
E
E
E
E
E
E
E
E
E
E
E
E
E
E
E
E
E
E
E
E
E
E
E
E
E
E
E
E
E
E
E
E
E
E
E
E
E
E
E
E
E
E
E
E
E
E
E
E
E
E
E
E
E
E
E
E
E
E
E
E
E
E
E
E
E
E
E
E
E
E
E
E
E
E
E
E
E
E
E
E
E
E
E
E
E
E
E
E
E
E
E
E
E
E
E
E
E
E
E
E
E
E
E
E
E
E
E
E
E
E
E
E
E
E
E
E
E
E
E
E
E
E
E
E
E
E
E
E
E
E
E
E
E
E
E
E
E
E
E
E
E
E
E
E
E
E
E
E
E
E
E
E
E
E
E
E
E
E
E
E
E
E
E
E
E
E
E
E
E
E
E
E
E
E
E
E
E
E
E
E
E
E
E
E
E
E
E
E
E
E
E
E
E
E
E
E
E
E
E
E
E
E
E
E
E
E
E
E
E
E
E
E
E
E
E
E
E
E
E
E
E
E
E
E
E
E
E
E
E
E
E
E
E
E
E
E
E
E
E
E
E
E
E
E
E
E
E
E
E
E
E
E
E
E
E
E
E
E
E
E
E
E
E
E
E
E
E
E
E
E
E
E
E
E
E
E
E
E
E
E
E
E
E
E
E
E
E
E
E
E
E
E
E
E
E
E
E
E
E
E
E
E
E
E
E
E
E
E
E
E
E
E
E
E
E
E
E
E
E
E
E
E
E
E
E
E
E
E
E
E
E
E
E
E
E
E
E
E
E
E
E
E
E
E
E
E
E
E
E
E
E
E
E
E
E
E
E
E
E
E
E
E
E
E
E
E
E
E
E
E
E
E
E
E
E
E
E
E
E
E
E
E
E
E
E
E
E
E
E
E
E
E
E
E
E
E
E
E
E
E
E
E
E
E
E
E
E
E
E
E
E
E
E
E
E
E
E
E
E
E
E
E
E
E
E
E
E
E
E
E
E
E
E
E
E
E
E
E
E
E
E
E
E
E
E
E
E
E
E
E
E
E
E
E
E
E
E
E
E
E
E
E
E
E
E
E
E
E
E
E
E
E
E
E
E
E
E
E
E
E
E
E
E
E
E
E
E
E
E
E
E
E
E
E
E
E
E
E
E
E
E
E
E
E
E
E
E
E
E
E
E
E
E
E
E
E
E
E
E
E
E
E
E
E
E
E
E
E
E
E
E
E
E
E
E
E
E
E
E
E
E
E
E
E
E
E
E
E
E
E
E
E
E
E
E
E
E
E
E
E
E
E
E
E
E
E
E
E
E
E
E
E
E
E
E
E
E
E
E
E
E
E
E
E
E
E
E
E
E
E
E
E
E
E
E
E
E
E
E
E
E
E
E
E
E
E
E
E
E
E
E
E
E
E
E
E
E
E
E
E
E
E
E
E
E
E
E
E
E
E
E
E
E
E
E
E
E
E
E
E
E
E
E
E
E
E
E
E
E
E
E
E
E
E
E
E
E
E
E
E
E
E
E
E
E
E
E
E
E
E
E
E
E
E
E
E
E
E
E
E
E
E
E
E
E
E
E
E
E
E
E
E
E
E
E
E
E
E
E
E
E
E
E
E
E
E
E
E
E
E
E
E
E
E
E
E
E
E
E
E
E
E
E
E
E
E
E
E
E
E
E
E
E
E
E
E
E
E
E
E
E
E
E
E
E
E
E
E
E
E
E
E
E
E
E
E
E
E
E
E
E
E
E
E
E
E
E
E
E
E
E
E
E
E
E
E
E
E
E
E
E
E
E
E
E
E
E
E
E
E
E
E
E
E
E
E
E
E
E
E
E
E
E
E
E
E
E
E
E
E
E
E
E
E
E
E
E
E
E
E
E
E
E
E
E
E
E
E
E
E
E
E
E
E
E
E
E
E
E
E
E
E
E
E
E
E
E
E
E
E
E
E
E
E
E
E
E
E
E
E
E
E
E
E
E
E
E
E
E
E
E
E
E
E
E
E
E
E
E
E
E
E
E
E
E
E
E
E
E
E
E
E
E
E
E
E
E
E
E
E
E
E
E
E
E
E
E
E
E
E
E
E
E
E
E
E
E
E
E
E
E
E
E
E
E
E
E
E
E
E
E
E
E
E
E
E
E
E
E
E
E
E
E
E
E
E
E
E
E
E
E
E
E
E
E
E
E
E
E
E
E
E
E
E
E
E
E
E
E
E
E
E
E
E
E
E
E
E
E
E
E
E
E
E
E
E
E
E
E
E
E
E
E
E
E
E
E
E
E
E
E
E
E
E
E
E
E
E
E
E
E
E
E
E
E
E
E
E
E
E
E
E
E
E
E
E
E
E
E
E
E
E
E
E
E
E
E
E
E
E
E
E
E
E
E
E
E
E
E
E
E
E
E
E
E
E
E
E
E
E
E
E
E
E
E
E
E
E
E
E
E
E
E
E
E
E
E
E
E
E
E
E
E
E
E
E
E
E
E
E
E
E
E
E
E
E
E
E
E
E
E
E
E
E
E
E
E
E
E
E
E
E
E
E
E
E
E
E
E
E
E
E
E
E
E
E
E
E
E
E
E
E
E
E
E
E
E
E
E
E
E
E
E
E
E
E
E
E
E
E
E
E
E
E
E
E
E
E
E
E
E
E
E
E
E
E
E
E
E
E
E
E
E
E
E
E
E
E
E
E
E
E
E
E
E
E
E
E
E
E
E
E
E
E
E
E
E
E
E
E
E
E
E
E
E
E
E
E
E
E
E
E
E
E
E
E
E
E
E
E
E
E
E
E
E
E
E
E
E
E
E
E
E
E
E
E
E
E
E
E
E
E
E
E
E
E
E
E
E
E
E
E
E
E
E
E
E
E
E
E
E
E
E
E
E
E
E
E
E
E
E
E
E
E
E
E
E
E
E
E
E
E
E
E
E
E
E
E
E
E
E
E
E
E
E
E
E
E
E
E
E
E
E
E
E
E
E
E
E
E
E
E
E
E
E
E
E
E
E
E
E
E
E
E
E
E
E
E
E
E
E
E
E
E
E
E
E
E
E
E
E
E
E
E
E
E
E
E
E
E
E
E
E
E
E
E
E
E
E
E
E
E
E
E
E
E
E
E
E
E
E
E
E
E
E
E
E
E
E
E
E
E
E
E
E
E
E
E
E
E
E
E
E
E
E
E
E
E
E
E
E
E
E
E
E
E
E
E
E
E
E
E
E
E
E
E
E
E
E
E
E
E
E
E
E
E
E
E
E
E
E
E
E
E
E
E
E
E
E
E
E
E
E
E
E
E
E
E
E
E
E
E
E
E
E
E
E
E
E
E
E
E
E
E
E
E
E
E
E
E
E
E
E
E
E
E
E
E
E
E
E
E
E
E
E
E
E
E
E
E
E
E
E
E
E
E
E
E
E
E
E
E
E
E
E
E
E
E
E
E
E
E
E
E
E
E
E
E
E
E
E
E
E
E
E
E
E
E
E
E
E
E
E
E
E
E
E
E
E
E
E
E
E
E
E
E
E
E
E
E
E
E
E
E
E
E
E
E
E
E
E
E
E
E
E
E
E
E
E
E
E
E
E
E
E
E
E
E
E
E
E
E
E
E
E
E
E
E
E
E
E
E
E
E
E
E
E
E
E
E
E
E
E
E
E
E
E
E
E
E
E
E
E
E
E
E
E
E
E
E
E
E
E
E
E
E
E
E
E
E
E
E
E
E
E
E
E
E
E
E
E
E
E
E
E
E
E
E
E
E
E
E
E
E
E
E
E
E
E
E
E
E
E
E
E
E
E
E
E
E
E
E
E
E
E
E
E
E
E
E
E
E
E
E
E
E
E
E
E
E
E
E
E
E
E
E
E
E
E
E
E
E
E
E
E
E
E
E
E
E
E
E
E
E
E
E
E
E
E
E
E
E
E
E
E
E
E
E
E
E
E
E
E
E
E
E
E
E
E
E
E
E
E
E
E
E
E
E
E
E
E
E
E
E
E
E
E
E
E
E
E
E
E
E
E
E
E
E
E
E
E
E
E
E
E
E
E
E
E
E
E
E
E
E
E
E
E
E
E
E
E
E
E
E
E
E
E
E
E
E
E
E
E
E
E
E
E
E
E
E
E
E
E
E
E
E
E
E
E
E
E
E
E
E
E
E
E
E
E
E
E
E
E
E
E
E
E
E
E
E
E
E
E
E
E
E
E
E
E
E
E
E
E
E
E
E
E
E
E
E
E
E
E
E
E
E
E
E
E
E
E
E
E
E
E
E
E
E
E
E
E
E
E
E
E
E
E
E
E
E
E
E
E
E
E
E
E
E
E
E
E
E
E
E
E
E
E
E
E
E
E
E
E
E
E
E
E
E
E
E
E
E
E
E
E
E
E
E
E
E
E
E
E
E
E
E
E
E
E
E
E
E
E
E
E
E
E
E
E
E
E
E
E
E
E
E
E
E
E
E
E
E
E
E
E
E
E
E
E
E
E
E
E
E
E
E
E
E
E
E
E
E
E
E
E
E
E
E
E
E
E
E
E
E
E
E
E
E
E
E
E
E
E
E
E
E
E
E
E
E
E
E
E
E
E
E
E
E
E
E
E
E
E
E
E
E
E
E
E
E
E
E
E
E
E
E
E
E
E
E
E
E
E
E
E
E
E
E
E
E
E
E
E
E
E
E
E
E
E
E
E
E
E
E
E
E
E
E
E
E
E
E
E
E
E
E
E
E
E
E
E
E
E
E
E
E
E
E
E
E
E
E
E
E
E
E
E
E
E
E
E
E
E
E
E
E
E
E
E
E
E
E
E
E
E
E
E
E
E
E
E
E
E
E
E
E
E
E
E
E
E
E
E
E
E
E
E
E
E
E
E
E
E
E
E
E
E
E
E
E
E
E
E
E
E
E
E
E
E
E
E
E
E
E
E
E
E
E
E
E
E
E
E
E
E
E
E
E
E
E
E
E
E
E
E
E
E
E
E
E
E
E
E
E
E
E
E
E
E
E
E
E
E
E
E
E
E
E
E
E
E
E
E
E
E
E
E
E
E
E
E
E
E
E
E
E
E
E
E
E
E
E
E
E
E
E
E
E
E
E
E
E
E
E
E
E
E
E
E
E
E
E
E
E
E
E
E
E
E
E
E
E
E
E
E
E
E
E
E
E
E
E
E
E
E
E
E
E
E
E
E
E
E
E
E
E
E
E
E
E
E
E
E
E
E
E
E
E
E
E
E
E
E
E
E
E
E
E
E
E
E
E
E
E
E
E
E
E
E
E
E
E
E
E
E
E
E
E
E
E
E
E
E
E
E
E
E
E
E
E
E
E
E
E
E
E
E
E
E
E
E
E
E
E
E
E
E
E
E
E
E
E
E
E
E
E
E
E
E
E
E
E
E
E
E
E
E
E
E
E
E
E
E
E
E
E
E
E
E
E
E
E
E
E
E
E
E
E
E
E
E
E
E
E
E
E
E
E
E
E
E
E
E
E
E
E
E
E
E
E
E
E
E
E
E
E
E
E
E
E
E
E
E
E
E
E
E
E
E
E
E
E
E
E
E
E
E
E
E
E
E
E
E
E
E
E
E
E
E
E
E
E
E
E
E
E
E
E
E
E
E
E
E
E
E
E
E
E
E
E
E
E
E
E
E
E
E
E
E
E
E
E
E
E
E
E
E
E
E
E
E
E
E
E
E
E
E
E
E
E
E
E
E
E
E
E
E
E
E
E
E
E
E
E
E
E
E
E
E
E
E
E
E
E
E
E
E
E
E
E
E
E
E
E
E
E
E
E
E
E
E
E
E
E
E
E
E
E
E
E
E
E
E
E
E
E
E
E
E
E
E
E
E
E
E
E
E
E
E
E
E
E
E
E
E
E
E
E
E
E
E
E
E
E
E
E
E
E
E
E
E
E
E
E
E
E
E
E
E
E
E
E
E
E
E
E
E
E
E
E
E
E
E
E
E
E
E
E
E
E
E
E
E
E
E
E
E
E
E
E
E
E
E
E
E
E
E
E
E
E
E
E
E
E
E
E
E
E
E
E
E
E
E
E
E
E
E
E
E
E
E
E
E
E
E
E
E
E
E
E
E
E
E
E
E
E
E
E
E
E
E
E
E
E
E
E
E
E
E
E
E
E
E
E
E
E
E
E
E
E
E
E
E
E
E
E
E
E
E
E
E
E
E
E
E
E
E
E
E
E
E
E
E
E
E
E
E
E
E
E
E
E
E
E
E
E
E
E
E
E
E
E
E
E
E
E
E
E
E
E
E
E
E
E
E
E
E
E
E
E
E
E
E
E
E
E
E
E
E
E
E
E
E
E
E
E
E
E
E
E
E
E
E
E
E
E
E
E
E
E
E
E
E
E
E
E
E
E
E
E
E
E
E
E
E
E
E
E
E
E
E
E
E
E
E
E
E
E
E
E
E
E
E
E
E
E
E
E
E
E
E
E
E
E
E
E
E
E
E
E
E
E
E
E
E
E
E
E
E
E
E
E
E
E
E
E
E
E
E
E
E
E
E
E
E
E
E
E
E
E
E
E
E
E
E
E
E
E
E
E
E
E
E
E
E
E
E
E
E
E
E
E
E
E
E
E
E
E
E
E
E
E
E
E
E
E
E
E
E
E
E
E
E
E
E
E
E
E
E
E
E
E
E
E
E
E
E
E
E
E
E
E
E
E
E
E
E
E
E
E
E
E
E
E
E
E
E
E
E
E
E
E
E
E
E
E
E
E
E
E
E
E
E
E
E
E
E
E
E
E
E
E
E
E
E
E
E
E
E
E
E
E
E
E
E
E
E
E
E
E
E
E
E
E
E
E
E
E
E
E
E
E
E
E
E
E
E
E
E
E
E
E
E
E
E
E
E
E
E
E
E
E
E
E
E
E
E
E
E
E
E
E
E
E
E
E
E
E
E
E
E
E
E
E
E
E
E
E
E
E
E
E
E
E
E
E
E
E
E
E
E
E
E
E
E
E
E
E
E
E
E
E
E
E
E
E
E
E
E
E
E
E
E
E
E
E
E
E
E
E
E
E
E
E
E
E
E
E
E
E
E
E
E
E
E
E
E
E
E
E
E
E
E
E
E
E
E
E
E
E
E
E
E
E
E
E
E
E
E
E
E
E
E
E
E
E
E
E
E
E
E
E
E
E
E
E
E
E
E
E
E
E
E
E
E
E
E
E
E
E
E
E
E
E
E
E
E
E
E
E
E
E
E
E
E
E
E
E
E
E
E
E
E
E
E
E
E
E
E
E
E
E
E
E
E
E
E
E
E
E
E
E
E
E
E
E
E
E
E
E
E
E
E
E
E
E
E
E
E
E
E
E
E
E
E
E
E
E
E
E
E
E
E
E
E
E
E
E
E
E
E
E
E
E
E
E
E
E
E
E
E
E
E
E
E
E
E
E
E
E
E
E
E
E
E
E
E
E
E
E
E
E
E
E
E
E
E
E
E
E
E
E
E
E
E
E
E
E
E
E
E
E
E
E
E
E
E
E
E
E
E
E
E
E
E
E
E
E
E
E
E
E
E
E
E
E
E
E
E
E
E
E
E
E
E
E
E
E
E
E
E
E
E
E
E
E
E
E
E
E
E
E
E
E
E
E
E
E
E
E
E
E
E
E
E
E
E
E
E
E
E
E
E
E
E
E
E
E
E
E
E
E
E
E
E
E
E
E
E
E
E
E
E
E
E
E
E
E
E
E
E
E
E
E
E
E
E
E
E
E
E
E
E
E
E
E
E
E
E
E
E
E
E
E
E
E
E
E
E
E
E
E
E
E
E
E
E
E
E
E
E
E
E
E
E
E
E
E
E
E
E
E
E
E
E
E
E
E
E
E
E
E
E
E
E
E
E
E
E
E
E
E
E
E
E
E
E
E
E
E
E
E
E
E
E
E
E
E
E
E
E
E
E
E
E
E
E
E
E
E
E
E
E
E
E
E
E
E
E
E
E
E
E
E
E
E
E
E
E
E
E
E
E
E
E
E
E
E
E
E
E
E
E
E
E
E
E
E
E
E
E
E
E
E
E
E
E
E
E
E
E
E
E
E
E
E
E
E
E
E
E
E
E
E
E
E
E
E
E
E
E
E
E
E
E
E
E
E
E
E
E
E
E
E
E
E
E
E
E
E
E
E
E
E
E
E
E
E
E
E
E
E
E
E
E
E
E
E
E
E
E
E
E
E
E
E
E
E
E
E
E
E
E
E
E
E
E
E
E
E
E
E
E
E
E
E
E
E
E
E
E
E
E
E
E
E
E
E
E
E
E
E
E
E
E
E
E
E
E
E
E
E
E
E
E
E
E
E
E
E
E
E
E
E
E
E
E
E
E
E
E
E
E
E
E
E
E
E
E
E
E
E
E
E
E
E
E
E
E
E
E
E
E
E
E
E
E
E
E
E
E
E
E
E
E
E
E
E
E
E
E
E
E
E
E
E
E
E
E
E
E
E
E
E
E
E
E
E
E
E
E
E
E
E
E
E
E
E
E
E
E
E
E
E
E
E
E
E
E
E
E
E
E
E
E
E
E
E
E
E
E
E
E
E
E
E
E
E
E
E
E
E
E
E
E
E
E
E
E
E
E
E
E
E
E
E
E
E
E
E
E
E
E
E
E
E
E
E
E
E
E
E
E
E
E
E
E
E
E
E
E
E
E
E
E
E
E
E
E
E
E
E
E
E
E
E
E
E
E
E
E
E
E
E
E
E
E
E
E
E
E
E
E
E
E
E
E
E
E
E
E
E
E
E
E
E
E
E
E
E
E
E
E
E
E
E
E
E
E
E
E
E
E
E
E
E
E
E
E
E
E
E
E
E
E
E
E
E
E
E
E
E
E
E
E
E
E
E
E
E
E
E
E
E
E
E
E
E
E
E
E
E
E
E
E
E
E
E
E
E
E
E
E
E
E
E
E
E
E
E
E
E
E
E
E
E
E
E
E
E
E
E
E
E
E
E
E
E
E
E
E
E
E
E
E
E
E
E
E
E
E
E
E
E
E
E
E
E
E
E
E
E
E
E
E
E
E
E
E
E
E
E
E
E
E
E
E
E
E
E
E
E
E
E
E
E
E
E
E
E
E
E
E
E
E
E
E
E
E
E
E
E
E
E
E
E
E
E
E
E
E
E
E
E
E
E
E
E
E
E
E
E
E
E
E
E
E
E
E
E
E
E
E
E
E
E
E
E
E
E
E
E
E
E
E
E
E
E
E
E
E
E
E
E
E
E
E
E
E
E
E
E
E
E
E
E
E
E
E
E
E
E
E
E
E
E
E
E
E
E
E
E
E
E
E
E
E
E
E
E
E
E
E
E
E
E
E
E
E
E
E
E
E
E
E
E
E
E
E
E
E
E
E
E
