batch_then_drain 4096 23
I        400         0
I       1281         1
I       1860         2
I        345         3
I       3182         4
I         35         5
I       2713         6
I       1766         7
I       2481         8
I        917         9
I        194        10
I       2676        11
I       3138        12
I        904        13
I       1767        14
I        877        15
I       3606        16
I       2461        17
I       3887        18
I       2340        19
I       3214        20
I        897        21
I       3400        22
I       2488        23
I       1925        24
I        328        25
I       2572        26
I       3621        27
I       3451        28
I       3233        29
I       1431        30
I         30        31
I        509        32
I       1769        33
I       3384        34
I        336        35
I       2431        36
I       1214        37
I       3430        38
I        501        39
I         95        40
I       1250        41
I       1772        42
I       3422        43
I        265        44
I       1933        45
I       3495        46
I        942        47
I       2312        48
I       2677        49
I       1644        50
I       1435        51
I        411        52
I        167        53
I       2444        54
I       1789        55
I       1446        56
I       1628        57
I        319        58
I       1685        59
I        926        60
I       3830        61
I        751        62
I       1669        63
I       3674        64
I       2920        65
I       2347        66
I       1663        67
I        475        68
I       3547        69
I       3021        70
I       2071        71
I       3206        72
I        710        73
I       2762        74
I         61        75
I        996        76
I       2756        77
I       3053        78
I        381        79
I       3770        80
I        179        81
I       3781        82
I       2278        83
I       1178        84
I       3737        85
I       1902        86
I       3833        87
I       1748        88
I       1417        89
I       3623        90
I       1532        91
I       3422        92
I        779        93
I       2117        94
I       4017        95
I       3878        96
I       3004        97
I       3912        98
I       3107        99
I       2423       100
I        819       101
I       2858       102
I        269       103
I       2769       104
I        435       105
I       3417       106
I       2223       107
I       3991       108
I        793       109
I       1551       110
I       1770       111
I       2525       112
I       1956       113
I       1977       114
I        638       115
I        727       116
I       1949       117
I         33       118
I       1288       119
I       2726       120
I         85       121
I       2958       122
I       3926       123
I       1281       124
I       1632       125
I       1653       126
I       1440       127
I       1217       128
I       2901       129
I       3353       130
I       2820       131
I       3056       132
I       2042       133
I       2361       134
I       1595       135
I       3653       136
I       3630       137
I         10       138
I       2726       139
I       1816       140
I       2511       141
I       4002       142
I         24       143
I       2543       144
I       1695       145
I       4076       146
I       1201       147
I        121       148
I       3276       149
I       3598       150
I       2279       151
I        217       152
I       3747       153
I       1317       154
I       3901       155
I       1791       156
I       1886       157
I       2498       158
I       3381       159
I       2943       160
I          3       161
I       3014       162
I        444       163
I       1809       164
I       3560       165
I       2135       166
I       2500       167
I        978       168
I       3938       169
I       2217       170
I       4042       171
I       1131       172
I        684       173
I       1795       174
I        232       175
I       1793       176
I       3254       177
I       1797       178
I       3306       179
I        517       180
I       2842       181
I       1760       182
I       1433       183
I       3322       184
I       1244       185
I       3322       186
I       2632       187
I       3899       188
I       2633       189
I       3220       190
I         55       191
I       1430       192
I       2810       193
I        233       194
I        922       195
I       3428       196
I       2374       197
I       1064       198
I       2255       199
I       2643       200
I       3618       201
I       2690       202
I       2499       203
I        283       204
I       3749       205
I       3004       206
I       3838       207
I         66       208
I       3202       209
I       3459       210
I       3066       211
I       2644       212
I       1790       213
I        429       214
I       3766       215
I       1166       216
I       2127       217
I       1151       218
I       2202       219
I       1574       220
I        951       221
I       3916       222
I       2210       223
I       1820       224
I       2815       225
I       2344       226
I       3393       227
I       3582       228
I       4017       229
I       1799       230
I       2957       231
I       3310       232
I       2711       233
I        268       234
I       2152       235
I       1636       236
I       3016       237
I       3183       238
I       3124       239
I       2751       240
I       1249       241
I        105       242
I       1175       243
I       4065       244
I       1000       245
I       2790       246
I       1639       247
I        139       248
I       2845       249
I        171       250
I       3168       251
I       3197       252
I        599       253
I       2894       254
I       1546       255
I       3362       256
I       1110       257
I        111       258
I       3617       259
I       3874       260
I         77       261
I        366       262
I        698       263
I       3157       264
I       2571       265
I         80       266
I       1489       267
I       3490       268
I       1276       269
I       2352       270
I       1707       271
I        856       272
I       3688       273
I       1212       274
I         20       275
I       2378       276
I       3537       277
I       1452       278
I       4020       279
I       2495       280
I         26       281
I       1041       282
I        292       283
I       3804       284
I       3339       285
I        681       286
I       3240       287
I        621       288
I       3570       289
I        997       290
I        102       291
I       3861       292
I       2479       293
I       1522       294
I        452       295
I       2303       296
I       2049       297
I       1674       298
I       3835       299
I       2591       300
I       3661       301
I       3278       302
I       3011       303
I        339       304
I       3358       305
I       2173       306
I       1568       307
I        999       308
I       1526       309
I       3407       310
I       3985       311
I        752       312
I       1523       313
I       2925       314
I       1669       315
I        315       316
I        391       317
I       2853       318
I       3113       319
I       3827       320
I       2567       321
I       3067       322
I       2283       323
I       1954       324
I        260       325
I        885       326
I       1880       327
I       1160       328
I        352       329
I        105       330
I       3214       331
I        905       332
I       1608       333
I        643       334
I       2621       335
I       1834       336
I         18       337
I       1990       338
I        950       339
I        566       340
I        657       341
I        183       342
I       2685       343
I       2861       344
I        507       345
I        861       346
I       1954       347
I       3220       348
I       3214       349
I       3135       350
I       3300       351
I       4026       352
I       1484       353
I       1683       354
I       2634       355
I       3911       356
I       2020       357
I       2054       358
I       3226       359
I         49       360
I        513       361
I         22       362
I        132       363
I       3257       364
I       2351       365
I       1083       366
I        546       367
I       3928       368
I          4       369
I         52       370
I        156       371
I       1407       372
I       1337       373
I        950       374
I       3784       375
I       1370       376
I       1101       377
I       1173       378
I        485       379
I       3147       380
I       3082       381
I       3587       382
I       3776       383
I       3514       384
I       2584       385
I        433       386
I       2291       387
I       1168       388
I       2574       389
I        782       390
I       2171       391
I       2292       392
I       1762       393
I       1881       394
I       3263       395
I        305       396
I       3985       397
I        846       398
I         32       399
I       2804       400
I       2283       401
I       1772       402
I       1732       403
I        118       404
I       1893       405
I        486       406
I       2744       407
I        864       408
I       3539       409
I       3503       410
I       1310       411
I       1784       412
I       3346       413
I        335       414
I        120       415
I       1555       416
I       2285       417
I       1730       418
I       2175       419
I       2721       420
I       2026       421
I        398       422
I       3197       423
I       3760       424
I        740       425
I       3643       426
I        680       427
I       2387       428
I       2387       429
I       2954       430
I       3835       431
I       4036       432
I        653       433
I       1458       434
I       3401       435
I        271       436
I        960       437
I        541       438
I       3026       439
I       2483       440
I        521       441
I       2231       442
I       3030       443
I       2780       444
I       3579       445
I        726       446
I       2755       447
I        731       448
I       3926       449
I       1588       450
I        756       451
I       3851       452
I       1726       453
I        441       454
I       3333       455
I        388       456
I       2697       457
I       3933       458
I       2979       459
I       3943       460
I       3895       461
I        682       462
I         61       463
I       2766       464
I       1561       465
I       1521       466
I        690       467
I       2753       468
I       3471       469
I        785       470
I       1795       471
I       2744       472
I       1574       473
I       3466       474
I       2373       475
I         40       476
I        978       477
I       2186       478
I       2008       479
I       1236       480
I       3165       481
I       1296       482
I       2068       483
I       3724       484
I       2966       485
I       3036       486
I        250       487
I       3727       488
I       2957       489
I       1624       490
I       2227       491
I       1460       492
I        558       493
I         14       494
I       1363       495
I       2577       496
I       3796       497
I       2040       498
I       1879       499
I       2457       500
I       2458       501
I       3058       502
I        310       503
I       3601       504
I       2158       505
I        652       506
I        186       507
I       1178       508
I       3369       509
I        711       510
I        631       511
I        713       512
I       1350       513
I       1794       514
I       1465       515
I       1025       516
I        979       517
I       4024       518
I        498       519
I        388       520
I        937       521
I        684       522
I       3152       523
I       2323       524
I        381       525
I       4057       526
I       2286       527
I        747       528
I       1597       529
I        954       530
I       1523       531
I       2785       532
I       2004       533
I       1323       534
I       4014       535
I       1991       536
I       3257       537
I       2058       538
I       1090       539
I        141       540
I       1192       541
I       3472       542
I        136       543
I         89       544
I        813       545
I       1741       546
I       2818       547
I       3276       548
I       2955       549
I        833       550
I       1008       551
I       1713       552
I        167       553
I       3655       554
I        562       555
I       2793       556
I       1720       557
I       1775       558
I       1388       559
I       3527       560
I       1771       561
I       1051       562
I         70       563
I       3525       564
I        122       565
I       1401       566
I        935       567
I        703       568
I       4073       569
I        770       570
I       3188       571
I       1747       572
I       1225       573
I        750       574
I        175       575
I       2338       576
I        335       577
I       2229       578
I       1406       579
I       4005       580
I       3269       581
I       3549       582
I       2092       583
I       1226       584
I       3986       585
I       1594       586
I        895       587
I       1018       588
I       1944       589
I        625       590
I        746       591
I       3162       592
I       2051       593
I       1815       594
I       4067       595
I       1100       596
I       3180       597
I       1443       598
I       2853       599
I       2352       600
I       1807       601
I       1425       602
I       3709       603
I       2429       604
I       1896       605
I       1262       606
I       1499       607
I        759       608
I       3180       609
I       2396       610
I       3876       611
I       2773       612
I       2971       613
I       2512       614
I       2546       615
I       2433       616
I       3147       617
I       1693       618
I        740       619
I       1314       620
I        328       621
I       1423       622
I       3516       623
I       1291       624
I       2335       625
I       2403       626
I       3774       627
I       1327       628
I       1162       629
I        766       630
I        168       631
I        912       632
I       3793       633
I       2395       634
I       1985       635
I         48       636
I       2326       637
I       1650       638
I       3701       639
I       1233       640
I       2138       641
I        535       642
I       2720       643
I       3820       644
I       3052       645
I       3243       646
I        271       647
I       3517       648
I       3385       649
I       1908       650
I       2404       651
I       2601       652
I       3223       653
I       2623       654
I       3270       655
I        798       656
I       3531       657
I       1166       658
I       1791       659
I       3372       660
I        172       661
I       3485       662
I       2674       663
I       3119       664
I        395       665
I       2736       666
I        999       667
I       3422       668
I       4014       669
I       1241       670
I       1599       671
I        892       672
I       1113       673
I       2671       674
I       3808       675
I        569       676
I       3565       677
I         92       678
I         42       679
I       1675       680
I       1447       681
I        536       682
I        508       683
I       1539       684
I       3413       685
I       3884       686
I       2309       687
I       2475       688
I       2807       689
I       3674       690
I        344       691
I       3112       692
I       3254       693
I       2996       694
I       3326       695
I         94       696
I        359       697
I       3233       698
I       3026       699
I        185       700
I       3937       701
I        419       702
I       3450       703
I       1446       704
I       2129       705
I       3740       706
I       1522       707
I        833       708
I       2963       709
I       2143       710
I       3063       711
I       3693       712
I       4058       713
I       2515       714
I       1245       715
I       1647       716
I       2738       717
I       2158       718
I          8       719
I       3622       720
I       1298       721
I       3357       722
I       3253       723
I       2438       724
I       1453       725
I       3699       726
I        830       727
I       1380       728
I        738       729
I       3779       730
I       4053       731
I        575       732
I       2668       733
I       2306       734
I       2481       735
I       3010       736
I       3278       737
I       2376       738
I       2742       739
I        254       740
I       1103       741
I       3346       742
I       3073       743
I       1402       744
I       2482       745
I       1279       746
I       2563       747
I       1223       748
I        668       749
I        502       750
I       3582       751
I       1620       752
I       1098       753
I       1075       754
I        552       755
I       3120       756
I        276       757
I       2751       758
I       1275       759
I       1445       760
I        571       761
I        673       762
I       3978       763
I       1551       764
I       2394       765
I       3917       766
I       3030       767
I       1232       768
I       1915       769
I       1703       770
I       2331       771
I       2699       772
I        155       773
I       2432       774
I       2275       775
I       3439       776
I       3732       777
I       3223       778
I        808       779
I       2634       780
I       2001       781
I       1497       782
I       1414       783
I       3035       784
I       2578       785
I       2896       786
I        493       787
I        605       788
I       2825       789
I       3567       790
I       1929       791
I       3838       792
I        728       793
I       1014       794
I       3516       795
I       2580       796
I       3972       797
I       1287       798
I       3336       799
I       4007       800
I       3675       801
I        740       802
I       3849       803
I       2314       804
I        759       805
I        406       806
I        598       807
I       2381       808
I        945       809
I        852       810
I        339       811
I       1677       812
I       2293       813
I       1841       814
I       3961       815
I       1828       816
I       3218       817
I       3557       818
I        337       819
I       3964       820
I       3358       821
I        608       822
I       3517       823
I        891       824
I       1196       825
I       1131       826
I       1381       827
I        751       828
I       3066       829
I       2310       830
I       1565       831
I        576       832
I       4069       833
I        129       834
I       3292       835
I       2457       836
I       3476       837
I       3805       838
I       3905       839
I       3815       840
I       3801       841
I       3228       842
I       3390       843
I       1644       844
I        954       845
I       3440       846
I       3120       847
I       1973       848
I        122       849
I       1201       850
I       2782       851
I       2275       852
I       2585       853
I        788       854
I       1956       855
I       3060       856
I       2509       857
I       3067       858
I       1408       859
I       2399       860
I       2281       861
I       2919       862
I       1850       863
I       1933       864
I       3279       865
I        330       866
I       1955       867
I       3940       868
I        426       869
I       3140       870
I        604       871
I       1511       872
I       3332       873
I       1716       874
I       1196       875
I       1962       876
I       2763       877
I       1440       878
I        345       879
I       3205       880
I        782       881
I       3399       882
I       1554       883
I        271       884
I       1617       885
I       1603       886
I       3601       887
I       2882       888
I       3185       889
I         93       890
I       2502       891
I       3333       892
I       2244       893
I       2123       894
I       2296       895
I       3486       896
I       3343       897
I       3354       898
I       3876       899
I       1046       900
I        629       901
I        101       902
I       3348       903
I       2746       904
I       2864       905
I       2974       906
I       2598       907
I         11       908
I        758       909
I       1726       910
I       2677       911
I        793       912
I       3984       913
I       2791       914
I        699       915
I       1634       916
I       3175       917
I       2966       918
I       3658       919
I        143       920
I       2744       921
I       2233       922
I       3933       923
I        768       924
I       4059       925
I       3995       926
I       1074       927
I        614       928
I       1868       929
I       3310       930
I       1600       931
I       2529       932
I        672       933
I        754       934
I        352       935
I       2495       936
I        418       937
I       3717       938
I       2472       939
I       1282       940
I       2696       941
I        728       942
I       3716       943
I       3148       944
I       1131       945
I        700       946
I       3082       947
I       2815       948
I       1030       949
I        254       950
I        234       951
I       1125       952
I       2155       953
I        751       954
I        786       955
I       2562       956
I       3297       957
I       3959       958
I       2923       959
I       3766       960
I       2758       961
I       3011       962
I       1590       963
I       1974       964
I       3143       965
I       4050       966
I       1025       967
I       2404       968
I        150       969
I       2301       970
I       3290       971
I       3314       972
I        113       973
I       2260       974
I       3894       975
I       2661       976
I        989       977
I        839       978
I       1518       979
I       1803       980
I        589       981
I       3035       982
I       2834       983
I       2085       984
I       1460       985
I        276       986
I       1792       987
I       3250       988
I       1928       989
I       2487       990
I       1122       991
I       2245       992
I       1370       993
I        156       994
I       3681       995
I       4048       996
I        872       997
I       3735       998
I        121       999
I       3281      1000
I       1595      1001
I       1833      1002
I       1763      1003
I       2048      1004
I       3690      1005
I       3997      1006
I       2102      1007
I        432      1008
I       3437      1009
I       3590      1010
I       3367      1011
I       1569      1012
I        184      1013
I       3892      1014
I       2911      1015
I        333      1016
I       1496      1017
I       1445      1018
I       3895      1019
I       3226      1020
I       3732      1021
I       2275      1022
I       3668      1023
I       2722      1024
I       3428      1025
I       3907      1026
I        619      1027
I        707      1028
I       4039      1029
I       1091      1030
I       2247      1031
I       3311      1032
I        271      1033
I       3362      1034
I       2046      1035
I        922      1036
I       2467      1037
I       2647      1038
I       1018      1039
I       2398      1040
I        484      1041
I        213      1042
I       3849      1043
I        467      1044
I        533      1045
I       2929      1046
I        123      1047
I       1948      1048
I       2258      1049
I        580      1050
I        250      1051
I       1425      1052
I       3171      1053
I       1979      1054
I         29      1055
I       2417      1056
I        270      1057
I       3009      1058
I       1574      1059
I        503      1060
I        681      1061
I        437      1062
I       2472      1063
I       3907      1064
I       3697      1065
I        974      1066
I       2861      1067
I       3026      1068
I       2192      1069
I        102      1070
I       3077      1071
I        313      1072
I        882      1073
I       3875      1074
I       2441      1075
I       3272      1076
I       3571      1077
I        722      1078
I       3700      1079
I       1891      1080
I       1719      1081
I       3091      1082
I       1272      1083
I       3630      1084
I       3043      1085
I       1087      1086
I       3883      1087
I       2857      1088
I       1101      1089
I        982      1090
I        454      1091
I       1975      1092
I        361      1093
I        780      1094
I       2308      1095
I       2665      1096
I       2705      1097
I       1473      1098
I       3983      1099
I        615      1100
I       3880      1101
I        822      1102
I       2425      1103
I       2820      1104
I       2743      1105
I        210      1106
I       1642      1107
I       2561      1108
I       3855      1109
I        935      1110
I       3604      1111
I       3992      1112
I       3140      1113
I       2053      1114
I       2969      1115
I       3446      1116
I       1372      1117
I       3994      1118
I       2169      1119
I       2413      1120
I         77      1121
I       1803      1122
I        515      1123
I       1042      1124
I       2715      1125
I        290      1126
I       3484      1127
I        650      1128
I       3981      1129
I       3486      1130
I       3123      1131
I       1910      1132
I       1672      1133
I       2627      1134
I        893      1135
I       3650      1136
I       2628      1137
I       1769      1138
I       2060      1139
I        164      1140
I        383      1141
I        407      1142
I       2164      1143
I       3474      1144
I       1248      1145
I       3155      1146
I        539      1147
I       1290      1148
I       2977      1149
I        956      1150
I        414      1151
I         43      1152
I       1939      1153
I       1539      1154
I       3034      1155
I       1912      1156
I        663      1157
I         63      1158
I       1175      1159
I       1856      1160
I          8      1161
I        698      1162
I        814      1163
I       1312      1164
I       1330      1165
I       3925      1166
I       3691      1167
I       3407      1168
I       2571      1169
I       2398      1170
I       1806      1171
I        453      1172
I        161      1173
I       2585      1174
I        219      1175
I       3912      1176
I       3409      1177
I       3811      1178
I       2943      1179
I       3659      1180
I       3019      1181
I        689      1182
I        359      1183
I       2339      1184
I        572      1185
I        680      1186
I        370      1187
I       1678      1188
I        295      1189
I         73      1190
I       2092      1191
I       2038      1192
I       1818      1193
I       2931      1194
I       3117      1195
I        515      1196
I        269      1197
I       3976      1198
I        358      1199
I        960      1200
I       3655      1201
I        797      1202
I       2556      1203
I       1519      1204
I       2777      1205
I       3017      1206
I       3339      1207
I       2222      1208
I       1856      1209
I        292      1210
I       3972      1211
I         91      1212
I        408      1213
I       2360      1214
I       2198      1215
I       1862      1216
I        945      1217
I       3012      1218
I       3862      1219
I       1598      1220
I       2056      1221
I        489      1222
I       1884      1223
I       3910      1224
I       1402      1225
I       4082      1226
I       3308      1227
I       2897      1228
I        978      1229
I       3289      1230
I       4041      1231
I        304      1232
I       2621      1233
I       3447      1234
I       2209      1235
I       3822      1236
I         25      1237
I       1417      1238
I         75      1239
I       3015      1240
I       3081      1241
I        206      1242
I       2739      1243
I       1042      1244
I        208      1245
I       3554      1246
I       1823      1247
I        364      1248
I       3522      1249
I       1997      1250
I       3329      1251
I       1810      1252
I        220      1253
I       3459      1254
I        796      1255
I        513      1256
I        884      1257
I       1610      1258
I       3300      1259
I       1197      1260
I       2792      1261
I       2346      1262
I       2852      1263
I        238      1264
I        311      1265
I       2801      1266
I       3982      1267
I       2837      1268
I       3208      1269
I        966      1270
I         11      1271
I       2186      1272
I       1620      1273
I       1646      1274
I         46      1275
I       2959      1276
I       2836      1277
I       3220      1278
I       2646      1279
I       1526      1280
I        950      1281
I       3481      1282
I       3536      1283
I       3902      1284
I       3659      1285
I       3448      1286
I       1001      1287
I       1135      1288
I       2321      1289
I       2469      1290
I       3063      1291
I        193      1292
I        372      1293
I       1009      1294
I       2528      1295
I       3118      1296
I       1638      1297
I       3527      1298
I        982      1299
I         88      1300
I       2228      1301
I       1300      1302
I       2044      1303
I       1352      1304
I       1409      1305
I       1422      1306
I       2416      1307
I       3772      1308
I        137      1309
I        489      1310
I       1311      1311
I       1110      1312
I       1877      1313
I       3974      1314
I       3084      1315
I       2310      1316
I       2985      1317
I       1056      1318
I        371      1319
I        567      1320
I       3884      1321
I       1688      1322
I       2156      1323
I       3012      1324
I       2493      1325
I       3206      1326
I       2666      1327
I       1134      1328
I       2597      1329
I       1450      1330
I        950      1331
I       3519      1332
I       3715      1333
I       3163      1334
I       3499      1335
I       3719      1336
I       1046      1337
I        315      1338
I       3672      1339
I       2716      1340
I       1455      1341
I       3639      1342
I       2465      1343
I       3616      1344
I       3726      1345
I       1728      1346
I         12      1347
I        983      1348
I       3018      1349
I       2241      1350
I        817      1351
I        892      1352
I       2908      1353
I       3867      1354
I        995      1355
I       1914      1356
I       3488      1357
I        551      1358
I        381      1359
I       1400      1360
I       2510      1361
I       1499      1362
I       1860      1363
I       2885      1364
I       3673      1365
I       1449      1366
I       4034      1367
I       3992      1368
I       3984      1369
I       1213      1370
I       1292      1371
I       1939      1372
I       2757      1373
I       1975      1374
I       1584      1375
I        255      1376
I        818      1377
I        679      1378
I       2706      1379
I       3694      1380
I        777      1381
I       3151      1382
I        797      1383
I       2764      1384
I       1041      1385
I       1559      1386
I       3591      1387
I        233      1388
I       2805      1389
I       2422      1390
I       1808      1391
I       3014      1392
I       2853      1393
I        852      1394
I       1893      1395
I       1834      1396
I       2016      1397
I       1695      1398
I        370      1399
I        496      1400
I       2669      1401
I       1498      1402
I       3018      1403
I        859      1404
I       3024      1405
I        751      1406
I        718      1407
I       1208      1408
I        251      1409
I       1426      1410
I        921      1411
I       3028      1412
I       2990      1413
I        437      1414
I        810      1415
I       3676      1416
I        523      1417
I       1841      1418
I        711      1419
I       1279      1420
I        257      1421
I       3927      1422
I        357      1423
I       1081      1424
I       3554      1425
I        507      1426
I       1550      1427
I        659      1428
I       3801      1429
I       1772      1430
I       3805      1431
I        906      1432
I       1150      1433
I        743      1434
I       3463      1435
I       1618      1436
I       3825      1437
I       3945      1438
I        209      1439
I       2495      1440
I       1326      1441
I         67      1442
I       1567      1443
I       3626      1444
I       3325      1445
I       1212      1446
I        452      1447
I       2693      1448
I        815      1449
I       2329      1450
I       1716      1451
I       3847      1452
I       2400      1453
I       2505      1454
I       3252      1455
I       3322      1456
I       3572      1457
I       2590      1458
I       1647      1459
I       2890      1460
I        158      1461
I       1536      1462
I       3770      1463
I       2936      1464
I       1672      1465
I       3801      1466
I       3735      1467
I       3520      1468
I        182      1469
I       2221      1470
I       1765      1471
I       2610      1472
I        823      1473
I       2774      1474
I        997      1475
I        825      1476
I       4032      1477
I       3756      1478
I       3790      1479
I       3895      1480
I        908      1481
I       2990      1482
I       1867      1483
I        123      1484
I       1765      1485
I       2891      1486
I       1805      1487
I       2765      1488
I          3      1489
I       2019      1490
I       2816      1491
I       2225      1492
I       2568      1493
I       3025      1494
I       1560      1495
I        380      1496
I       1760      1497
I        774      1498
I       3239      1499
I        612      1500
I        235      1501
I        734      1502
I       1891      1503
I       3866      1504
I        687      1505
I       2544      1506
I       1809      1507
I       1001      1508
I       2691      1509
I        150      1510
I       3331      1511
I       1665      1512
I        280      1513
I       3096      1514
I       3930      1515
I       3043      1516
I       1719      1517
I        185      1518
I       1026      1519
I       1232      1520
I       3685      1521
I        603      1522
I       3020      1523
I       3906      1524
I       2076      1525
I       2095      1526
I        108      1527
I       1293      1528
I       3229      1529
I       1533      1530
I       3207      1531
I        689      1532
I       3721      1533
I       3688      1534
I       1715      1535
I        927      1536
I        142      1537
I       3756      1538
I       2346      1539
I       3711      1540
I        138      1541
I       1728      1542
I       3117      1543
I       1650      1544
I       2412      1545
I       2363      1546
I       3037      1547
I        830      1548
I       1752      1549
I       2736      1550
I       1017      1551
I       2007      1552
I       3121      1553
I       3265      1554
I       1140      1555
I         72      1556
I       1967      1557
I       1853      1558
I       1816      1559
I       1445      1560
I       2355      1561
I       3294      1562
I       3750      1563
I       3711      1564
I       2283      1565
I        467      1566
I       2881      1567
I       3596      1568
I       3017      1569
I       3197      1570
I       1044      1571
I       2156      1572
I       2366      1573
I       3335      1574
I       3133      1575
I       2405      1576
I       2478      1577
I       1877      1578
I       2861      1579
I        762      1580
I       2767      1581
I       2787      1582
I       1451      1583
I         70      1584
I       1789      1585
I        764      1586
I       1320      1587
I        257      1588
I       1350      1589
I       2190      1590
I       1874      1591
I       1839      1592
I       1067      1593
I       2254      1594
I       3947      1595
I       1334      1596
I       1140      1597
I       2275      1598
I       3320      1599
I       2310      1600
I       3063      1601
I        928      1602
I       2968      1603
I       3774      1604
I       2425      1605
I        914      1606
I       2397      1607
I        275      1608
I       1514      1609
I       3440      1610
I       1459      1611
I       3865      1612
I       2436      1613
I       3453      1614
I       2428      1615
I        513      1616
I       3821      1617
I       1660      1618
I       2783      1619
I         46      1620
I       1148      1621
I        510      1622
I       1073      1623
I        820      1624
I       3956      1625
I        298      1626
I       3227      1627
I       2787      1628
I       2510      1629
I         44      1630
I       3874      1631
I       1334      1632
I       3095      1633
I        569      1634
I       3455      1635
I       2950      1636
I       1555      1637
I        887      1638
I       2302      1639
I       2570      1640
I       1660      1641
I       1633      1642
I       2755      1643
I        439      1644
I       1870      1645
I       1814      1646
I       1175      1647
I       3622      1648
I       2983      1649
I       3490      1650
I       2001      1651
I        212      1652
I       3385      1653
I       1150      1654
I       1280      1655
I       3020      1656
I       1000      1657
I       1799      1658
I        903      1659
I       3192      1660
I       2254      1661
I       3063      1662
I       1376      1663
I       1998      1664
I       1022      1665
I        526      1666
I       2977      1667
I        221      1668
I       4000      1669
I       2665      1670
I       1661      1671
I       2689      1672
I        287      1673
I       3537      1674
I       3106      1675
I       2599      1676
I       1712      1677
I       3853      1678
I        849      1679
I       3131      1680
I       2057      1681
I       3689      1682
I       3104      1683
I       1559      1684
I       1891      1685
I       4021      1686
I       1800      1687
I       3383      1688
I       3617      1689
I       4017      1690
I       1276      1691
I        771      1692
I       2098      1693
I       3984      1694
I        945      1695
I         36      1696
I       1351      1697
I       1547      1698
I       3001      1699
I       2506      1700
I       1323      1701
I       3694      1702
I       1007      1703
I       1714      1704
I       3987      1705
I       2643      1706
I       1183      1707
I       3645      1708
I       2717      1709
I       3759      1710
I       2498      1711
I       3164      1712
I        298      1713
I       3331      1714
I        426      1715
I       2462      1716
I       2010      1717
I        453      1718
I       3061      1719
I       3833      1720
I       3032      1721
I        521      1722
I        479      1723
I        232      1724
I       2054      1725
I        958      1726
I       3797      1727
I       3684      1728
I       1157      1729
I        317      1730
I       2298      1731
I       1654      1732
I       1322      1733
I       1370      1734
I        739      1735
I       3879      1736
I       3331      1737
I        360      1738
I        393      1739
I        566      1740
I        838      1741
I       1658      1742
I       1451      1743
I       1835      1744
I       3103      1745
I        153      1746
I       3902      1747
I       3927      1748
I        740      1749
I       2950      1750
I        834      1751
I       3062      1752
I        748      1753
I       1017      1754
I       3151      1755
I       3445      1756
I       1320      1757
I        246      1758
I       2495      1759
I       4059      1760
I       2303      1761
I       3052      1762
I       1817      1763
I       1778      1764
I       3230      1765
I        378      1766
I       2541      1767
I       2572      1768
I       2396      1769
I       2088      1770
I       1239      1771
I        156      1772
I        216      1773
I        443      1774
I       3302      1775
I        641      1776
I       4021      1777
I        911      1778
I       3314      1779
I        125      1780
I        801      1781
I       3754      1782
I       2617      1783
I       3998      1784
I       2561      1785
I       1288      1786
I       3519      1787
I       3345      1788
I       1050      1789
I        528      1790
I        317      1791
I       1769      1792
I       2609      1793
I       3865      1794
I       2282      1795
I       2773      1796
I        672      1797
I       1635      1798
I       1545      1799
I       1636      1800
I       1268      1801
I       2690      1802
I       3380      1803
I        666      1804
I       2883      1805
I       1519      1806
I       3679      1807
I       2149      1808
I       2231      1809
I        102      1810
I       3550      1811
I       2159      1812
I       2410      1813
I       3445      1814
I       3745      1815
I        500      1816
I       3561      1817
I       2414      1818
I       1145      1819
I       2492      1820
I       1770      1821
I       3814      1822
I       3841      1823
I       1489      1824
I        225      1825
I        817      1826
I       2249      1827
I        157      1828
I       2473      1829
I        284      1830
I       2087      1831
I       3566      1832
I       2314      1833
I       2395      1834
I       2549      1835
I         96      1836
I       3442      1837
I       2645      1838
I       1071      1839
I       1302      1840
I       2503      1841
I       3446      1842
I       2930      1843
I       3850      1844
I       2238      1845
I       2956      1846
I       3156      1847
I       1058      1848
I       1080      1849
I        663      1850
I       2904      1851
I       2247      1852
I        905      1853
I        501      1854
I       1004      1855
I       1696      1856
I       1783      1857
I       1876      1858
I       1673      1859
I       3719      1860
I       2843      1861
I       2738      1862
I       3392      1863
I       1519      1864
I       3818      1865
I       1420      1866
I        525      1867
I       3910      1868
I       1945      1869
I       1509      1870
I       2121      1871
I       2407      1872
I       2694      1873
I       1322      1874
I       2506      1875
I        507      1876
I         53      1877
I        360      1878
I       3531      1879
I        324      1880
I       2841      1881
I       2584      1882
I       3759      1883
I       2765      1884
I        934      1885
I       3921      1886
I       2255      1887
I       1139      1888
I       1359      1889
I       4082      1890
I       1369      1891
I        912      1892
I        967      1893
I        165      1894
I       2779      1895
I        765      1896
I        468      1897
I       2260      1898
I       1175      1899
I       4057      1900
I       2210      1901
I       1297      1902
I       3516      1903
I       3099      1904
I        163      1905
I       1355      1906
I       1840      1907
I       1787      1908
I       2346      1909
I        904      1910
I         35      1911
I       1468      1912
I       2267      1913
I       3029      1914
I       3902      1915
I       1954      1916
I        638      1917
I       3766      1918
I       2292      1919
I       3038      1920
I       1555      1921
I       1386      1922
I        654      1923
I        572      1924
I       1753      1925
I       1024      1926
I       1936      1927
I       2541      1928
I       2058      1929
I       2769      1930
I       2186      1931
I       2820      1932
I         97      1933
I       2423      1934
I       3624      1935
I       2965      1936
I       2292      1937
I       2490      1938
I        165      1939
I       1179      1940
I       2925      1941
I        159      1942
I       1359      1943
I       1632      1944
I       2245      1945
I       2860      1946
I        515      1947
I        370      1948
I       2553      1949
I       3269      1950
I       3123      1951
I        553      1952
I       1243      1953
I         85      1954
I       2710      1955
I       1055      1956
I       2449      1957
I        492      1958
I       2917      1959
I       1807      1960
I       2178      1961
I       2619      1962
I       3568      1963
I       1405      1964
I        942      1965
I        117      1966
I        520      1967
I        199      1968
I       3330      1969
I       2590      1970
I       3531      1971
I       3534      1972
I        410      1973
I        627      1974
I       1604      1975
I       2086      1976
I       1334      1977
I        462      1978
I       3957      1979
I        601      1980
I        153      1981
I         40      1982
I       2211      1983
I        850      1984
I       3286      1985
I       3247      1986
I       1517      1987
I       2864      1988
I       3057      1989
I       1271      1990
I       2111      1991
I       2534      1992
I        117      1993
I       3347      1994
I       4015      1995
I       3308      1996
I       2877      1997
I       2853      1998
I       3096      1999
I       1438      2000
I       3784      2001
I        161      2002
I       1200      2003
I       2354      2004
I       2727      2005
I       2977      2006
I       1971      2007
I       3982      2008
I       3512      2009
I        960      2010
I        810      2011
I       3271      2012
I       2673      2013
I       3142      2014
I       3733      2015
I        358      2016
I       2490      2017
I       3964      2018
I       2697      2019
I       1826      2020
I       1653      2021
I       4043      2022
I       3062      2023
I       2909      2024
I        611      2025
I        331      2026
I       3322      2027
I       3373      2028
I        823      2029
I        983      2030
I       3608      2031
I        782      2032
I       3474      2033
I       3557      2034
I       1571      2035
I       2638      2036
I       2434      2037
I        339      2038
I       3073      2039
I       1261      2040
I        973      2041
I        604      2042
I       2135      2043
I        472      2044
I          6      2045
I       2455      2046
I       2973      2047
I        691      2048
I       2830      2049
I        149      2050
I        704      2051
I       1550      2052
I       3259      2053
I       3531      2054
I       3597      2055
I       3872      2056
I       3520      2057
I       2235      2058
I       2405      2059
I       2176      2060
I       2247      2061
I        385      2062
I       1194      2063
I       1408      2064
I        229      2065
I       1072      2066
I       1635      2067
I        707      2068
I       3356      2069
I       2396      2070
I        576      2071
I       1523      2072
I       1624      2073
I        119      2074
I       3387      2075
I       1688      2076
I        905      2077
I       1045      2078
I       2315      2079
I       1110      2080
I       4003      2081
I       2656      2082
I       2857      2083
I       2817      2084
I       3800      2085
I         47      2086
I       3352      2087
I       3716      2088
I       1518      2089
I       2158      2090
I       3527      2091
I       1258      2092
I       1073      2093
I       1780      2094
I       1261      2095
I       1559      2096
I        845      2097
I          4      2098
I        351      2099
I       2665      2100
I       4088      2101
I       1315      2102
I        489      2103
I       2396      2104
I        840      2105
I       2244      2106
I       3929      2107
I        748      2108
I       4079      2109
I        171      2110
I       2448      2111
I       1545      2112
I       2391      2113
I        474      2114
I       2387      2115
I       2693      2116
I        857      2117
I       3584      2118
I       1724      2119
I       1720      2120
I       2842      2121
I       2804      2122
I        969      2123
I       3101      2124
I       1534      2125
I       1279      2126
I        189      2127
I        832      2128
I       3159      2129
I       1512      2130
I       2015      2131
I       1989      2132
I       2483      2133
I        332      2134
I        134      2135
I       1097      2136
I        221      2137
I       3566      2138
I        440      2139
I       1402      2140
I       2291      2141
I       2905      2142
I        416      2143
I       2263      2144
I       1489      2145
I       3584      2146
I        492      2147
I        500      2148
I       1912      2149
I       2089      2150
I       2668      2151
I       1118      2152
I        289      2153
I       2296      2154
I         44      2155
I       3887      2156
I       2091      2157
I       2527      2158
I       4056      2159
I       3283      2160
I       1315      2161
I       3878      2162
I       1044      2163
I        666      2164
I       4029      2165
I       1044      2166
I         15      2167
I       2593      2168
I         28      2169
I       2344      2170
I         94      2171
I       3451      2172
I       3100      2173
I       1230      2174
I        834      2175
I        990      2176
I       3000      2177
I       2762      2178
I       3685      2179
I        122      2180
I        227      2181
I       2654      2182
I        560      2183
I        880      2184
I       3718      2185
I       1306      2186
I       3357      2187
I        700      2188
I       2006      2189
I       1434      2190
I       3488      2191
I       2196      2192
I        888      2193
I       2998      2194
I       2620      2195
I       4053      2196
I       3731      2197
I        140      2198
I       2028      2199
I       4022      2200
I       3947      2201
I       1015      2202
I       4096      2203
I       1949      2204
I       3210      2205
I       1662      2206
I       1925      2207
I       2053      2208
I        195      2209
I         82      2210
I       2253      2211
I       3878      2212
I       2041      2213
I       3678      2214
I        798      2215
I       3790      2216
I       2454      2217
I       3230      2218
I       1405      2219
I        302      2220
I       1448      2221
I       1676      2222
I       1829      2223
I       1206      2224
I        977      2225
I        217      2226
I         28      2227
I        760      2228
I       2457      2229
I       3910      2230
I        528      2231
I       3624      2232
I       2249      2233
I       1063      2234
I       1906      2235
I       3671      2236
I        787      2237
I       3528      2238
I       3389      2239
I       1062      2240
I       3671      2241
I       1634      2242
I       2020      2243
I        498      2244
I       2556      2245
I       3438      2246
I       2064      2247
I       2723      2248
I       2505      2249
I       2863      2250
I        473      2251
I       1608      2252
I       3310      2253
I        251      2254
I       3060      2255
I       3575      2256
I        518      2257
I       2118      2258
I       1283      2259
I       2337      2260
I       1489      2261
I       2089      2262
I        332      2263
I       3209      2264
I       3450      2265
I       2966      2266
I        627      2267
I        662      2268
I        339      2269
I       2108      2270
I       4065      2271
I       3732      2272
I       1453      2273
I       2114      2274
I       1150      2275
I       2905      2276
I       2212      2277
I        413      2278
I       2356      2279
I       3681      2280
I       1762      2281
I       2061      2282
I       3862      2283
I       1464      2284
I       3987      2285
I         89      2286
I        290      2287
I       1825      2288
I       3405      2289
I        945      2290
I       1599      2291
I        387      2292
I       1905      2293
I       3048      2294
I        818      2295
I       1168      2296
I       1902      2297
I        818      2298
I        543      2299
I       3958      2300
I        709      2301
I       3485      2302
I       1483      2303
I       1099      2304
I       1569      2305
I         60      2306
I       2710      2307
I       2616      2308
I       2365      2309
I       3864      2310
I       1006      2311
I       1861      2312
I       1740      2313
I       3089      2314
I       2476      2315
I       3615      2316
I       1427      2317
I       2491      2318
I       3660      2319
I        832      2320
I       2337      2321
I       3049      2322
I        401      2323
I        254      2324
I        191      2325
I       1146      2326
I       2243      2327
I       1152      2328
I       2877      2329
I       2692      2330
I       1717      2331
I       2769      2332
I       3927      2333
I        279      2334
I        287      2335
I        837      2336
I       2910      2337
I       1127      2338
I       2952      2339
I       3422      2340
I       2382      2341
I       2588      2342
I       2811      2343
I       3320      2344
I       1076      2345
I       1142      2346
I        619      2347
I       3377      2348
I       1425      2349
I       1289      2350
I        465      2351
I       3199      2352
I       2573      2353
I       1081      2354
I       3787      2355
I        868      2356
I       1953      2357
I        237      2358
I       3253      2359
I       1547      2360
I        873      2361
I        806      2362
I       2521      2363
I       1594      2364
I       1295      2365
I       3480      2366
I       2485      2367
I       1518      2368
I       1962      2369
I       3351      2370
I       1561      2371
I       2032      2372
I       3353      2373
I       2412      2374
I       2838      2375
I       2185      2376
I       3677      2377
I       1401      2378
I       3270      2379
I        413      2380
I       1665      2381
I       4014      2382
I        232      2383
I       3764      2384
I       1827      2385
I       2747      2386
I        547      2387
I       4004      2388
I        167      2389
I       1590      2390
I         67      2391
I       1260      2392
I       4052      2393
I       3872      2394
I       3249      2395
I       2637      2396
I       1750      2397
I       1227      2398
I       1565      2399
I       1680      2400
I       1483      2401
I        357      2402
I       1813      2403
I       2660      2404
I       4032      2405
I        848      2406
I        828      2407
I       1161      2408
I       2676      2409
I       1613      2410
I        999      2411
I       2402      2412
I       3577      2413
I         75      2414
I       3223      2415
I       1539      2416
I        157      2417
I       2391      2418
I       2952      2419
I       1161      2420
I        852      2421
I       2448      2422
I        552      2423
I       1371      2424
I       3998      2425
I       3704      2426
I       2807      2427
I       2822      2428
I        979      2429
I       2122      2430
I       3300      2431
I       3944      2432
I        579      2433
I       1058      2434
I       2322      2435
I        897      2436
I       1134      2437
I       2756      2438
I         28      2439
I       4012      2440
I        636      2441
I        835      2442
I        451      2443
I       2558      2444
I       1770      2445
I       3894      2446
I       1167      2447
I        747      2448
I       2489      2449
I        523      2450
I       1705      2451
I       2154      2452
I       1003      2453
I       1031      2454
I        798      2455
I       3497      2456
I       1328      2457
I       2557      2458
I       3910      2459
I       1606      2460
I       2495      2461
I        967      2462
I       1586      2463
I       3561      2464
I       1919      2465
I       3490      2466
I       1774      2467
I       3807      2468
I       3699      2469
I       1641      2470
I       2641      2471
I        938      2472
I        520      2473
I       1283      2474
I       2045      2475
I       2481      2476
I        981      2477
I        656      2478
I       1348      2479
I       1752      2480
I       3669      2481
I       2209      2482
I        694      2483
I       2396      2484
I       2511      2485
I       1663      2486
I       3709      2487
I        564      2488
I       1479      2489
I       2078      2490
I        220      2491
I       2589      2492
I       1475      2493
I        487      2494
I       3975      2495
I       3474      2496
I       2099      2497
I        304      2498
I       2154      2499
I       2600      2500
I       2667      2501
I        720      2502
I        130      2503
I       2641      2504
I        267      2505
I        705      2506
I       2498      2507
I       1656      2508
I       1169      2509
I       1648      2510
I       1734      2511
I       3540      2512
I       1912      2513
I        142      2514
I       3614      2515
I        601      2516
I        567      2517
I        201      2518
I       2724      2519
I       4028      2520
I       2325      2521
I       2182      2522
I       1966      2523
I       3995      2524
I        279      2525
I       3721      2526
I       3238      2527
I       1228      2528
I       1496      2529
I       2019      2530
I       4026      2531
I       1045      2532
I       3342      2533
I       3795      2534
I        721      2535
I       1578      2536
I       1664      2537
I       3911      2538
I       3697      2539
I        671      2540
I       1618      2541
I       2480      2542
I        479      2543
I       3842      2544
I       1349      2545
I        569      2546
I       3230      2547
I       3242      2548
I       1410      2549
I       4072      2550
I       3564      2551
I       1378      2552
I       1214      2553
I       2495      2554
I       3649      2555
I       3308      2556
I       2576      2557
I       3866      2558
I       1873      2559
I        122      2560
I       4096      2561
I       1250      2562
I        863      2563
I        300      2564
I       3292      2565
I       4019      2566
I        824      2567
I       2598      2568
I       2744      2569
I       1319      2570
I       3526      2571
I       3949      2572
I       2445      2573
I        204      2574
I       1125      2575
I       3363      2576
I       2377      2577
I       3518      2578
I       2068      2579
I       3761      2580
I          4      2581
I       3718      2582
I       1627      2583
I        458      2584
I       3494      2585
I         61      2586
I       1983      2587
I        462      2588
I       3478      2589
I       3973      2590
I       1401      2591
I       2580      2592
I       3034      2593
I       1730      2594
I       1661      2595
I        456      2596
I       2199      2597
I       1158      2598
I       1837      2599
I       1796      2600
I       2394      2601
I       2741      2602
I       3932      2603
I       1269      2604
I       1689      2605
I       1679      2606
I        926      2607
I       2073      2608
I       1605      2609
I       2457      2610
I       2195      2611
I       1352      2612
I       2618      2613
I        291      2614
I       3906      2615
I       1731      2616
I       1610      2617
I       2878      2618
I        355      2619
I        226      2620
I       3047      2621
I       1518      2622
I         51      2623
I       1391      2624
I       3927      2625
I        397      2626
I       3578      2627
I       2040      2628
I        736      2629
I       3479      2630
I        966      2631
I       1548      2632
I       3696      2633
I       2771      2634
I       3052      2635
I       1729      2636
I       2946      2637
I       1766      2638
I       2997      2639
I        928      2640
I       3745      2641
I        776      2642
I       1292      2643
I       1862      2644
I       2446      2645
I       2216      2646
I        216      2647
I       2677      2648
I       3123      2649
I        948      2650
I        627      2651
I       2811      2652
I       1475      2653
I       2284      2654
I       1339      2655
I        197      2656
I       1791      2657
I       1131      2658
I       4027      2659
I        540      2660
I       3264      2661
I        471      2662
I         15      2663
I        504      2664
I       3165      2665
I       1132      2666
I        274      2667
I        121      2668
I       1360      2669
I       4092      2670
I       2228      2671
I       2180      2672
I       2047      2673
I       3167      2674
I       2400      2675
I        884      2676
I       4031      2677
I         52      2678
I        765      2679
I        142      2680
I       3634      2681
I       1787      2682
I       2702      2683
I       1766      2684
I       3573      2685
I       3922      2686
I        665      2687
I        811      2688
I       3496      2689
I       1005      2690
I        176      2691
I       1986      2692
I        563      2693
I       3750      2694
I       1400      2695
I       4013      2696
I       2715      2697
I       2154      2698
I       2776      2699
I       1009      2700
I       2205      2701
I       2574      2702
I       1171      2703
I       3257      2704
I       2341      2705
I       2238      2706
I        986      2707
I       1298      2708
I         32      2709
I       2766      2710
I       2750      2711
I        261      2712
I       2245      2713
I       2663      2714
I        913      2715
I        198      2716
I       3234      2717
I       2931      2718
I       1601      2719
I       3043      2720
I       2414      2721
I       2340      2722
I        149      2723
I       3687      2724
I       1950      2725
I        116      2726
I       2307      2727
I       2579      2728
I       3371      2729
I       1145      2730
I       2193      2731
I         33      2732
I       1597      2733
I        316      2734
I       3109      2735
I       3410      2736
I       3032      2737
I       4060      2738
I       2444      2739
I       3565      2740
I       1460      2741
I       2929      2742
I        915      2743
I       2573      2744
I       2173      2745
I        426      2746
I       3982      2747
I       2185      2748
I       2520      2749
I       1925      2750
I       3834      2751
I       2183      2752
I        767      2753
I       1659      2754
I       3490      2755
I       3201      2756
I        382      2757
I        830      2758
I       1147      2759
I       1346      2760
I       3670      2761
I       2234      2762
I       1322      2763
I       2634      2764
I       3740      2765
I       2484      2766
I       3164      2767
I       3400      2768
I       2227      2769
I       3408      2770
I       1527      2771
I       3219      2772
I       2735      2773
I       2640      2774
I       2528      2775
I       3600      2776
I        999      2777
I       1163      2778
I        492      2779
I       1222      2780
I        829      2781
I       3724      2782
I        144      2783
I        566      2784
I       2767      2785
I       1553      2786
I       3002      2787
I       1566      2788
I        222      2789
I       1261      2790
I       1348      2791
I       1087      2792
I       2870      2793
I       3310      2794
I        125      2795
I       1381      2796
I        736      2797
I       3602      2798
I       1900      2799
I       1636      2800
I       3381      2801
I       1258      2802
I       1452      2803
I       2767      2804
I        271      2805
I       1047      2806
I       1545      2807
I       3732      2808
I       2081      2809
I       1151      2810
I       3271      2811
I       2112      2812
I       1436      2813
I       3942      2814
I       2435      2815
I        229      2816
I       3330      2817
I       1618      2818
I        815      2819
I        771      2820
I       2128      2821
I       3250      2822
I       3758      2823
I       2110      2824
I       3519      2825
I        538      2826
I         62      2827
I       1879      2828
I        697      2829
I       3608      2830
I       2721      2831
I          4      2832
I        807      2833
I        487      2834
I          6      2835
I       2595      2836
I        610      2837
I       3275      2838
I       2363      2839
I       3636      2840
I       3827      2841
I       1210      2842
I       1088      2843
I       2858      2844
I       1879      2845
I       3443      2846
I       1419      2847
I       1170      2848
I         43      2849
I        179      2850
I       2837      2851
I       1498      2852
I       1043      2853
I       3909      2854
I       3392      2855
I        803      2856
I       1414      2857
I       1139      2858
I        819      2859
I       2495      2860
I        163      2861
I       1276      2862
I       3341      2863
I       3142      2864
I       1194      2865
I       2973      2866
I        253      2867
I       1264      2868
I       1187      2869
I       3360      2870
I       3355      2871
I        460      2872
I       1476      2873
I       2395      2874
I       1850      2875
I       3629      2876
I       1500      2877
I        142      2878
I        625      2879
I       3859      2880
I       1640      2881
I       2603      2882
I       2105      2883
I         61      2884
I       1770      2885
I       1289      2886
I       1487      2887
I       2331      2888
I       1260      2889
I        643      2890
I       2055      2891
I       1146      2892
I        911      2893
I       3696      2894
I       1341      2895
I       3286      2896
I       1079      2897
I       3722      2898
I       2679      2899
I       3721      2900
I       1328      2901
I       2385      2902
I       4014      2903
I        911      2904
I       1160      2905
I        739      2906
I       3217      2907
I       1834      2908
I       1880      2909
I       3391      2910
I       2917      2911
I       1857      2912
I       3115      2913
I        526      2914
I       2893      2915
I       2274      2916
I       1899      2917
I       2835      2918
I        607      2919
I       3762      2920
I       3730      2921
I       2476      2922
I       3694      2923
I         86      2924
I       2328      2925
I       2722      2926
I        743      2927
I        270      2928
I       3783      2929
I       1905      2930
I       1016      2931
I        245      2932
I        881      2933
I        938      2934
I        215      2935
I       1772      2936
I       1986      2937
I       1079      2938
I       2969      2939
I        570      2940
I       2884      2941
I       3954      2942
I       1983      2943
I       2097      2944
I       3890      2945
I       2288      2946
I        536      2947
I       2774      2948
I       3836      2949
I       2088      2950
I       4065      2951
I       1482      2952
I       1981      2953
I        766      2954
I       2352      2955
I       2257      2956
I       1801      2957
I       2534      2958
I       1829      2959
I       1578      2960
I       3611      2961
I       3529      2962
I       1287      2963
I       2916      2964
I       4079      2965
I        457      2966
I       3111      2967
I       2439      2968
I       3227      2969
I       2313      2970
I       1059      2971
I       2935      2972
I        612      2973
I       1886      2974
I       2232      2975
I       3310      2976
I       2667      2977
I       1430      2978
I       1381      2979
I        735      2980
I       3922      2981
I        604      2982
I         99      2983
I        348      2984
I        644      2985
I       1773      2986
I        817      2987
I       1164      2988
I       3741      2989
I       2401      2990
I       2354      2991
I       3716      2992
I       1626      2993
I       2115      2994
I        113      2995
I        939      2996
I       2661      2997
I       1917      2998
I       2660      2999
I       1415      3000
I       2298      3001
I       1633      3002
I       2163      3003
I       1760      3004
I       2958      3005
I       2732      3006
I       2186      3007
I       2935      3008
I          4      3009
I       3894      3010
I       1588      3011
I       3751      3012
I       1597      3013
I        833      3014
I       1805      3015
I       3437      3016
I       2000      3017
I       1826      3018
I       3129      3019
I        582      3020
I        520      3021
I       2208      3022
I       2168      3023
I       2072      3024
I       3312      3025
I       1488      3026
I       2567      3027
I       2602      3028
I       1288      3029
I       2023      3030
I       1128      3031
I       3814      3032
I         62      3033
I       3237      3034
I       2068      3035
I       1019      3036
I       1190      3037
I        376      3038
I        586      3039
I       3880      3040
I       2316      3041
I       2402      3042
I        423      3043
I       3718      3044
I        776      3045
I       3937      3046
I         61      3047
I       3362      3048
I       3105      3049
I       3579      3050
I       2407      3051
I       3502      3052
I       1552      3053
I       3997      3054
I       3908      3055
I       2382      3056
I       2739      3057
I       3376      3058
I       3539      3059
I        187      3060
I       1459      3061
I       2387      3062
I       2800      3063
I       1763      3064
I       3362      3065
I        592      3066
I       3840      3067
I       3577      3068
I       3159      3069
I       1955      3070
I       1350      3071
I        889      3072
I       1704      3073
I       1647      3074
I        274      3075
I       2369      3076
I        918      3077
I       2375      3078
I       3455      3079
I       2539      3080
I       1536      3081
I       2292      3082
I       4020      3083
I       1407      3084
I       2270      3085
I        495      3086
I       2656      3087
I       2088      3088
I       1241      3089
I       2341      3090
I       2954      3091
I       1864      3092
I       2553      3093
I        726      3094
I       2104      3095
I        192      3096
I       3296      3097
I       1148      3098
I        586      3099
I       3488      3100
I       2011      3101
I       3257      3102
I       2179      3103
I       2235      3104
I       2678      3105
I       1885      3106
I       2768      3107
I       2261      3108
I       2925      3109
I        858      3110
I       1115      3111
I       1405      3112
I       4042      3113
I       2970      3114
I       3751      3115
I       3110      3116
I       3996      3117
I       2861      3118
I       1644      3119
I       2072      3120
I       3404      3121
I       2042      3122
I       4009      3123
I       1934      3124
I       3550      3125
I       1399      3126
I       2262      3127
I        116      3128
I        637      3129
I       2681      3130
I       2389      3131
I       3004      3132
I        503      3133
I        599      3134
I        326      3135
I       1401      3136
I       1674      3137
I       3797      3138
I       1714      3139
I       1163      3140
I       1940      3141
I        870      3142
I       2347      3143
I       2356      3144
I       3980      3145
I       3529      3146
I        541      3147
I        506      3148
I       2420      3149
I       3991      3150
I        663      3151
I       1425      3152
I       2892      3153
I       2919      3154
I       3303      3155
I       3921      3156
I       3434      3157
I       3295      3158
I        585      3159
I       3394      3160
I       3715      3161
I       2228      3162
I        577      3163
I       1138      3164
I       2034      3165
I       2630      3166
I       2405      3167
I       4056      3168
I        666      3169
I        397      3170
I         22      3171
I       1538      3172
I       3545      3173
I       3989      3174
I       1382      3175
I       2673      3176
I       3914      3177
I        169      3178
I       1744      3179
I       2566      3180
I       1108      3181
I        258      3182
I       1262      3183
I        506      3184
I        352      3185
I       1569      3186
I       3503      3187
I       2253      3188
I       2460      3189
I        613      3190
I       3226      3191
I        304      3192
I       3583      3193
I       2120      3194
I        484      3195
I       3276      3196
I        441      3197
I       2983      3198
I       1635      3199
I       3427      3200
I        751      3201
I       1755      3202
I       2827      3203
I       1673      3204
I        562      3205
I        515      3206
I       3198      3207
I       2297      3208
I       1180      3209
I       4047      3210
I        140      3211
I       2130      3212
I       1858      3213
I       3291      3214
I       1914      3215
I       2475      3216
I       4065      3217
I       3448      3218
I       3496      3219
I       3370      3220
I        365      3221
I       3817      3222
I       1076      3223
I         24      3224
I       2847      3225
I       3314      3226
I       1660      3227
I       2866      3228
I       1541      3229
I        196      3230
I       4045      3231
I       2739      3232
I       3022      3233
I        840      3234
I       2555      3235
I       3250      3236
I       3651      3237
I       2640      3238
I       2876      3239
I       3347      3240
I        735      3241
I       1433      3242
I       3581      3243
I       4010      3244
I       1664      3245
I        547      3246
I       3659      3247
I        496      3248
I        109      3249
I       3248      3250
I       2132      3251
I        789      3252
I       1123      3253
I       3808      3254
I       2288      3255
I       3420      3256
I       1739      3257
I       2364      3258
I       2058      3259
I        998      3260
I       1142      3261
I       1827      3262
I        289      3263
I       4095      3264
I       1597      3265
I       1143      3266
I       2138      3267
I       3250      3268
I         89      3269
I       3282      3270
I        629      3271
I       2551      3272
I       4012      3273
I        666      3274
I       3341      3275
I        526      3276
I       4039      3277
I       1696      3278
I       1729      3279
I       3507      3280
I       3451      3281
I        489      3282
I       2174      3283
I       2265      3284
I       3065      3285
I       3301      3286
I       1356      3287
I        930      3288
I        941      3289
I       1607      3290
I       3563      3291
I       3987      3292
I        179      3293
I       2119      3294
I       1766      3295
I        404      3296
I        125      3297
I       2687      3298
I        980      3299
I       2748      3300
I       3869      3301
I       1314      3302
I       1500      3303
I       1118      3304
I       1325      3305
I       3663      3306
I       3008      3307
I       3851      3308
I        753      3309
I       2728      3310
I       1373      3311
I        150      3312
I       2828      3313
I       2522      3314
I       3852      3315
I       1631      3316
I        145      3317
I       3344      3318
I       3463      3319
I       2410      3320
I       3829      3321
I       3680      3322
I        529      3323
I       3404      3324
I       2752      3325
I        881      3326
I        384      3327
I        753      3328
I       3542      3329
I       2910      3330
I        653      3331
I       4092      3332
I       2304      3333
I       1076      3334
I       1191      3335
I        948      3336
I       2218      3337
I       1202      3338
I       2216      3339
I        856      3340
I         92      3341
I       1509      3342
I       3717      3343
I       2818      3344
I       1790      3345
I       2554      3346
I       2421      3347
I       3152      3348
I       1266      3349
I       1688      3350
I       2900      3351
I       1617      3352
I         36      3353
I       1919      3354
I       2246      3355
I       1825      3356
I       1246      3357
I       1194      3358
I       1240      3359
I        175      3360
I        792      3361
I       2480      3362
I       2530      3363
I       3738      3364
I       3154      3365
I       3049      3366
I       3594      3367
I       2895      3368
I       3180      3369
I        648      3370
I       2155      3371
I       3157      3372
I        593      3373
I       1664      3374
I       3349      3375
I       1948      3376
I       1805      3377
I       3075      3378
I        483      3379
I          9      3380
I       3009      3381
I       3553      3382
I       1783      3383
I       3941      3384
I        121      3385
I        235      3386
I       1534      3387
I       3479      3388
I       1058      3389
I        450      3390
I        662      3391
I       3016      3392
I       1463      3393
I        235      3394
I       3538      3395
I       1171      3396
I       1524      3397
I        674      3398
I        290      3399
I        307      3400
I       1173      3401
I        221      3402
I       2053      3403
I       1021      3404
I        515      3405
I       3639      3406
I        528      3407
I       2265      3408
I       3406      3409
I       1172      3410
I       2543      3411
I        373      3412
I       3000      3413
I       2534      3414
I       2552      3415
I       1610      3416
I       2903      3417
I       4007      3418
I       2753      3419
I       3033      3420
I       1380      3421
I       3548      3422
I       2200      3423
I       1062      3424
I       1429      3425
I       1555      3426
I       2900      3427
I        801      3428
I       3999      3429
I        471      3430
I        963      3431
I        980      3432
I       1571      3433
I       1436      3434
I       1174      3435
I        763      3436
I        928      3437
I        681      3438
I       2056      3439
I        658      3440
I       2181      3441
I       3172      3442
I       3607      3443
I       3677      3444
I       3453      3445
I         14      3446
I       2581      3447
I         96      3448
I        120      3449
I       1299      3450
I       3568      3451
I       2358      3452
I       1962      3453
I       2545      3454
I       3538      3455
I       3145      3456
I       1670      3457
I       2465      3458
I       3059      3459
I       1239      3460
I        213      3461
I        596      3462
I       2487      3463
I       2023      3464
I        421      3465
I       1223      3466
I        954      3467
I       1374      3468
I       3688      3469
I       2478      3470
I       2761      3471
I       3116      3472
I        341      3473
I       1835      3474
I       2886      3475
I       3771      3476
I       2381      3477
I       3627      3478
I        345      3479
I       3024      3480
I        201      3481
I       1210      3482
I       4072      3483
I       2844      3484
I       1350      3485
I       2774      3486
I       2816      3487
I         43      3488
I       1974      3489
I        681      3490
I       2300      3491
I       3692      3492
I       2636      3493
I        855      3494
I       3872      3495
I       2040      3496
I        187      3497
I        116      3498
I        725      3499
I        228      3500
I       2463      3501
I       3057      3502
I        598      3503
I        389      3504
I        956      3505
I       2601      3506
I       3426      3507
I       3795      3508
I        830      3509
I       2795      3510
I       2785      3511
I        926      3512
I        156      3513
I       2373      3514
I       3188      3515
I       3655      3516
I       1816      3517
I       3260      3518
I       2193      3519
I       3142      3520
I       2385      3521
I       1851      3522
I       3834      3523
I       3680      3524
I       1854      3525
I       1296      3526
I       1876      3527
I        595      3528
I        371      3529
I        150      3530
I       1298      3531
I       3663      3532
I       2305      3533
I        674      3534
I        990      3535
I       3894      3536
I       1642      3537
I       3836      3538
I        270      3539
I       1367      3540
I        496      3541
I       2761      3542
I       2696      3543
I       1009      3544
I       2775      3545
I       1299      3546
I       4042      3547
I       2180      3548
I       1320      3549
I       1012      3550
I       1306      3551
I        838      3552
I       1222      3553
I       3277      3554
I       3241      3555
I       2296      3556
I       1877      3557
I       2567      3558
I       1746      3559
I       1327      3560
I       2710      3561
I       1976      3562
I        196      3563
I       3021      3564
I       2459      3565
I        157      3566
I        115      3567
I       1719      3568
I       4005      3569
I       2656      3570
I        130      3571
I       1988      3572
I       2158      3573
I       2019      3574
I        879      3575
I       3622      3576
I        361      3577
I       1183      3578
I       1340      3579
I        105      3580
I       3433      3581
I       2357      3582
I         30      3583
I       1051      3584
I       1013      3585
I       2063      3586
I       2721      3587
I       1153      3588
I        256      3589
I        303      3590
I       1266      3591
I        765      3592
I       2443      3593
I       1298      3594
I        825      3595
I       2148      3596
I        676      3597
I       1167      3598
I       2729      3599
I       3846      3600
I        399      3601
I       1564      3602
I          3      3603
I       1918      3604
I        131      3605
I         15      3606
I       3673      3607
I        925      3608
I       2934      3609
I       3388      3610
I       2281      3611
I       2670      3612
I       4054      3613
I        892      3614
I       3504      3615
I        172      3616
I       2674      3617
I       1841      3618
I       3865      3619
I       1142      3620
I       3156      3621
I       3097      3622
I       2676      3623
I       1650      3624
I       1368      3625
I       1040      3626
I        601      3627
I        464      3628
I       2566      3629
I       1203      3630
I       1141      3631
I       3171      3632
I       1437      3633
I       2548      3634
I        118      3635
I        486      3636
I        500      3637
I       1285      3638
I       3034      3639
I        743      3640
I       2241      3641
I       3643      3642
I         42      3643
I       1815      3644
I        695      3645
I       2198      3646
I         88      3647
I       1538      3648
I       3543      3649
I       3805      3650
I       1581      3651
I        283      3652
I       1850      3653
I        889      3654
I       3064      3655
I       3445      3656
I          2      3657
I       2382      3658
I       2201      3659
I       2641      3660
I       2047      3661
I       3895      3662
I       3478      3663
I       2836      3664
I       4021      3665
I       3315      3666
I       2230      3667
I       2775      3668
I       1244      3669
I       1366      3670
I       2053      3671
I       2508      3672
I       1052      3673
I       1770      3674
I       3213      3675
I       1535      3676
I       1483      3677
I        863      3678
I       1213      3679
I       3893      3680
I        894      3681
I        563      3682
I        279      3683
I       1471      3684
I        921      3685
I       2446      3686
I       1529      3687
I       3683      3688
I       3987      3689
I        301      3690
I       3378      3691
I       3087      3692
I        715      3693
I       2215      3694
I       2945      3695
I       2111      3696
I        581      3697
I        174      3698
I       3605      3699
I        375      3700
I       1824      3701
I       3490      3702
I       1603      3703
I       1758      3704
I        629      3705
I        711      3706
I       4078      3707
I        874      3708
I        322      3709
I       3116      3710
I       2284      3711
I       2384      3712
I       3367      3713
I        600      3714
I       1172      3715
I       3541      3716
I        860      3717
I       3576      3718
I       2485      3719
I        565      3720
I       1897      3721
I       4060      3722
I       1100      3723
I        485      3724
I       1154      3725
I       1002      3726
I       1989      3727
I       3141      3728
I       1106      3729
I        709      3730
I       1860      3731
I       2291      3732
I       3830      3733
I       2476      3734
I       2171      3735
I       2455      3736
I       1134      3737
I        458      3738
I       2301      3739
I       3150      3740
I       1234      3741
I       3895      3742
I         66      3743
I       2371      3744
I       1423      3745
I       1349      3746
I       1478      3747
I       2441      3748
I       1460      3749
I       2261      3750
I        434      3751
I       3229      3752
I       3268      3753
I        522      3754
I       2294      3755
I        779      3756
I       3864      3757
I       4041      3758
I       2541      3759
I       3720      3760
I       3315      3761
I       1092      3762
I       2617      3763
I        533      3764
I       2574      3765
I       2535      3766
I       1902      3767
I         43      3768
I       1873      3769
I        560      3770
I       2100      3771
I       3127      3772
I        270      3773
I       1499      3774
I        310      3775
I       2452      3776
I       1417      3777
I       3761      3778
I        446      3779
I       4083      3780
I       2454      3781
I         23      3782
I       2797      3783
I        553      3784
I        398      3785
I        487      3786
I       3067      3787
I       2977      3788
I       3543      3789
I       1624      3790
I        682      3791
I       2916      3792
I       2339      3793
I       1130      3794
I       2368      3795
I       2927      3796
I        572      3797
I       1431      3798
I       1672      3799
I        954      3800
I       1975      3801
I       3586      3802
I       3414      3803
I       3549      3804
I       2423      3805
I        619      3806
I        740      3807
I       2030      3808
I       2934      3809
I       2960      3810
I       1297      3811
I       1001      3812
I       2630      3813
I       2911      3814
I       1115      3815
I       1228      3816
I       3445      3817
I       2678      3818
I       1372      3819
I       3456      3820
I       1564      3821
I       3883      3822
I        522      3823
I       1657      3824
I       3955      3825
I       1437      3826
I       1111      3827
I       1863      3828
I       2908      3829
I       2921      3830
I        319      3831
I       3951      3832
I        587      3833
I       4078      3834
I        580      3835
I       2133      3836
I       3021      3837
I       2312      3838
I       2402      3839
I        103      3840
I        608      3841
I       1382      3842
I       2229      3843
I       2726      3844
I        598      3845
I       2580      3846
I       1435      3847
I        446      3848
I       3892      3849
I        852      3850
I       1409      3851
I        812      3852
I       1502      3853
I       3202      3854
I       2280      3855
I       3723      3856
I       3403      3857
I       3287      3858
I       3874      3859
I       2256      3860
I       3062      3861
I       3961      3862
I        248      3863
I        221      3864
I       2932      3865
I       1039      3866
I        366      3867
I        351      3868
I       2109      3869
I       3120      3870
I        487      3871
I       2848      3872
I        961      3873
I       2520      3874
I        629      3875
I       2224      3876
I       3656      3877
I       1879      3878
I        345      3879
I       2882      3880
I        859      3881
I        324      3882
I       1188      3883
I       2149      3884
I        648      3885
I        640      3886
I       1546      3887
I        298      3888
I       1033      3889
I       3883      3890
I       2954      3891
I       2674      3892
I       1894      3893
I       1169      3894
I       2858      3895
I       2542      3896
I       1453      3897
I        786      3898
I       4008      3899
I       1342      3900
I       3091      3901
I       1606      3902
I       3574      3903
I        895      3904
I       2138      3905
I       3889      3906
I       1262      3907
I       2759      3908
I        448      3909
I       2919      3910
I        895      3911
I       1556      3912
I       2570      3913
I       2781      3914
I       2686      3915
I       3401      3916
I       3704      3917
I        284      3918
I        998      3919
I         42      3920
I        236      3921
I       2393      3922
I        633      3923
I       3105      3924
I       2300      3925
I       1032      3926
I       2566      3927
I       3668      3928
I       3395      3929
I       2048      3930
I       2522      3931
I       1421      3932
I        864      3933
I       4049      3934
I        215      3935
I       3340      3936
I       2992      3937
I       2849      3938
I        762      3939
I       1066      3940
I       2861      3941
I       3315      3942
I        820      3943
I       1965      3944
I       2626      3945
I       1482      3946
I       3382      3947
I       3981      3948
I       3080      3949
I        440      3950
I       3678      3951
I       2168      3952
I       2788      3953
I       1043      3954
I       1806      3955
I        254      3956
I       1412      3957
I       1209      3958
I       1716      3959
I       3969      3960
I       1260      3961
I       2467      3962
I       1146      3963
I       2579      3964
I       1381      3965
I       2924      3966
I        833      3967
I        805      3968
I        284      3969
I       1973      3970
I       3915      3971
I       1823      3972
I       2539      3973
I        305      3974
I        470      3975
I       2016      3976
I       2690      3977
I       2050      3978
I       2565      3979
I       3896      3980
I       2545      3981
I       1601      3982
I       1392      3983
I       1902      3984
I       2402      3985
I       1583      3986
I       2436      3987
I        763      3988
I       3922      3989
I       2276      3990
I       4029      3991
I       3510      3992
I       1682      3993
I       1295      3994
I       1843      3995
I       3062      3996
I       1727      3997
I        441      3998
I       1539      3999
I       1558      4000
I       2647      4001
I       3720      4002
I        905      4003
I       3987      4004
I       3219      4005
I       2884      4006
I       2537      4007
I       2015      4008
I       1288      4009
I       1495      4010
I       1021      4011
I       3193      4012
I       1432      4013
I       2012      4014
I       1002      4015
I       3625      4016
I         71      4017
I       1882      4018
I       1188      4019
I       3667      4020
I       1696      4021
I       2327      4022
I        738      4023
I       3604      4024
I       3046      4025
I       1932      4026
I        446      4027
I       2550      4028
I       3258      4029
I        887      4030
I        782      4031
I        466      4032
I       3383      4033
I        320      4034
I       3593      4035
I        359      4036
I       2691      4037
I       1889      4038
I       2937      4039
I       3830      4040
I       1300      4041
I        632      4042
I       2177      4043
I       2033      4044
I       1921      4045
I       3464      4046
I       1667      4047
I        935      4048
I       2091      4049
I        793      4050
I       2476      4051
I       2791      4052
I       2228      4053
I       3909      4054
I       2723      4055
I       3380      4056
I       1776      4057
I       2910      4058
I       2880      4059
I       1763      4060
I       1567      4061
I         40      4062
I       2753      4063
I        154      4064
I       4052      4065
I       3629      4066
I       2309      4067
I        850      4068
I       3452      4069
I       3328      4070
I       1400      4071
I       1344      4072
I       1625      4073
I       2560      4074
I       3079      4075
I        433      4076
I       3363      4077
I       3688      4078
I       2901      4079
I        753      4080
I       1813      4081
I       2191      4082
I        871      4083
I       2666      4084
I       2214      4085
I       3793      4086
I       1162      4087
I       2149      4088
I        241      4089
I       1068      4090
I       2634      4091
I       3580      4092
I       1613      4093
I        260      4094
I       1914      4095
E
E
E
E
E
E
E
E
E
E
E
E
E
E
E
E
E
E
E
E
E
E
E
E
E
E
E
E
E
E
E
E
E
E
E
E
E
E
E
E
E
E
E
E
E
E
E
E
E
E
E
E
E
E
E
E
E
E
E
E
E
E
E
E
E
E
E
E
E
E
E
E
E
E
E
E
E
E
E
E
E
E
E
E
E
E
E
E
E
E
E
E
E
E
E
E
E
E
E
E
E
E
E
E
E
E
E
E
E
E
E
E
E
E
E
E
E
E
E
E
E
E
E
E
E
E
E
E
E
E
E
E
E
E
E
E
E
E
E
E
E
E
E
E
E
E
E
E
E
E
E
E
E
E
E
E
E
E
E
E
E
E
E
E
E
E
E
E
E
E
E
E
E
E
E
E
E
E
E
E
E
E
E
E
E
E
E
E
E
E
E
E
E
E
E
E
E
E
E
E
E
E
E
E
E
E
E
E
E
E
E
E
E
E
E
E
E
E
E
E
E
E
E
E
E
E
E
E
E
E
E
E
E
E
E
E
E
E
E
E
E
E
E
E
E
E
E
E
E
E
E
E
E
E
E
E
E
E
E
E
E
E
E
E
E
E
E
E
E
E
E
E
E
E
E
E
E
E
E
E
E
E
E
E
E
E
E
E
E
E
E
E
E
E
E
E
E
E
E
E
E
E
E
E
E
E
E
E
E
E
E
E
E
E
E
E
E
E
E
E
E
E
E
E
E
E
E
E
E
E
E
E
E
E
E
E
E
E
E
E
E
E
E
E
E
E
E
E
E
E
E
E
E
E
E
E
E
E
E
E
E
E
E
E
E
E
E
E
E
E
E
E
E
E
E
E
E
E
E
E
E
E
E
E
E
E
E
E
E
E
E
E
E
E
E
E
E
E
E
E
E
E
E
E
E
E
E
E
E
E
E
E
E
E
E
E
E
E
E
E
E
E
E
E
E
E
E
E
E
E
E
E
E
E
E
E
E
E
E
E
E
E
E
E
E
E
E
E
E
E
E
E
E
E
E
E
E
E
E
E
E
E
E
E
E
E
E
E
E
E
E
E
E
E
E
E
E
E
E
E
E
E
E
E
E
E
E
E
E
E
E
E
E
E
E
E
E
E
E
E
E
E
E
E
E
E
E
E
E
E
E
E
E
E
E
E
E
E
E
E
E
E
E
E
E
E
E
E
E
E
E
E
E
E
E
E
E
E
E
E
E
E
E
E
E
E
E
E
E
E
E
E
E
E
E
E
E
E
E
E
E
E
E
E
E
E
E
E
E
E
E
E
E
E
E
E
E
E
E
E
E
E
E
E
E
E
E
E
E
E
E
E
E
E
E
E
E
E
E
E
E
E
E
E
E
E
E
E
E
E
E
E
E
E
E
E
E
E
E
E
E
E
E
E
E
E
E
E
E
E
E
E
E
E
E
E
E
E
E
E
E
E
E
E
E
E
E
E
E
E
E
E
E
E
E
E
E
E
E
E
E
E
E
E
E
E
E
E
E
E
E
E
E
E
E
E
E
E
E
E
E
E
E
E
E
E
E
E
E
E
E
E
E
E
E
E
E
E
E
E
E
E
E
E
E
E
E
E
E
E
E
E
E
E
E
E
E
E
E
E
E
E
E
E
E
E
E
E
E
E
E
E
E
E
E
E
E
E
E
E
E
E
E
E
E
E
E
E
E
E
E
E
E
E
E
E
E
E
E
E
E
E
E
E
E
E
E
E
E
E
E
E
E
E
E
E
E
E
E
E
E
E
E
E
E
E
E
E
E
E
E
E
E
E
E
E
E
E
E
E
E
E
E
E
E
E
E
E
E
E
E
E
E
E
E
E
E
E
E
E
E
E
E
E
E
E
E
E
E
E
E
E
E
E
E
E
E
E
E
E
E
E
E
E
E
E
E
E
E
E
E
E
E
E
E
E
E
E
E
E
E
E
E
E
E
E
E
E
E
E
E
E
E
E
E
E
E
E
E
E
E
E
E
E
E
E
E
E
E
E
E
E
E
E
E
E
E
E
E
E
E
E
E
E
E
E
E
E
E
E
E
E
E
E
E
E
E
E
E
E
E
E
E
E
E
E
E
E
E
E
E
E
E
E
E
E
E
E
E
E
E
E
E
E
E
E
E
E
E
E
E
E
E
E
E
E
E
E
E
E
E
E
E
E
E
E
E
E
E
E
E
E
E
E
E
E
E
E
E
E
E
E
E
E
E
E
E
E
E
E
E
E
E
E
E
E
E
E
E
E
E
E
E
E
E
E
E
E
E
E
E
E
E
E
E
E
E
E
E
E
E
E
E
E
E
E
E
E
E
E
E
E
E
E
E
E
E
E
E
E
E
E
E
E
E
E
E
E
E
E
E
E
E
E
E
E
E
E
E
E
E
E
E
E
E
E
E
E
E
E
E
E
E
E
E
E
E
E
E
E
E
E
E
E
E
E
E
E
E
E
E
E
E
E
E
E
E
E
E
E
E
E
E
E
E
E
E
E
E
E
E
E
E
E
E
E
E
E
E
E
E
E
E
E
E
E
E
E
E
E
E
E
E
E
E
E
E
E
E
E
E
E
E
E
E
E
E
E
E
E
E
E
E
E
E
E
E
E
E
E
E
E
E
E
E
E
E
E
E
E
E
E
E
E
E
E
E
E
E
E
E
E
E
E
E
E
E
E
E
E
E
E
E
E
E
E
E
E
E
E
E
E
E
E
E
E
E
E
E
E
E
E
E
E
E
E
E
E
E
E
E
E
E
E
E
E
E
E
E
E
E
E
E
E
E
E
E
E
E
E
E
E
E
E
E
E
E
E
E
E
E
E
E
E
E
E
E
E
E
E
E
E
E
E
E
E
E
E
E
E
E
E
E
E
E
E
E
E
E
E
E
E
E
E
E
E
E
E
E
E
E
E
E
E
E
E
E
E
E
E
E
E
E
E
E
E
E
E
E
E
E
E
E
E
E
E
E
E
E
E
E
E
E
E
E
E
E
E
E
E
E
E
E
E
E
E
E
E
E
E
E
E
E
E
E
E
E
E
E
E
E
E
E
E
E
E
E
E
E
E
E
E
E
E
E
E
E
E
E
E
E
E
E
E
E
E
E
E
E
E
E
E
E
E
E
E
E
E
E
E
E
E
E
E
E
E
E
E
E
E
E
E
E
E
E
E
E
E
E
E
E
E
E
E
E
E
E
E
E
E
E
E
E
E
E
E
E
E
E
E
E
E
E
E
E
E
E
E
E
E
E
E
E
E
E
E
E
E
E
E
E
E
E
E
E
E
E
E
E
E
E
E
E
E
E
E
E
E
E
E
E
E
E
E
E
E
E
E
E
E
E
E
E
E
E
E
E
E
E
E
E
E
E
E
E
E
E
E
E
E
E
E
E
E
E
E
E
E
E
E
E
E
E
E
E
E
E
E
E
E
E
E
E
E
E
E
E
E
E
E
E
E
E
E
E
E
E
E
E
E
E
E
E
E
E
E
E
E
E
E
E
E
E
E
E
E
E
E
E
E
E
E
E
E
E
E
E
E
E
E
E
E
E
E
E
E
E
E
E
E
E
E
E
E
E
E
E
E
E
E
E
E
E
E
E
E
E
E
E
E
E
E
E
E
E
E
E
E
E
E
E
E
E
E
E
E
E
E
E
E
E
E
E
E
E
E
E
E
E
E
E
E
E
E
E
E
E
E
E
E
E
E
E
E
E
E
E
E
E
E
E
E
E
E
E
E
E
E
E
E
E
E
E
E
E
E
E
E
E
E
E
E
E
E
E
E
E
E
E
E
E
E
E
E
E
E
E
E
E
E
E
E
E
E
E
E
E
E
E
E
E
E
E
E
E
E
E
E
E
E
E
E
E
E
E
E
E
E
E
E
E
E
E
E
E
E
E
E
E
E
E
E
E
E
E
E
E
E
E
E
E
E
E
E
E
E
E
E
E
E
E
E
E
E
E
E
E
E
E
E
E
E
E
E
E
E
E
E
E
E
E
E
E
E
E
E
E
E
E
E
E
E
E
E
E
E
E
E
E
E
E
E
E
E
E
E
E
E
E
E
E
E
E
E
E
E
E
E
E
E
E
E
E
E
E
E
E
E
E
E
E
E
E
E
E
E
E
E
E
E
E
E
E
E
E
E
E
E
E
E
E
E
E
E
E
E
E
E
E
E
E
E
E
E
E
E
E
E
E
E
E
E
E
E
E
E
E
E
E
E
E
E
E
E
E
E
E
E
E
E
E
E
E
E
E
E
E
E
E
E
E
E
E
E
E
E
E
E
E
E
E
E
E
E
E
E
E
E
E
E
E
E
E
E
E
E
E
E
E
E
E
E
E
E
E
E
E
E
E
E
E
E
E
E
E
E
E
E
E
E
E
E
E
E
E
E
E
E
E
E
E
E
E
E
E
E
E
E
E
E
E
E
E
E
E
E
E
E
E
E
E
E
E
E
E
E
E
E
E
E
E
E
E
E
E
E
E
E
E
E
E
E
E
E
E
E
E
E
E
E
E
E
E
E
E
E
E
E
E
E
E
E
E
E
E
E
E
E
E
E
E
E
E
E
E
E
E
E
E
E
E
E
E
E
E
E
E
E
E
E
E
E
E
E
E
E
E
E
E
E
E
E
E
E
E
E
E
E
E
E
E
E
E
E
E
E
E
E
E
E
E
E
E
E
E
E
E
E
E
E
E
E
E
E
E
E
E
E
E
E
E
E
E
E
E
E
E
E
E
E
E
E
E
E
E
E
E
E
E
E
E
E
E
E
E
E
E
E
E
E
E
E
E
E
E
E
E
E
E
E
E
E
E
E
E
E
E
E
E
E
E
E
E
E
E
E
E
E
E
E
E
E
E
E
E
E
E
E
E
E
E
E
E
E
E
E
E
E
E
E
E
E
E
E
E
E
E
E
E
E
E
E
E
E
E
E
E
E
E
E
E
E
E
E
E
E
E
E
E
E
E
E
E
E
E
E
E
E
E
E
E
E
E
E
E
E
E
E
E
E
E
E
E
E
E
E
E
E
E
E
E
E
E
E
E
E
E
E
E
E
E
E
E
E
E
E
E
E
E
E
E
E
E
E
E
E
E
E
E
E
E
E
E
E
E
E
E
E
E
E
E
E
E
E
E
E
E
E
E
E
E
E
E
E
E
E
E
E
E
E
E
E
E
E
E
E
E
E
E
E
E
E
E
E
E
E
E
E
E
E
E
E
E
E
E
E
E
E
E
E
E
E
E
E
E
E
E
E
E
E
E
E
E
E
E
E
E
E
E
E
E
E
E
E
E
E
E
E
E
E
E
E
E
E
E
E
E
E
E
E
E
E
E
E
E
E
E
E
E
E
E
E
E
E
E
E
E
E
E
E
E
E
E
E
E
E
E
E
E
E
E
E
E
E
E
E
E
E
E
E
E
E
E
E
E
E
E
E
E
E
E
E
E
E
E
E
E
E
E
E
E
E
E
E
E
E
E
E
E
E
E
E
E
E
E
E
E
E
E
E
E
E
E
E
E
E
E
E
E
E
E
E
E
E
E
E
E
E
E
E
E
E
E
E
E
E
E
E
E
E
E
E
E
E
E
E
E
E
E
E
E
E
E
E
E
E
E
E
E
E
E
E
E
E
E
E
E
E
E
E
E
E
E
E
E
E
E
E
E
E
E
E
E
E
E
E
E
E
E
E
E
E
E
E
E
E
E
E
E
E
E
E
E
E
E
E
E
E
E
E
E
E
E
E
E
E
E
E
E
E
E
E
E
E
E
E
E
E
E
E
E
E
E
E
E
E
E
E
E
E
E
E
E
E
E
E
E
E
E
E
E
E
E
E
E
E
E
E
E
E
E
E
E
E
E
E
E
E
E
E
E
E
E
E
E
E
E
E
E
E
E
E
E
E
E
E
E
E
E
E
E
E
E
E
E
E
E
E
E
E
E
E
E
E
E
E
E
E
E
E
E
E
E
E
E
E
E
E
E
E
E
E
E
E
E
E
E
E
E
E
E
E
E
E
E
E
E
E
E
E
E
E
E
E
E
E
E
E
E
E
E
E
E
E
E
E
E
E
E
E
E
E
E
E
E
E
E
E
E
E
E
E
E
E
E
E
E
E
E
E
E
E
E
E
E
E
E
E
E
E
E
E
E
E
E
E
E
E
E
E
E
E
E
E
E
E
E
E
E
E
E
E
E
E
E
E
E
E
E
E
E
E
E
E
E
E
E
E
E
E
E
E
E
E
E
E
E
E
E
E
E
E
E
E
E
E
E
E
E
E
E
E
E
E
E
E
E
E
E
E
E
E
E
E
E
E
E
E
E
E
E
E
E
E
E
E
E
E
E
E
E
E
E
E
E
E
E
E
E
E
E
E
E
E
E
E
E
E
E
E
E
E
E
E
E
E
E
E
E
E
E
E
E
E
E
E
E
E
E
E
E
E
E
E
E
E
E
E
E
E
E
E
E
E
E
E
E
E
E
E
E
E
E
E
E
E
E
E
E
E
E
E
E
E
E
E
E
E
E
E
E
E
E
E
E
E
E
E
E
E
E
E
E
E
E
E
E
E
E
E
E
E
E
E
E
E
E
E
E
E
E
E
E
E
E
E
E
E
E
E
E
E
E
E
E
E
E
E
E
E
E
E
E
E
E
E
E
E
E
E
E
E
E
E
E
E
E
E
E
E
E
E
E
E
E
E
E
E
E
E
E
E
E
E
E
E
E
E
E
E
E
E
E
E
E
E
E
E
E
E
E
E
E
E
E
E
E
E
E
E
E
E
E
E
E
E
E
E
E
E
E
E
E
E
E
E
E
E
E
E
E
E
E
E
E
E
E
E
E
E
E
E
E
E
E
E
E
E
E
E
E
E
E
E
E
E
E
E
E
E
E
E
E
E
E
E
E
E
E
E
E
E
E
E
E
E
E
E
E
E
E
E
E
E
E
E
E
E
E
E
E
E
E
E
E
E
E
E
E
E
E
E
E
E
E
E
E
E
E
E
E
E
E
E
E
E
E
E
E
E
E
E
E
E
E
E
E
E
E
E
E
E
E
E
E
E
E
E
E
E
E
E
E
E
E
E
E
E
E
E
E
E
E
E
E
E
E
E
E
E
E
E
E
E
E
E
E
E
E
E
E
E
E
E
E
E
E
E
E
E
E
E
E
E
E
E
E
E
E
E
E
E
E
E
E
E
E
E
E
E
E
E
E
E
E
E
E
E
E
E
E
E
E
E
E
E
E
E
E
E
E
E
E
E
E
E
E
E
E
E
E
E
E
E
E
E
E
E
E
E
E
E
E
E
E
E
E
E
E
E
E
E
E
E
E
E
E
E
E
E
E
E
E
E
E
E
E
E
E
E
E
E
E
E
E
E
E
E
E
E
E
E
E
E
E
E
E
E
E
E
E
E
E
E
E
E
E
E
E
E
E
E
E
E
E
E
E
E
E
E
E
E
E
E
E
E
E
E
E
E
E
E
E
E
E
E
E
E
E
E
E
E
E
E
E
E
E
E
E
E
E
E
E
E
E
E
E
E
E
E
E
E
E
E
E
E
E
E
E
E
E
E
E
E
E
E
E
E
E
E
E
E
E
E
E
E
E
E
E
E
E
E
E
E
E
E
E
E
E
E
E
E
E
E
E
E
E
E
E
E
E
E
E
E
E
E
E
E
E
E
E
E
E
E
E
E
E
E
E
E
E
E
E
E
E
E
E
E
E
E
E
E
E
E
E
E
E
E
E
E
E
E
E
E
E
E
E
E
E
E
E
E
E
E
E
E
E
E
E
E
E
E
E
E
E
E
E
E
E
E
E
E
E
E
E
E
E
E
E
E
E
E
E
E
E
E
E
E
E
E
E
E
E
E
E
E
E
E
E
E
E
E
E
E
E
E
E
E
E
E
E
E
E
E
E
E
E
E
E
E
E
E
E
E
E
E
E
E
E
E
E
E
E
E
E
E
E
E
E
E
E
E
E
E
E
E
E
E
E
E
E
E
E
E
E
E
E
E
E
E
E
E
E
E
E
E
E
E
E
E
E
E
E
E
E
E
E
E
E
E
E
E
E
E
E
E
E
E
E
E
E
E
E
E
E
E
E
E
E
E
E
E
E
E
E
E
E
E
E
E
E
E
E
E
E
E
E
E
E
E
E
E
E
E
E
E
E
E
E
E
E
E
E
E
E
E
E
E
E
E
E
E
E
E
E
E
E
E
E
E
E
E
E
E
E
E
E
E
E
E
E
E
E
E
E
E
E
E
E
E
E
E
E
E
E
E
E
E
E
E
E
E
E
E
E
E
E
E
E
E
E
E
E
E
E
E
E
E
E
E
E
E
E
E
E
E
E
E
E
E
E
E
E
E
E
E
E
E
E
E
E
E
E
E
E
E
E
E
E
E
E
E
E
E
E
E
E
E
E
E
E
E
E
E
E
E
E
E
E
E
E
E
E
E
E
E
E
E
E
E
E
E
E
E
E
E
E
E
E
E
E
E
E
E
E
E
E
E
E
E
E
E
E
E
E
E
E
E
E
E
E
E
E
E
E
E
E
E
E
E
E
E
E
E
E
E
E
E
E
E
E
E
E
E
E
E
E
E
E
E
E
E
E
E
E
E
E
E
E
E
E
E
E
E
E
E
E
E
E
E
E
E
E
E
E
E
E
E
E
E
E
E
E
E
E
E
E
E
E
E
E
E
E
E
E
E
E
E
E
E
E
E
E
E
E
E
E
E
E
E
E
E
E
E
E
E
E
E
E
E
E
E
E
E
E
E
E
E
E
E
E
E
E
E
E
E
E
E
E
E
E
E
E
E
E
E
E
E
E
E
E
E
E
E
E
E
E
E
E
E
E
E
E
E
E
E
E
E
E
E
E
E
E
E
E
E
E
E
E
E
E
E
E
E
E
E
E
E
E
E
E
E
E
E
E
E
E
E
E
E
E
E
E
E
E
E
E
E
E
E
E
E
E
E
E
E
E
E
E
E
E
E
E
E
E
E
E
E
E
E
E
E
E
E
E
E
E
E
E
E
E
E
E
E
E
E
E
E
E
E
E
E
E
E
E
E
E
E
E
E
E
E
E
E
E
E
E
E
E
E
E
E
E
E
E
E
E
E
E
E
E
E
E
E
E
E
E
E
E
E
E
E
E
E
E
E
E
E
E
E
E
E
E
E
E
E
E
E
E
E
E
E
E
E
E
E
E
E
E
E
E
E
E
E
E
E
E
E
E
E
E
E
E
E
E
E
